[22:37:20] [main/INFO] [LaunchWrapper]: Loading tweak class name net.minecraftforge.fml.common.launcher.FMLTweaker
[22:37:20] [main/INFO] [LaunchWrapper]: Using primary tweak class name net.minecraftforge.fml.common.launcher.FMLTweaker
[22:37:20] [main/INFO] [LaunchWrapper]: Loading tweak class name org.spongepowered.asm.launch.MixinTweaker
[22:37:20] [main/DEBUG] [mixin]: Mixin bootstrap service org.spongepowered.asm.service.modlauncher.MixinServiceModLauncherBootstrap is not available: ModLauncher is not available
[22:37:20] [main/DEBUG] [mixin]: MixinService [LaunchWrapper] was successfully booted in sun.misc.Launcher$AppClassLoader@18b4aac2
[22:37:21] [main/INFO] [mixin]: SpongePowered MIXIN Subsystem Version=0.8.3 Source=file:/C:/Users/Evan/.gradle/caches/modules-2/files-2.1/org.spongepowered/mixin/0.8.3-SNAPSHOT/995c9ce930521d4f7a113421fd4b67d184530004/mixin-0.8.3-SNAPSHOT.jar Service=LaunchWrapper Env=CLIENT
[22:37:22] [main/DEBUG] [mixin]: Error cleaning class output directory: .mixin.out
[22:37:22] [main/DEBUG] [mixin]: Adding new mixin transformer proxy #1
[22:37:22] [main/DEBUG] [mixin]: Initialising Mixin Platform Manager
[22:37:22] [main/DEBUG] [mixin]: Adding mixin platform agents for container ContainerHandleURI(file:/C:/Users/Evan/.gradle/caches/modules-2/files-2.1/org.spongepowered/mixin/0.8.3-SNAPSHOT/995c9ce930521d4f7a113421fd4b67d184530004/mixin-0.8.3-SNAPSHOT.jar)
[22:37:22] [main/DEBUG] [mixin]: Instancing new MixinPlatformAgentFMLLegacy for ContainerHandleURI(file:/C:/Users/Evan/.gradle/caches/modules-2/files-2.1/org.spongepowered/mixin/0.8.3-SNAPSHOT/995c9ce930521d4f7a113421fd4b67d184530004/mixin-0.8.3-SNAPSHOT.jar)
[22:37:22] [main/DEBUG] [mixin]: MixinPlatformAgentFMLLegacy rejected container ContainerHandleURI(file:/C:/Users/Evan/.gradle/caches/modules-2/files-2.1/org.spongepowered/mixin/0.8.3-SNAPSHOT/995c9ce930521d4f7a113421fd4b67d184530004/mixin-0.8.3-SNAPSHOT.jar)
[22:37:22] [main/DEBUG] [mixin]: Instancing new MixinPlatformAgentLiteLoaderLegacy for ContainerHandleURI(file:/C:/Users/Evan/.gradle/caches/modules-2/files-2.1/org.spongepowered/mixin/0.8.3-SNAPSHOT/995c9ce930521d4f7a113421fd4b67d184530004/mixin-0.8.3-SNAPSHOT.jar)
[22:37:22] [main/DEBUG] [mixin]: MixinPlatformAgentLiteLoaderLegacy rejected container ContainerHandleURI(file:/C:/Users/Evan/.gradle/caches/modules-2/files-2.1/org.spongepowered/mixin/0.8.3-SNAPSHOT/995c9ce930521d4f7a113421fd4b67d184530004/mixin-0.8.3-SNAPSHOT.jar)
[22:37:22] [main/DEBUG] [mixin]: Instancing new MixinPlatformAgentDefault for ContainerHandleURI(file:/C:/Users/Evan/.gradle/caches/modules-2/files-2.1/org.spongepowered/mixin/0.8.3-SNAPSHOT/995c9ce930521d4f7a113421fd4b67d184530004/mixin-0.8.3-SNAPSHOT.jar)
[22:37:22] [main/DEBUG] [mixin]: MixinPlatformAgentDefault accepted container ContainerHandleURI(file:/C:/Users/Evan/.gradle/caches/modules-2/files-2.1/org.spongepowered/mixin/0.8.3-SNAPSHOT/995c9ce930521d4f7a113421fd4b67d184530004/mixin-0.8.3-SNAPSHOT.jar)
[22:37:22] [main/DEBUG] [mixin]: Scanning file:/C:/Users/Evan/Documents/GitHub/Dragon-Tweaks/bin/main/ for mixin tweaker
[22:37:22] [main/DEBUG] [mixin]: Scanning file:/C:/Users/Evan/Documents/GitHub/Dragon-Tweaks/bin/test/ for mixin tweaker
[22:37:22] [main/DEBUG] [mixin]: Scanning file:/C:/Dragon-Tweaks/bin/default for mixin tweaker
[22:37:22] [main/DEBUG] [mixin]: Scanning file:/C:/Users/Evan/.gradle/caches/modules-2/files-2.1/org.spongepowered/mixin/0.8.3-SNAPSHOT/995c9ce930521d4f7a113421fd4b67d184530004/mixin-0.8.3-SNAPSHOT.jar for mixin tweaker
[22:37:22] [main/DEBUG] [mixin]: Scanning file:/C:/Users/Evan/.gradle/caches/forge_gradle/minecraft_user_repo/net/minecraftforge/forge/1.12.2-14.23.5.2860_mapped_snapshot_20180814-1.12/forge-1.12.2-14.23.5.2860_mapped_snapshot_20180814-1.12-recomp.jar for mixin tweaker
[22:37:22] [main/DEBUG] [mixin]: Scanning file:/C:/Users/Evan/.gradle/caches/forge_gradle/minecraft_repo/versions/1.12.2/client-extra.jar for mixin tweaker
[22:37:22] [main/DEBUG] [mixin]: Scanning file:/C:/Users/Evan/.gradle/caches/modules-2/files-2.1/com.mojang/authlib/1.5.25/9834cdf236c22e84b946bba989e2f94ef5897c3c/authlib-1.5.25.jar for mixin tweaker
[22:37:22] [main/DEBUG] [mixin]: Scanning file:/C:/Users/Evan/.gradle/caches/modules-2/files-2.1/com.google.code.findbugs/jsr305/3.0.1/f7be08ec23c21485b9b5a1cf1654c2ec8c58168d/jsr305-3.0.1.jar for mixin tweaker
[22:37:22] [main/DEBUG] [mixin]: Scanning file:/C:/Users/Evan/.gradle/caches/forge_gradle/maven_downloader/de/oceanlabs/mcp/mcp_snapshot/20180814-1.12/mcp_snapshot-20180814-1.12.zip for mixin tweaker
[22:37:22] [main/DEBUG] [mixin]: Scanning file:/C:/Users/Evan/.gradle/caches/modules-2/files-2.1/net.minecraft/launchwrapper/1.12/111e7bea9c968cdb3d06ef4632bf7ff0824d0f36/launchwrapper-1.12.jar for mixin tweaker
[22:37:22] [main/DEBUG] [mixin]: Scanning file:/C:/Users/Evan/.gradle/caches/modules-2/files-2.1/org.ow2.asm/asm-debug-all/5.2/3354e11e2b34215f06dab629ab88e06aca477c19/asm-debug-all-5.2.jar for mixin tweaker
[22:37:22] [main/DEBUG] [mixin]: Scanning file:/C:/Users/Evan/.gradle/caches/modules-2/files-2.1/org.jline/jline/3.5.1/51800e9d7a13608894a5a28eed0f5c7fa2f300fb/jline-3.5.1.jar for mixin tweaker
[22:37:22] [main/DEBUG] [mixin]: Scanning file:/C:/Users/Evan/.gradle/caches/modules-2/files-2.1/com.typesafe.akka/akka-actor_2.11/2.3.3/ed62e9fc709ca0f2ff1a3220daa8b70a2870078e/akka-actor_2.11-2.3.3.jar for mixin tweaker
[22:37:22] [main/DEBUG] [mixin]: Scanning file:/C:/Users/Evan/.gradle/caches/modules-2/files-2.1/com.typesafe/config/1.2.1/f771f71fdae3df231bcd54d5ca2d57f0bf93f467/config-1.2.1.jar for mixin tweaker
[22:37:22] [main/DEBUG] [mixin]: Scanning file:/C:/Users/Evan/.gradle/caches/modules-2/files-2.1/org.scala-lang/scala-actors-migration_2.11/1.1.0/dfa8bc42b181d5b9f1a5dd147f8ae308b893eb6f/scala-actors-migration_2.11-1.1.0.jar for mixin tweaker
[22:37:22] [main/DEBUG] [mixin]: Scanning file:/C:/Users/Evan/.gradle/caches/modules-2/files-2.1/org.scala-lang/scala-compiler/2.11.1/56ea2e6c025e0821f28d73ca271218b8dd04926a/scala-compiler-2.11.1.jar for mixin tweaker
[22:37:22] [main/DEBUG] [mixin]: Scanning file:/C:/Users/Evan/.gradle/caches/modules-2/files-2.1/org.scala-lang.plugins/scala-continuations-library_2.11/1.0.2_mc/e517c53a7e9acd6b1668c5a35eccbaa3bab9aac/scala-continuations-library_2.11-1.0.2_mc.jar for mixin tweaker
[22:37:22] [main/DEBUG] [mixin]: Scanning file:/C:/Users/Evan/.gradle/caches/modules-2/files-2.1/org.scala-lang.plugins/scala-continuations-plugin_2.11.1/1.0.2_mc/f361a3283452c57fa30c1ee69448995de23c60f7/scala-continuations-plugin_2.11.1-1.0.2_mc.jar for mixin tweaker
[22:37:22] [main/DEBUG] [mixin]: Scanning file:/C:/Users/Evan/.gradle/caches/modules-2/files-2.1/org.scala-lang/scala-reflect/2.11.1/6580347e61cc7f8e802941e7fde40fa83b8badeb/scala-reflect-2.11.1.jar for mixin tweaker
[22:37:22] [main/DEBUG] [mixin]: Scanning file:/C:/Users/Evan/.gradle/caches/modules-2/files-2.1/org.scala-lang/scala-actors/2.11.0/8ccfb6541de179bb1c4d45cf414acee069b7f78b/scala-actors-2.11.0.jar for mixin tweaker
[22:37:22] [main/DEBUG] [mixin]: Scanning file:/C:/Users/Evan/.gradle/caches/modules-2/files-2.1/org.scala-lang.modules/scala-xml_2.11/1.0.2/820fbca7e524b530fdadc594c39d49a21ea0337e/scala-xml_2.11-1.0.2.jar for mixin tweaker
[22:37:22] [main/DEBUG] [mixin]: Scanning file:/C:/Users/Evan/.gradle/caches/modules-2/files-2.1/org.scala-lang.modules/scala-parser-combinators_2.11/1.0.1/f05d7345bf5a58924f2837c6c1f4d73a938e1ff0/scala-parser-combinators_2.11-1.0.1.jar for mixin tweaker
[22:37:22] [main/DEBUG] [mixin]: Scanning file:/C:/Users/Evan/.gradle/caches/modules-2/files-2.1/org.scala-lang/scala-library/2.11.1/e11da23da3eabab9f4777b9220e60d44c1aab6a/scala-library-2.11.1.jar for mixin tweaker
[22:37:22] [main/DEBUG] [mixin]: Scanning file:/C:/Users/Evan/.gradle/caches/modules-2/files-2.1/org.scala-lang/scala-parser-combinators_2.11/1.0.1/f05d7345bf5a58924f2837c6c1f4d73a938e1ff0/scala-parser-combinators_2.11-1.0.1.jar for mixin tweaker
[22:37:22] [main/DEBUG] [mixin]: Scanning file:/C:/Users/Evan/.gradle/caches/modules-2/files-2.1/org.scala-lang/scala-swing_2.11/1.0.1/b1cdd92bd47b1e1837139c1c53020e86bb9112ae/scala-swing_2.11-1.0.1.jar for mixin tweaker
[22:37:22] [main/DEBUG] [mixin]: Scanning file:/C:/Users/Evan/.gradle/caches/modules-2/files-2.1/org.scala-lang/scala-xml_2.11/1.0.2/7a80ec00aec122fba7cd4e0d4cdd87ff7e4cb6d0/scala-xml_2.11-1.0.2.jar for mixin tweaker
[22:37:22] [main/DEBUG] [mixin]: Scanning file:/C:/Users/Evan/.gradle/caches/modules-2/files-2.1/lzma/lzma/0.0.1/521616dc7487b42bef0e803bd2fa3faf668101d7/lzma-0.0.1.jar for mixin tweaker
[22:37:22] [main/DEBUG] [mixin]: Scanning file:/C:/Users/Evan/.gradle/caches/modules-2/files-2.1/java3d/vecmath/1.5.2/79846ba34cbd89e2422d74d53752f993dcc2ccaf/vecmath-1.5.2.jar for mixin tweaker
[22:37:22] [main/DEBUG] [mixin]: Scanning file:/C:/Users/Evan/.gradle/caches/modules-2/files-2.1/net.sf.trove4j/trove4j/3.0.3/42ccaf4761f0dfdfa805c9e340d99a755907e2dd/trove4j-3.0.3.jar for mixin tweaker
[22:37:22] [main/DEBUG] [mixin]: Scanning file:/C:/Users/Evan/.gradle/caches/modules-2/files-2.1/org.apache.maven/maven-artifact/3.5.3/7dc72b6d6d8a6dced3d294ed54c2cc3515ade9f4/maven-artifact-3.5.3.jar for mixin tweaker
[22:37:22] [main/DEBUG] [mixin]: Scanning file:/C:/Users/Evan/.gradle/caches/modules-2/files-2.1/net.sf.jopt-simple/jopt-simple/5.0.3/cdd846cfc4e0f7eefafc02c0f5dce32b9303aa2a/jopt-simple-5.0.3.jar for mixin tweaker
[22:37:22] [main/DEBUG] [mixin]: Scanning file:/C:/Users/Evan/.gradle/caches/modules-2/files-2.1/com.mojang/text2speech/1.10.3/48fd510879dff266c3815947de66e3d4809f8668/text2speech-1.10.3.jar for mixin tweaker
[22:37:22] [main/DEBUG] [mixin]: Scanning file:/C:/Users/Evan/.gradle/caches/modules-2/files-2.1/com.mojang/text2speech/1.10.3/84a4b856389cc4f485275b1f63497a95a857a443/text2speech-1.10.3-natives-windows.jar for mixin tweaker
[22:37:22] [main/DEBUG] [mixin]: Scanning file:/C:/Users/Evan/.gradle/caches/modules-2/files-2.1/org.apache.logging.log4j/log4j-core/2.15.0/ba55c13d7ac2fd44df9cc8074455719a33f375b9/log4j-core-2.15.0.jar for mixin tweaker
[22:37:22] [main/DEBUG] [mixin]: Scanning file:/C:/Users/Evan/.gradle/caches/modules-2/files-2.1/org.apache.logging.log4j/log4j-api/2.15.0/4a5aa7e55a29391c6f66e0b259d5189aa11e45d0/log4j-api-2.15.0.jar for mixin tweaker
[22:37:22] [main/DEBUG] [mixin]: Scanning file:/C:/Users/Evan/.gradle/caches/modules-2/files-2.1/net.minecraftforge/legacydev/0.2.3.1/f2cd4a8c9f09faf1c1e4a9a4c65df36e634f95db/legacydev-0.2.3.1-fatjar.jar for mixin tweaker
[22:37:22] [main/DEBUG] [mixin]: Scanning file:/C:/Users/Evan/.gradle/caches/modules-2/files-2.1/com.mojang/patchy/1.3.9/eb8bb7b66fa0e2152b1b40b3856e82f7619439ee/patchy-1.3.9.jar for mixin tweaker
[22:37:22] [main/DEBUG] [mixin]: Scanning file:/C:/Users/Evan/.gradle/caches/modules-2/files-2.1/oshi-project/oshi-core/1.1/9ddf7b048a8d701be231c0f4f95fd986198fd2d8/oshi-core-1.1.jar for mixin tweaker
[22:37:22] [main/DEBUG] [mixin]: Scanning file:/C:/Users/Evan/.gradle/caches/modules-2/files-2.1/ca.weblite/java-objc-bridge/1.0.0/6ef160c3133a78de015830860197602ca1c855d3/java-objc-bridge-1.0.0.jar for mixin tweaker
[22:37:22] [main/DEBUG] [mixin]: Scanning file:/C:/Users/Evan/.gradle/caches/modules-2/files-2.1/net.java.dev.jna/jna/4.4.0/cb208278274bf12ebdb56c61bd7407e6f774d65a/jna-4.4.0.jar for mixin tweaker
[22:37:22] [main/DEBUG] [mixin]: Scanning file:/C:/Users/Evan/.gradle/caches/modules-2/files-2.1/net.java.dev.jna/platform/3.4.0/e3f70017be8100d3d6923f50b3d2ee17714e9c13/platform-3.4.0.jar for mixin tweaker
[22:37:22] [main/DEBUG] [mixin]: Scanning file:/C:/Users/Evan/.gradle/caches/modules-2/files-2.1/com.ibm.icu/icu4j-core-mojang/51.2/63d216a9311cca6be337c1e458e587f99d382b84/icu4j-core-mojang-51.2.jar for mixin tweaker
[22:37:22] [main/DEBUG] [mixin]: Scanning file:/C:/Users/Evan/.gradle/caches/modules-2/files-2.1/com.paulscode/codecjorbis/20101023/c73b5636faf089d9f00e8732a829577de25237ee/codecjorbis-20101023.jar for mixin tweaker
[22:37:22] [main/DEBUG] [mixin]: Scanning file:/C:/Users/Evan/.gradle/caches/modules-2/files-2.1/com.paulscode/codecwav/20101023/12f031cfe88fef5c1dd36c563c0a3a69bd7261da/codecwav-20101023.jar for mixin tweaker
[22:37:22] [main/DEBUG] [mixin]: Scanning file:/C:/Users/Evan/.gradle/caches/modules-2/files-2.1/com.paulscode/libraryjavasound/20101123/5c5e304366f75f9eaa2e8cca546a1fb6109348b3/libraryjavasound-20101123.jar for mixin tweaker
[22:37:22] [main/DEBUG] [mixin]: Scanning file:/C:/Users/Evan/.gradle/caches/modules-2/files-2.1/com.paulscode/librarylwjglopenal/20100824/73e80d0794c39665aec3f62eee88ca91676674ef/librarylwjglopenal-20100824.jar for mixin tweaker
[22:37:22] [main/DEBUG] [mixin]: Scanning file:/C:/Users/Evan/.gradle/caches/modules-2/files-2.1/com.paulscode/soundsystem/20120107/419c05fe9be71f792b2d76cfc9b67f1ed0fec7f6/soundsystem-20120107.jar for mixin tweaker
[22:37:22] [main/DEBUG] [mixin]: Scanning file:/C:/Users/Evan/.gradle/caches/modules-2/files-2.1/io.netty/netty-all/4.1.9.Final/97860965d6a0a6b98e7f569f3f966727b8db75/netty-all-4.1.9.Final.jar for mixin tweaker
[22:37:22] [main/DEBUG] [mixin]: Scanning file:/C:/Users/Evan/.gradle/caches/modules-2/files-2.1/com.google.guava/guava/21.0/3a3d111be1be1b745edfa7d91678a12d7ed38709/guava-21.0.jar for mixin tweaker
[22:37:22] [main/DEBUG] [mixin]: Scanning file:/C:/Users/Evan/.gradle/caches/modules-2/files-2.1/org.apache.commons/commons-lang3/3.5/6c6c702c89bfff3cd9e80b04d668c5e190d588c6/commons-lang3-3.5.jar for mixin tweaker
[22:37:22] [main/DEBUG] [mixin]: Scanning file:/C:/Users/Evan/.gradle/caches/modules-2/files-2.1/commons-io/commons-io/2.5/2852e6e05fbb95076fc091f6d1780f1f8fe35e0f/commons-io-2.5.jar for mixin tweaker
[22:37:22] [main/DEBUG] [mixin]: Scanning file:/C:/Users/Evan/.gradle/caches/modules-2/files-2.1/com.mojang/realms/1.10.22/bd0dccebdf3744c75f1ca20063f16e8f7d5e663f/realms-1.10.22.jar for mixin tweaker
[22:37:22] [main/DEBUG] [mixin]: Scanning file:/C:/Users/Evan/.gradle/caches/modules-2/files-2.1/org.apache.httpcomponents/httpclient/4.3.3/18f4247ff4572a074444572cee34647c43e7c9c7/httpclient-4.3.3.jar for mixin tweaker
[22:37:22] [main/DEBUG] [mixin]: Scanning file:/C:/Users/Evan/.gradle/caches/modules-2/files-2.1/commons-codec/commons-codec/1.10/4b95f4897fa13f2cd904aee711aeafc0c5295cd8/commons-codec-1.10.jar for mixin tweaker
[22:37:22] [main/DEBUG] [mixin]: Scanning file:/C:/Users/Evan/.gradle/caches/modules-2/files-2.1/org.lwjgl.lwjgl/lwjgl_util/2.9.4-nightly-20150209/d51a7c040a721d13efdfbd34f8b257b2df882ad0/lwjgl_util-2.9.4-nightly-20150209.jar for mixin tweaker
[22:37:22] [main/DEBUG] [mixin]: Scanning file:/C:/Users/Evan/.gradle/caches/modules-2/files-2.1/org.lwjgl.lwjgl/lwjgl/2.9.4-nightly-20150209/697517568c68e78ae0b4544145af031c81082dfe/lwjgl-2.9.4-nightly-20150209.jar for mixin tweaker
[22:37:22] [main/DEBUG] [mixin]: Scanning file:/C:/Users/Evan/.gradle/caches/modules-2/files-2.1/net.java.jinput/jinput/2.0.5/39c7796b469a600f72380316f6b1f11db6c2c7c4/jinput-2.0.5.jar for mixin tweaker
[22:37:22] [main/DEBUG] [mixin]: Scanning file:/C:/Users/Evan/.gradle/caches/modules-2/files-2.1/net.java.jutils/jutils/1.0.0/e12fe1fda814bd348c1579329c86943d2cd3c6a6/jutils-1.0.0.jar for mixin tweaker
[22:37:22] [main/DEBUG] [mixin]: Scanning file:/C:/Users/Evan/.gradle/caches/modules-2/files-2.1/com.google.code.gson/gson/2.8.0/c4ba5371a29ac9b2ad6129b1d39ea38750043eff/gson-2.8.0.jar for mixin tweaker
[22:37:22] [main/DEBUG] [mixin]: Scanning file:/C:/Users/Evan/.gradle/caches/modules-2/files-2.1/org.apache.commons/commons-compress/1.8.1/a698750c16740fd5b3871425f4cb3bbaa87f529d/commons-compress-1.8.1.jar for mixin tweaker
[22:37:22] [main/DEBUG] [mixin]: Scanning file:/C:/Users/Evan/.gradle/caches/modules-2/files-2.1/commons-logging/commons-logging/1.1.3/f6f66e966c70a83ffbdb6f17a0919eaf7c8aca7f/commons-logging-1.1.3.jar for mixin tweaker
[22:37:22] [main/DEBUG] [mixin]: Scanning file:/C:/Users/Evan/.gradle/caches/modules-2/files-2.1/org.apache.httpcomponents/httpcore/4.3.2/31fbbff1ddbf98f3aa7377c94d33b0447c646b6e/httpcore-4.3.2.jar for mixin tweaker
[22:37:22] [main/DEBUG] [mixin]: Scanning file:/C:/Users/Evan/.gradle/caches/modules-2/files-2.1/it.unimi.dsi/fastutil/7.1.0/9835253257524c1be7ab50c057aa2d418fb72082/fastutil-7.1.0.jar for mixin tweaker
[22:37:22] [main/DEBUG] [mixin]: Scanning file:/C:/Users/Evan/.gradle/caches/modules-2/files-2.1/org.lwjgl.lwjgl/lwjgl-platform/2.9.4-nightly-20150209/b04f3ee8f5e43fa3b162981b50bb72fe1acabb33/lwjgl-platform-2.9.4-nightly-20150209.jar for mixin tweaker
[22:37:22] [main/DEBUG] [mixin]: Scanning file:/C:/Users/Evan/.gradle/caches/modules-2/files-2.1/org.lwjgl.lwjgl/lwjgl-platform/2.9.4-nightly-20150209/b84d5102b9dbfabfeb5e43c7e2828d98a7fc80e0/lwjgl-platform-2.9.4-nightly-20150209-natives-windows.jar for mixin tweaker
[22:37:22] [main/DEBUG] [mixin]: Scanning file:/C:/Users/Evan/.gradle/caches/modules-2/files-2.1/org.lwjgl.lwjgl/lwjgl-platform/2.9.4-nightly-20150209/931074f46c795d2f7b30ed6395df5715cfd7675b/lwjgl-platform-2.9.4-nightly-20150209-natives-linux.jar for mixin tweaker
[22:37:22] [main/DEBUG] [mixin]: Scanning file:/C:/Users/Evan/.gradle/caches/modules-2/files-2.1/org.lwjgl.lwjgl/lwjgl-platform/2.9.4-nightly-20150209/bcab850f8f487c3f4c4dbabde778bb82bd1a40ed/lwjgl-platform-2.9.4-nightly-20150209-natives-osx.jar for mixin tweaker
[22:37:22] [main/DEBUG] [mixin]: Scanning file:/C:/Users/Evan/.gradle/caches/modules-2/files-2.1/net.java.jinput/jinput-platform/2.0.5/385ee093e01f587f30ee1c8a2ee7d408fd732e16/jinput-platform-2.0.5-natives-windows.jar for mixin tweaker
[22:37:22] [main/DEBUG] [mixin]: Scanning file:/C:/Users/Evan/.gradle/caches/modules-2/files-2.1/net.java.jinput/jinput-platform/2.0.5/7ff832a6eb9ab6a767f1ade2b548092d0fa64795/jinput-platform-2.0.5-natives-linux.jar for mixin tweaker
[22:37:22] [main/DEBUG] [mixin]: Scanning file:/C:/Users/Evan/.gradle/caches/modules-2/files-2.1/net.java.jinput/jinput-platform/2.0.5/53f9c919f34d2ca9de8c51fc4e1e8282029a9232/jinput-platform-2.0.5-natives-osx.jar for mixin tweaker
[22:37:22] [main/DEBUG] [mixin]: Scanning file:/C:/Users/Evan/.gradle/caches/modules-2/files-2.1/org.codehaus.plexus/plexus-utils/3.1.0/60eecb6f15abdb1c653ad80abaac6fe188b3feaa/plexus-utils-3.1.0.jar for mixin tweaker
[22:37:22] [main/DEBUG] [mixin]: Scanning file:/C:/Users/Evan/eclipse/java-2023-06/eclipse/configuration/org.eclipse.osgi/248/0/.cp/lib/javaagent-shaded.jar for mixin tweaker
[22:37:22] [main/INFO] [LaunchWrapper]: Calling tweak class net.minecraftforge.fml.common.launcher.FMLTweaker
[22:37:22] [main/DEBUG] [FML]: Injecting tracing printstreams for STDOUT/STDERR.
[22:37:22] [main/INFO] [FML]: Forge Mod Loader version 14.23.5.2860 for Minecraft 1.12.2 loading
[22:37:22] [main/INFO] [FML]: Java is OpenJDK 64-Bit Server VM, version 1.8.0_412, running on Windows 10:amd64:10.0, installed at C:\Program Files\Eclipse Adoptium\jdk-8.0.412.8-hotspot\jre
[22:37:22] [main/DEBUG] [FML]: Java classpath at launch is:
[22:37:22] [main/DEBUG] [FML]:     C:\Users\Evan\Documents\GitHub\Dragon-Tweaks\bin\main
[22:37:22] [main/DEBUG] [FML]:     C:\Users\Evan\Documents\GitHub\Dragon-Tweaks\bin\test
[22:37:22] [main/DEBUG] [FML]:     \Dragon-Tweaks\bin\default
[22:37:22] [main/DEBUG] [FML]:     C:\Users\Evan\.gradle\caches\modules-2\files-2.1\org.spongepowered\mixin\0.8.3-SNAPSHOT\995c9ce930521d4f7a113421fd4b67d184530004\mixin-0.8.3-SNAPSHOT.jar
[22:37:22] [main/DEBUG] [FML]:     C:\Users\Evan\.gradle\caches\forge_gradle\minecraft_user_repo\net\minecraftforge\forge\1.12.2-14.23.5.2860_mapped_snapshot_20180814-1.12\forge-1.12.2-14.23.5.2860_mapped_snapshot_20180814-1.12-recomp.jar
[22:37:22] [main/DEBUG] [FML]:     C:\Users\Evan\.gradle\caches\forge_gradle\minecraft_repo\versions\1.12.2\client-extra.jar
[22:37:22] [main/DEBUG] [FML]:     C:\Users\Evan\.gradle\caches\modules-2\files-2.1\com.mojang\authlib\1.5.25\9834cdf236c22e84b946bba989e2f94ef5897c3c\authlib-1.5.25.jar
[22:37:22] [main/DEBUG] [FML]:     C:\Users\Evan\.gradle\caches\modules-2\files-2.1\com.google.code.findbugs\jsr305\3.0.1\f7be08ec23c21485b9b5a1cf1654c2ec8c58168d\jsr305-3.0.1.jar
[22:37:22] [main/DEBUG] [FML]:     C:\Users\Evan\.gradle\caches\forge_gradle\maven_downloader\de\oceanlabs\mcp\mcp_snapshot\20180814-1.12\mcp_snapshot-20180814-1.12.zip
[22:37:22] [main/DEBUG] [FML]:     C:\Users\Evan\.gradle\caches\modules-2\files-2.1\net.minecraft\launchwrapper\1.12\111e7bea9c968cdb3d06ef4632bf7ff0824d0f36\launchwrapper-1.12.jar
[22:37:22] [main/DEBUG] [FML]:     C:\Users\Evan\.gradle\caches\modules-2\files-2.1\org.ow2.asm\asm-debug-all\5.2\3354e11e2b34215f06dab629ab88e06aca477c19\asm-debug-all-5.2.jar
[22:37:22] [main/DEBUG] [FML]:     C:\Users\Evan\.gradle\caches\modules-2\files-2.1\org.jline\jline\3.5.1\51800e9d7a13608894a5a28eed0f5c7fa2f300fb\jline-3.5.1.jar
[22:37:22] [main/DEBUG] [FML]:     C:\Users\Evan\.gradle\caches\modules-2\files-2.1\com.typesafe.akka\akka-actor_2.11\2.3.3\ed62e9fc709ca0f2ff1a3220daa8b70a2870078e\akka-actor_2.11-2.3.3.jar
[22:37:22] [main/DEBUG] [FML]:     C:\Users\Evan\.gradle\caches\modules-2\files-2.1\com.typesafe\config\1.2.1\f771f71fdae3df231bcd54d5ca2d57f0bf93f467\config-1.2.1.jar
[22:37:22] [main/DEBUG] [FML]:     C:\Users\Evan\.gradle\caches\modules-2\files-2.1\org.scala-lang\scala-actors-migration_2.11\1.1.0\dfa8bc42b181d5b9f1a5dd147f8ae308b893eb6f\scala-actors-migration_2.11-1.1.0.jar
[22:37:22] [main/DEBUG] [FML]:     C:\Users\Evan\.gradle\caches\modules-2\files-2.1\org.scala-lang\scala-compiler\2.11.1\56ea2e6c025e0821f28d73ca271218b8dd04926a\scala-compiler-2.11.1.jar
[22:37:22] [main/DEBUG] [FML]:     C:\Users\Evan\.gradle\caches\modules-2\files-2.1\org.scala-lang.plugins\scala-continuations-library_2.11\1.0.2_mc\e517c53a7e9acd6b1668c5a35eccbaa3bab9aac\scala-continuations-library_2.11-1.0.2_mc.jar
[22:37:22] [main/DEBUG] [FML]:     C:\Users\Evan\.gradle\caches\modules-2\files-2.1\org.scala-lang.plugins\scala-continuations-plugin_2.11.1\1.0.2_mc\f361a3283452c57fa30c1ee69448995de23c60f7\scala-continuations-plugin_2.11.1-1.0.2_mc.jar
[22:37:22] [main/DEBUG] [FML]:     C:\Users\Evan\.gradle\caches\modules-2\files-2.1\org.scala-lang\scala-reflect\2.11.1\6580347e61cc7f8e802941e7fde40fa83b8badeb\scala-reflect-2.11.1.jar
[22:37:22] [main/DEBUG] [FML]:     C:\Users\Evan\.gradle\caches\modules-2\files-2.1\org.scala-lang\scala-actors\2.11.0\8ccfb6541de179bb1c4d45cf414acee069b7f78b\scala-actors-2.11.0.jar
[22:37:22] [main/DEBUG] [FML]:     C:\Users\Evan\.gradle\caches\modules-2\files-2.1\org.scala-lang.modules\scala-xml_2.11\1.0.2\820fbca7e524b530fdadc594c39d49a21ea0337e\scala-xml_2.11-1.0.2.jar
[22:37:22] [main/DEBUG] [FML]:     C:\Users\Evan\.gradle\caches\modules-2\files-2.1\org.scala-lang.modules\scala-parser-combinators_2.11\1.0.1\f05d7345bf5a58924f2837c6c1f4d73a938e1ff0\scala-parser-combinators_2.11-1.0.1.jar
[22:37:22] [main/DEBUG] [FML]:     C:\Users\Evan\.gradle\caches\modules-2\files-2.1\org.scala-lang\scala-library\2.11.1\e11da23da3eabab9f4777b9220e60d44c1aab6a\scala-library-2.11.1.jar
[22:37:22] [main/DEBUG] [FML]:     C:\Users\Evan\.gradle\caches\modules-2\files-2.1\org.scala-lang\scala-parser-combinators_2.11\1.0.1\f05d7345bf5a58924f2837c6c1f4d73a938e1ff0\scala-parser-combinators_2.11-1.0.1.jar
[22:37:22] [main/DEBUG] [FML]:     C:\Users\Evan\.gradle\caches\modules-2\files-2.1\org.scala-lang\scala-swing_2.11\1.0.1\b1cdd92bd47b1e1837139c1c53020e86bb9112ae\scala-swing_2.11-1.0.1.jar
[22:37:22] [main/DEBUG] [FML]:     C:\Users\Evan\.gradle\caches\modules-2\files-2.1\org.scala-lang\scala-xml_2.11\1.0.2\7a80ec00aec122fba7cd4e0d4cdd87ff7e4cb6d0\scala-xml_2.11-1.0.2.jar
[22:37:22] [main/DEBUG] [FML]:     C:\Users\Evan\.gradle\caches\modules-2\files-2.1\lzma\lzma\0.0.1\521616dc7487b42bef0e803bd2fa3faf668101d7\lzma-0.0.1.jar
[22:37:22] [main/DEBUG] [FML]:     C:\Users\Evan\.gradle\caches\modules-2\files-2.1\java3d\vecmath\1.5.2\79846ba34cbd89e2422d74d53752f993dcc2ccaf\vecmath-1.5.2.jar
[22:37:22] [main/DEBUG] [FML]:     C:\Users\Evan\.gradle\caches\modules-2\files-2.1\net.sf.trove4j\trove4j\3.0.3\42ccaf4761f0dfdfa805c9e340d99a755907e2dd\trove4j-3.0.3.jar
[22:37:22] [main/DEBUG] [FML]:     C:\Users\Evan\.gradle\caches\modules-2\files-2.1\org.apache.maven\maven-artifact\3.5.3\7dc72b6d6d8a6dced3d294ed54c2cc3515ade9f4\maven-artifact-3.5.3.jar
[22:37:22] [main/DEBUG] [FML]:     C:\Users\Evan\.gradle\caches\modules-2\files-2.1\net.sf.jopt-simple\jopt-simple\5.0.3\cdd846cfc4e0f7eefafc02c0f5dce32b9303aa2a\jopt-simple-5.0.3.jar
[22:37:22] [main/DEBUG] [FML]:     C:\Users\Evan\.gradle\caches\modules-2\files-2.1\com.mojang\text2speech\1.10.3\48fd510879dff266c3815947de66e3d4809f8668\text2speech-1.10.3.jar
[22:37:22] [main/DEBUG] [FML]:     C:\Users\Evan\.gradle\caches\modules-2\files-2.1\com.mojang\text2speech\1.10.3\84a4b856389cc4f485275b1f63497a95a857a443\text2speech-1.10.3-natives-windows.jar
[22:37:22] [main/DEBUG] [FML]:     C:\Users\Evan\.gradle\caches\modules-2\files-2.1\org.apache.logging.log4j\log4j-core\2.15.0\ba55c13d7ac2fd44df9cc8074455719a33f375b9\log4j-core-2.15.0.jar
[22:37:22] [main/DEBUG] [FML]:     C:\Users\Evan\.gradle\caches\modules-2\files-2.1\org.apache.logging.log4j\log4j-api\2.15.0\4a5aa7e55a29391c6f66e0b259d5189aa11e45d0\log4j-api-2.15.0.jar
[22:37:22] [main/DEBUG] [FML]:     C:\Users\Evan\.gradle\caches\modules-2\files-2.1\net.minecraftforge\legacydev\0.2.3.1\f2cd4a8c9f09faf1c1e4a9a4c65df36e634f95db\legacydev-0.2.3.1-fatjar.jar
[22:37:22] [main/DEBUG] [FML]:     C:\Users\Evan\.gradle\caches\modules-2\files-2.1\com.mojang\patchy\1.3.9\eb8bb7b66fa0e2152b1b40b3856e82f7619439ee\patchy-1.3.9.jar
[22:37:22] [main/DEBUG] [FML]:     C:\Users\Evan\.gradle\caches\modules-2\files-2.1\oshi-project\oshi-core\1.1\9ddf7b048a8d701be231c0f4f95fd986198fd2d8\oshi-core-1.1.jar
[22:37:22] [main/DEBUG] [FML]:     C:\Users\Evan\.gradle\caches\modules-2\files-2.1\ca.weblite\java-objc-bridge\1.0.0\6ef160c3133a78de015830860197602ca1c855d3\java-objc-bridge-1.0.0.jar
[22:37:22] [main/DEBUG] [FML]:     C:\Users\Evan\.gradle\caches\modules-2\files-2.1\net.java.dev.jna\jna\4.4.0\cb208278274bf12ebdb56c61bd7407e6f774d65a\jna-4.4.0.jar
[22:37:22] [main/DEBUG] [FML]:     C:\Users\Evan\.gradle\caches\modules-2\files-2.1\net.java.dev.jna\platform\3.4.0\e3f70017be8100d3d6923f50b3d2ee17714e9c13\platform-3.4.0.jar
[22:37:22] [main/DEBUG] [FML]:     C:\Users\Evan\.gradle\caches\modules-2\files-2.1\com.ibm.icu\icu4j-core-mojang\51.2\63d216a9311cca6be337c1e458e587f99d382b84\icu4j-core-mojang-51.2.jar
[22:37:22] [main/DEBUG] [FML]:     C:\Users\Evan\.gradle\caches\modules-2\files-2.1\com.paulscode\codecjorbis\20101023\c73b5636faf089d9f00e8732a829577de25237ee\codecjorbis-20101023.jar
[22:37:22] [main/DEBUG] [FML]:     C:\Users\Evan\.gradle\caches\modules-2\files-2.1\com.paulscode\codecwav\20101023\12f031cfe88fef5c1dd36c563c0a3a69bd7261da\codecwav-20101023.jar
[22:37:22] [main/DEBUG] [FML]:     C:\Users\Evan\.gradle\caches\modules-2\files-2.1\com.paulscode\libraryjavasound\20101123\5c5e304366f75f9eaa2e8cca546a1fb6109348b3\libraryjavasound-20101123.jar
[22:37:22] [main/DEBUG] [FML]:     C:\Users\Evan\.gradle\caches\modules-2\files-2.1\com.paulscode\librarylwjglopenal\20100824\73e80d0794c39665aec3f62eee88ca91676674ef\librarylwjglopenal-20100824.jar
[22:37:22] [main/DEBUG] [FML]:     C:\Users\Evan\.gradle\caches\modules-2\files-2.1\com.paulscode\soundsystem\20120107\419c05fe9be71f792b2d76cfc9b67f1ed0fec7f6\soundsystem-20120107.jar
[22:37:22] [main/DEBUG] [FML]:     C:\Users\Evan\.gradle\caches\modules-2\files-2.1\io.netty\netty-all\4.1.9.Final\97860965d6a0a6b98e7f569f3f966727b8db75\netty-all-4.1.9.Final.jar
[22:37:22] [main/DEBUG] [FML]:     C:\Users\Evan\.gradle\caches\modules-2\files-2.1\com.google.guava\guava\21.0\3a3d111be1be1b745edfa7d91678a12d7ed38709\guava-21.0.jar
[22:37:22] [main/DEBUG] [FML]:     C:\Users\Evan\.gradle\caches\modules-2\files-2.1\org.apache.commons\commons-lang3\3.5\6c6c702c89bfff3cd9e80b04d668c5e190d588c6\commons-lang3-3.5.jar
[22:37:22] [main/DEBUG] [FML]:     C:\Users\Evan\.gradle\caches\modules-2\files-2.1\commons-io\commons-io\2.5\2852e6e05fbb95076fc091f6d1780f1f8fe35e0f\commons-io-2.5.jar
[22:37:22] [main/DEBUG] [FML]:     C:\Users\Evan\.gradle\caches\modules-2\files-2.1\com.mojang\realms\1.10.22\bd0dccebdf3744c75f1ca20063f16e8f7d5e663f\realms-1.10.22.jar
[22:37:22] [main/DEBUG] [FML]:     C:\Users\Evan\.gradle\caches\modules-2\files-2.1\org.apache.httpcomponents\httpclient\4.3.3\18f4247ff4572a074444572cee34647c43e7c9c7\httpclient-4.3.3.jar
[22:37:22] [main/DEBUG] [FML]:     C:\Users\Evan\.gradle\caches\modules-2\files-2.1\commons-codec\commons-codec\1.10\4b95f4897fa13f2cd904aee711aeafc0c5295cd8\commons-codec-1.10.jar
[22:37:22] [main/DEBUG] [FML]:     C:\Users\Evan\.gradle\caches\modules-2\files-2.1\org.lwjgl.lwjgl\lwjgl_util\2.9.4-nightly-20150209\d51a7c040a721d13efdfbd34f8b257b2df882ad0\lwjgl_util-2.9.4-nightly-20150209.jar
[22:37:22] [main/DEBUG] [FML]:     C:\Users\Evan\.gradle\caches\modules-2\files-2.1\org.lwjgl.lwjgl\lwjgl\2.9.4-nightly-20150209\697517568c68e78ae0b4544145af031c81082dfe\lwjgl-2.9.4-nightly-20150209.jar
[22:37:22] [main/DEBUG] [FML]:     C:\Users\Evan\.gradle\caches\modules-2\files-2.1\net.java.jinput\jinput\2.0.5\39c7796b469a600f72380316f6b1f11db6c2c7c4\jinput-2.0.5.jar
[22:37:22] [main/DEBUG] [FML]:     C:\Users\Evan\.gradle\caches\modules-2\files-2.1\net.java.jutils\jutils\1.0.0\e12fe1fda814bd348c1579329c86943d2cd3c6a6\jutils-1.0.0.jar
[22:37:22] [main/DEBUG] [FML]:     C:\Users\Evan\.gradle\caches\modules-2\files-2.1\com.google.code.gson\gson\2.8.0\c4ba5371a29ac9b2ad6129b1d39ea38750043eff\gson-2.8.0.jar
[22:37:22] [main/DEBUG] [FML]:     C:\Users\Evan\.gradle\caches\modules-2\files-2.1\org.apache.commons\commons-compress\1.8.1\a698750c16740fd5b3871425f4cb3bbaa87f529d\commons-compress-1.8.1.jar
[22:37:22] [main/DEBUG] [FML]:     C:\Users\Evan\.gradle\caches\modules-2\files-2.1\commons-logging\commons-logging\1.1.3\f6f66e966c70a83ffbdb6f17a0919eaf7c8aca7f\commons-logging-1.1.3.jar
[22:37:22] [main/DEBUG] [FML]:     C:\Users\Evan\.gradle\caches\modules-2\files-2.1\org.apache.httpcomponents\httpcore\4.3.2\31fbbff1ddbf98f3aa7377c94d33b0447c646b6e\httpcore-4.3.2.jar
[22:37:22] [main/DEBUG] [FML]:     C:\Users\Evan\.gradle\caches\modules-2\files-2.1\it.unimi.dsi\fastutil\7.1.0\9835253257524c1be7ab50c057aa2d418fb72082\fastutil-7.1.0.jar
[22:37:22] [main/DEBUG] [FML]:     C:\Users\Evan\.gradle\caches\modules-2\files-2.1\org.lwjgl.lwjgl\lwjgl-platform\2.9.4-nightly-20150209\b04f3ee8f5e43fa3b162981b50bb72fe1acabb33\lwjgl-platform-2.9.4-nightly-20150209.jar
[22:37:22] [main/DEBUG] [FML]:     C:\Users\Evan\.gradle\caches\modules-2\files-2.1\org.lwjgl.lwjgl\lwjgl-platform\2.9.4-nightly-20150209\b84d5102b9dbfabfeb5e43c7e2828d98a7fc80e0\lwjgl-platform-2.9.4-nightly-20150209-natives-windows.jar
[22:37:22] [main/DEBUG] [FML]:     C:\Users\Evan\.gradle\caches\modules-2\files-2.1\org.lwjgl.lwjgl\lwjgl-platform\2.9.4-nightly-20150209\931074f46c795d2f7b30ed6395df5715cfd7675b\lwjgl-platform-2.9.4-nightly-20150209-natives-linux.jar
[22:37:22] [main/DEBUG] [FML]:     C:\Users\Evan\.gradle\caches\modules-2\files-2.1\org.lwjgl.lwjgl\lwjgl-platform\2.9.4-nightly-20150209\bcab850f8f487c3f4c4dbabde778bb82bd1a40ed\lwjgl-platform-2.9.4-nightly-20150209-natives-osx.jar
[22:37:22] [main/DEBUG] [FML]:     C:\Users\Evan\.gradle\caches\modules-2\files-2.1\net.java.jinput\jinput-platform\2.0.5\385ee093e01f587f30ee1c8a2ee7d408fd732e16\jinput-platform-2.0.5-natives-windows.jar
[22:37:22] [main/DEBUG] [FML]:     C:\Users\Evan\.gradle\caches\modules-2\files-2.1\net.java.jinput\jinput-platform\2.0.5\7ff832a6eb9ab6a767f1ade2b548092d0fa64795\jinput-platform-2.0.5-natives-linux.jar
[22:37:22] [main/DEBUG] [FML]:     C:\Users\Evan\.gradle\caches\modules-2\files-2.1\net.java.jinput\jinput-platform\2.0.5\53f9c919f34d2ca9de8c51fc4e1e8282029a9232\jinput-platform-2.0.5-natives-osx.jar
[22:37:22] [main/DEBUG] [FML]:     C:\Users\Evan\.gradle\caches\modules-2\files-2.1\org.codehaus.plexus\plexus-utils\3.1.0\60eecb6f15abdb1c653ad80abaac6fe188b3feaa\plexus-utils-3.1.0.jar
[22:37:22] [main/DEBUG] [FML]:     C:\Users\Evan\eclipse\java-2023-06\eclipse\configuration\org.eclipse.osgi\248\0\.cp\lib\javaagent-shaded.jar
[22:37:22] [main/DEBUG] [FML]: Java library path at launch is:
[22:37:22] [main/DEBUG] [FML]:     C:\Users\Evan\Documents\GitHub\Dragon-Tweaks\build\natives
[22:37:22] [main/DEBUG] [FML]:     C:\Users\Evan\Documents\GitHub\Dragon-Tweaks\build\natives
[22:37:22] [main/DEBUG] [FML]:     C:\Users\Evan\Documents\GitHub\Dragon-Tweaks\build\natives
[22:37:22] [main/DEBUG] [FML]:     C:\Users\Evan\Documents\GitHub\Dragon-Tweaks\build\natives
[22:37:22] [main/DEBUG] [FML]:     C:\Users\Evan\Documents\GitHub\Dragon-Tweaks\build\natives
[22:37:22] [main/ERROR] [FML]: Apache Maven library folder was not in the format expected. Using default libraries directory.
[22:37:22] [main/ERROR] [FML]: Full: C:\Users\Evan\.gradle\caches\modules-2\files-2.1\org.apache.maven\maven-artifact\3.5.3\7dc72b6d6d8a6dced3d294ed54c2cc3515ade9f4\maven-artifact-3.5.3.jar
[22:37:22] [main/ERROR] [FML]: Trimmed: c:/users/evan/.gradle/caches/modules-2/files-2.1/org.apache.maven/maven-artifact/3.5.3/
[22:37:22] [main/DEBUG] [FML]: Determined Minecraft Libraries Root: .\libraries
[22:37:22] [main/DEBUG] [FML]: Cleaning up mods folder: .\mods
[22:37:22] [main/INFO] [FML]: Managed to load a deobfuscated Minecraft name- we are in a deobfuscated environment. Skipping runtime deobfuscation
[22:37:22] [main/INFO] [FML]: Detected deobfuscated environment, loading log configs for colored console logs.
[22:37:23] [main/DEBUG] [FML]: Instantiating coremod class FMLCorePlugin
[22:37:23] [main/INFO] [FML]: Ignoring missing certificate for coremod FMLCorePlugin (net.minecraftforge.fml.relauncher.FMLCorePlugin), we are in deobf and it's a forge core plugin
[22:37:23] [main/DEBUG] [FML]: Added access transformer class net.minecraftforge.fml.common.asm.transformers.AccessTransformer to enqueued access transformers
[22:37:23] [main/DEBUG] [FML]: Enqueued coremod FMLCorePlugin
[22:37:23] [main/DEBUG] [FML]: Instantiating coremod class FMLForgePlugin
[22:37:23] [main/INFO] [FML]: Ignoring missing certificate for coremod FMLForgePlugin (net.minecraftforge.classloading.FMLForgePlugin), we are in deobf and it's a forge core plugin
[22:37:23] [main/DEBUG] [FML]: Enqueued coremod FMLForgePlugin
[22:37:23] [main/DEBUG] [FML]: All fundamental core mods are successfully located
[22:37:23] [main/DEBUG] [FML]: Discovering coremods
[22:37:23] [main/INFO] [FML]: Searching C:\Users\Evan\Documents\GitHub\Dragon-Tweaks\run\.\mods for mods
[22:37:23] [main/INFO] [LaunchWrapper]: Calling tweak class org.spongepowered.asm.launch.MixinTweaker
[22:37:23] [main/DEBUG] [mixin]: Processing prepare() for PlatformAgent[MixinPlatformAgentDefault:ContainerHandleURI(file:/C:/Users/Evan/.gradle/caches/modules-2/files-2.1/org.spongepowered/mixin/0.8.3-SNAPSHOT/995c9ce930521d4f7a113421fd4b67d184530004/mixin-0.8.3-SNAPSHOT.jar)]
[22:37:23] [main/DEBUG] [mixin]: Registering mixin config: mixins.dragontweaks.json
[22:37:23] [main/INFO] [mixin]: Compatibility level set to JAVA_8
[22:37:23] [main/ERROR] [mixin]: Mixin config mixins.dragontweaks.json does not specify "minVersion" property
[22:37:23] [main/DEBUG] [mixin]: Creating FML remapper adapter: org.spongepowered.asm.bridge.RemapperAdapterFML
[22:37:23] [main/DEBUG] [mixin]: Preparing mixins for MixinEnvironment[PREINIT]
[22:37:23] [main/INFO] [mixin]: Initialised Mixin FML Remapper Adapter with net.minecraftforge.fml.common.asm.transformers.deobf.FMLDeobfuscatingRemapper@481ba2cf
[22:37:23] [main/DEBUG] [mixin]: Processing launch tasks for PlatformAgent[MixinPlatformAgentDefault:ContainerHandleURI(file:/C:/Users/Evan/.gradle/caches/modules-2/files-2.1/org.spongepowered/mixin/0.8.3-SNAPSHOT/995c9ce930521d4f7a113421fd4b67d184530004/mixin-0.8.3-SNAPSHOT.jar)]
[22:37:23] [main/DEBUG] [mixin]: Scanning file:/C:/Users/Evan/Documents/GitHub/Dragon-Tweaks/bin/main/ for mixin tweaker
[22:37:23] [main/DEBUG] [mixin]: Scanning file:/C:/Users/Evan/Documents/GitHub/Dragon-Tweaks/bin/test/ for mixin tweaker
[22:37:23] [main/DEBUG] [mixin]: Scanning file:/C:/Dragon-Tweaks/bin/default for mixin tweaker
[22:37:23] [main/DEBUG] [mixin]: Scanning file:/C:/Users/Evan/.gradle/caches/modules-2/files-2.1/org.spongepowered/mixin/0.8.3-SNAPSHOT/995c9ce930521d4f7a113421fd4b67d184530004/mixin-0.8.3-SNAPSHOT.jar for mixin tweaker
[22:37:23] [main/DEBUG] [mixin]: Scanning file:/C:/Users/Evan/.gradle/caches/forge_gradle/minecraft_user_repo/net/minecraftforge/forge/1.12.2-14.23.5.2860_mapped_snapshot_20180814-1.12/forge-1.12.2-14.23.5.2860_mapped_snapshot_20180814-1.12-recomp.jar for mixin tweaker
[22:37:23] [main/DEBUG] [mixin]: Scanning file:/C:/Users/Evan/.gradle/caches/forge_gradle/minecraft_repo/versions/1.12.2/client-extra.jar for mixin tweaker
[22:37:23] [main/DEBUG] [mixin]: Scanning file:/C:/Users/Evan/.gradle/caches/modules-2/files-2.1/com.mojang/authlib/1.5.25/9834cdf236c22e84b946bba989e2f94ef5897c3c/authlib-1.5.25.jar for mixin tweaker
[22:37:23] [main/DEBUG] [mixin]: Scanning file:/C:/Users/Evan/.gradle/caches/modules-2/files-2.1/com.google.code.findbugs/jsr305/3.0.1/f7be08ec23c21485b9b5a1cf1654c2ec8c58168d/jsr305-3.0.1.jar for mixin tweaker
[22:37:23] [main/DEBUG] [mixin]: Scanning file:/C:/Users/Evan/.gradle/caches/forge_gradle/maven_downloader/de/oceanlabs/mcp/mcp_snapshot/20180814-1.12/mcp_snapshot-20180814-1.12.zip for mixin tweaker
[22:37:23] [main/DEBUG] [mixin]: Scanning file:/C:/Users/Evan/.gradle/caches/modules-2/files-2.1/net.minecraft/launchwrapper/1.12/111e7bea9c968cdb3d06ef4632bf7ff0824d0f36/launchwrapper-1.12.jar for mixin tweaker
[22:37:23] [main/DEBUG] [mixin]: Scanning file:/C:/Users/Evan/.gradle/caches/modules-2/files-2.1/org.ow2.asm/asm-debug-all/5.2/3354e11e2b34215f06dab629ab88e06aca477c19/asm-debug-all-5.2.jar for mixin tweaker
[22:37:23] [main/DEBUG] [mixin]: Scanning file:/C:/Users/Evan/.gradle/caches/modules-2/files-2.1/org.jline/jline/3.5.1/51800e9d7a13608894a5a28eed0f5c7fa2f300fb/jline-3.5.1.jar for mixin tweaker
[22:37:23] [main/DEBUG] [mixin]: Scanning file:/C:/Users/Evan/.gradle/caches/modules-2/files-2.1/com.typesafe.akka/akka-actor_2.11/2.3.3/ed62e9fc709ca0f2ff1a3220daa8b70a2870078e/akka-actor_2.11-2.3.3.jar for mixin tweaker
[22:37:23] [main/DEBUG] [mixin]: Scanning file:/C:/Users/Evan/.gradle/caches/modules-2/files-2.1/com.typesafe/config/1.2.1/f771f71fdae3df231bcd54d5ca2d57f0bf93f467/config-1.2.1.jar for mixin tweaker
[22:37:23] [main/DEBUG] [mixin]: Scanning file:/C:/Users/Evan/.gradle/caches/modules-2/files-2.1/org.scala-lang/scala-actors-migration_2.11/1.1.0/dfa8bc42b181d5b9f1a5dd147f8ae308b893eb6f/scala-actors-migration_2.11-1.1.0.jar for mixin tweaker
[22:37:23] [main/DEBUG] [mixin]: Scanning file:/C:/Users/Evan/.gradle/caches/modules-2/files-2.1/org.scala-lang/scala-compiler/2.11.1/56ea2e6c025e0821f28d73ca271218b8dd04926a/scala-compiler-2.11.1.jar for mixin tweaker
[22:37:23] [main/DEBUG] [mixin]: Scanning file:/C:/Users/Evan/.gradle/caches/modules-2/files-2.1/org.scala-lang.plugins/scala-continuations-library_2.11/1.0.2_mc/e517c53a7e9acd6b1668c5a35eccbaa3bab9aac/scala-continuations-library_2.11-1.0.2_mc.jar for mixin tweaker
[22:37:23] [main/DEBUG] [mixin]: Scanning file:/C:/Users/Evan/.gradle/caches/modules-2/files-2.1/org.scala-lang.plugins/scala-continuations-plugin_2.11.1/1.0.2_mc/f361a3283452c57fa30c1ee69448995de23c60f7/scala-continuations-plugin_2.11.1-1.0.2_mc.jar for mixin tweaker
[22:37:23] [main/DEBUG] [mixin]: Scanning file:/C:/Users/Evan/.gradle/caches/modules-2/files-2.1/org.scala-lang/scala-reflect/2.11.1/6580347e61cc7f8e802941e7fde40fa83b8badeb/scala-reflect-2.11.1.jar for mixin tweaker
[22:37:23] [main/DEBUG] [mixin]: Scanning file:/C:/Users/Evan/.gradle/caches/modules-2/files-2.1/org.scala-lang/scala-actors/2.11.0/8ccfb6541de179bb1c4d45cf414acee069b7f78b/scala-actors-2.11.0.jar for mixin tweaker
[22:37:23] [main/DEBUG] [mixin]: Scanning file:/C:/Users/Evan/.gradle/caches/modules-2/files-2.1/org.scala-lang.modules/scala-xml_2.11/1.0.2/820fbca7e524b530fdadc594c39d49a21ea0337e/scala-xml_2.11-1.0.2.jar for mixin tweaker
[22:37:23] [main/DEBUG] [mixin]: Scanning file:/C:/Users/Evan/.gradle/caches/modules-2/files-2.1/org.scala-lang.modules/scala-parser-combinators_2.11/1.0.1/f05d7345bf5a58924f2837c6c1f4d73a938e1ff0/scala-parser-combinators_2.11-1.0.1.jar for mixin tweaker
[22:37:23] [main/DEBUG] [mixin]: Scanning file:/C:/Users/Evan/.gradle/caches/modules-2/files-2.1/org.scala-lang/scala-library/2.11.1/e11da23da3eabab9f4777b9220e60d44c1aab6a/scala-library-2.11.1.jar for mixin tweaker
[22:37:23] [main/DEBUG] [mixin]: Scanning file:/C:/Users/Evan/.gradle/caches/modules-2/files-2.1/org.scala-lang/scala-parser-combinators_2.11/1.0.1/f05d7345bf5a58924f2837c6c1f4d73a938e1ff0/scala-parser-combinators_2.11-1.0.1.jar for mixin tweaker
[22:37:23] [main/DEBUG] [mixin]: Scanning file:/C:/Users/Evan/.gradle/caches/modules-2/files-2.1/org.scala-lang/scala-swing_2.11/1.0.1/b1cdd92bd47b1e1837139c1c53020e86bb9112ae/scala-swing_2.11-1.0.1.jar for mixin tweaker
[22:37:23] [main/DEBUG] [mixin]: Scanning file:/C:/Users/Evan/.gradle/caches/modules-2/files-2.1/org.scala-lang/scala-xml_2.11/1.0.2/7a80ec00aec122fba7cd4e0d4cdd87ff7e4cb6d0/scala-xml_2.11-1.0.2.jar for mixin tweaker
[22:37:23] [main/DEBUG] [mixin]: Scanning file:/C:/Users/Evan/.gradle/caches/modules-2/files-2.1/lzma/lzma/0.0.1/521616dc7487b42bef0e803bd2fa3faf668101d7/lzma-0.0.1.jar for mixin tweaker
[22:37:23] [main/DEBUG] [mixin]: Scanning file:/C:/Users/Evan/.gradle/caches/modules-2/files-2.1/java3d/vecmath/1.5.2/79846ba34cbd89e2422d74d53752f993dcc2ccaf/vecmath-1.5.2.jar for mixin tweaker
[22:37:23] [main/DEBUG] [mixin]: Scanning file:/C:/Users/Evan/.gradle/caches/modules-2/files-2.1/net.sf.trove4j/trove4j/3.0.3/42ccaf4761f0dfdfa805c9e340d99a755907e2dd/trove4j-3.0.3.jar for mixin tweaker
[22:37:23] [main/DEBUG] [mixin]: Scanning file:/C:/Users/Evan/.gradle/caches/modules-2/files-2.1/org.apache.maven/maven-artifact/3.5.3/7dc72b6d6d8a6dced3d294ed54c2cc3515ade9f4/maven-artifact-3.5.3.jar for mixin tweaker
[22:37:23] [main/DEBUG] [mixin]: Scanning file:/C:/Users/Evan/.gradle/caches/modules-2/files-2.1/net.sf.jopt-simple/jopt-simple/5.0.3/cdd846cfc4e0f7eefafc02c0f5dce32b9303aa2a/jopt-simple-5.0.3.jar for mixin tweaker
[22:37:23] [main/DEBUG] [mixin]: Scanning file:/C:/Users/Evan/.gradle/caches/modules-2/files-2.1/com.mojang/text2speech/1.10.3/48fd510879dff266c3815947de66e3d4809f8668/text2speech-1.10.3.jar for mixin tweaker
[22:37:23] [main/DEBUG] [mixin]: Scanning file:/C:/Users/Evan/.gradle/caches/modules-2/files-2.1/com.mojang/text2speech/1.10.3/84a4b856389cc4f485275b1f63497a95a857a443/text2speech-1.10.3-natives-windows.jar for mixin tweaker
[22:37:23] [main/DEBUG] [mixin]: Scanning file:/C:/Users/Evan/.gradle/caches/modules-2/files-2.1/org.apache.logging.log4j/log4j-core/2.15.0/ba55c13d7ac2fd44df9cc8074455719a33f375b9/log4j-core-2.15.0.jar for mixin tweaker
[22:37:23] [main/DEBUG] [mixin]: Scanning file:/C:/Users/Evan/.gradle/caches/modules-2/files-2.1/org.apache.logging.log4j/log4j-api/2.15.0/4a5aa7e55a29391c6f66e0b259d5189aa11e45d0/log4j-api-2.15.0.jar for mixin tweaker
[22:37:23] [main/DEBUG] [mixin]: Scanning file:/C:/Users/Evan/.gradle/caches/modules-2/files-2.1/net.minecraftforge/legacydev/0.2.3.1/f2cd4a8c9f09faf1c1e4a9a4c65df36e634f95db/legacydev-0.2.3.1-fatjar.jar for mixin tweaker
[22:37:23] [main/DEBUG] [mixin]: Scanning file:/C:/Users/Evan/.gradle/caches/modules-2/files-2.1/com.mojang/patchy/1.3.9/eb8bb7b66fa0e2152b1b40b3856e82f7619439ee/patchy-1.3.9.jar for mixin tweaker
[22:37:23] [main/DEBUG] [mixin]: Scanning file:/C:/Users/Evan/.gradle/caches/modules-2/files-2.1/oshi-project/oshi-core/1.1/9ddf7b048a8d701be231c0f4f95fd986198fd2d8/oshi-core-1.1.jar for mixin tweaker
[22:37:23] [main/DEBUG] [mixin]: Scanning file:/C:/Users/Evan/.gradle/caches/modules-2/files-2.1/ca.weblite/java-objc-bridge/1.0.0/6ef160c3133a78de015830860197602ca1c855d3/java-objc-bridge-1.0.0.jar for mixin tweaker
[22:37:23] [main/DEBUG] [mixin]: Scanning file:/C:/Users/Evan/.gradle/caches/modules-2/files-2.1/net.java.dev.jna/jna/4.4.0/cb208278274bf12ebdb56c61bd7407e6f774d65a/jna-4.4.0.jar for mixin tweaker
[22:37:23] [main/DEBUG] [mixin]: Scanning file:/C:/Users/Evan/.gradle/caches/modules-2/files-2.1/net.java.dev.jna/platform/3.4.0/e3f70017be8100d3d6923f50b3d2ee17714e9c13/platform-3.4.0.jar for mixin tweaker
[22:37:23] [main/DEBUG] [mixin]: Scanning file:/C:/Users/Evan/.gradle/caches/modules-2/files-2.1/com.ibm.icu/icu4j-core-mojang/51.2/63d216a9311cca6be337c1e458e587f99d382b84/icu4j-core-mojang-51.2.jar for mixin tweaker
[22:37:23] [main/DEBUG] [mixin]: Scanning file:/C:/Users/Evan/.gradle/caches/modules-2/files-2.1/com.paulscode/codecjorbis/20101023/c73b5636faf089d9f00e8732a829577de25237ee/codecjorbis-20101023.jar for mixin tweaker
[22:37:23] [main/DEBUG] [mixin]: Scanning file:/C:/Users/Evan/.gradle/caches/modules-2/files-2.1/com.paulscode/codecwav/20101023/12f031cfe88fef5c1dd36c563c0a3a69bd7261da/codecwav-20101023.jar for mixin tweaker
[22:37:23] [main/DEBUG] [mixin]: Scanning file:/C:/Users/Evan/.gradle/caches/modules-2/files-2.1/com.paulscode/libraryjavasound/20101123/5c5e304366f75f9eaa2e8cca546a1fb6109348b3/libraryjavasound-20101123.jar for mixin tweaker
[22:37:23] [main/DEBUG] [mixin]: Scanning file:/C:/Users/Evan/.gradle/caches/modules-2/files-2.1/com.paulscode/librarylwjglopenal/20100824/73e80d0794c39665aec3f62eee88ca91676674ef/librarylwjglopenal-20100824.jar for mixin tweaker
[22:37:23] [main/DEBUG] [mixin]: Scanning file:/C:/Users/Evan/.gradle/caches/modules-2/files-2.1/com.paulscode/soundsystem/20120107/419c05fe9be71f792b2d76cfc9b67f1ed0fec7f6/soundsystem-20120107.jar for mixin tweaker
[22:37:23] [main/DEBUG] [mixin]: Scanning file:/C:/Users/Evan/.gradle/caches/modules-2/files-2.1/io.netty/netty-all/4.1.9.Final/97860965d6a0a6b98e7f569f3f966727b8db75/netty-all-4.1.9.Final.jar for mixin tweaker
[22:37:23] [main/DEBUG] [mixin]: Scanning file:/C:/Users/Evan/.gradle/caches/modules-2/files-2.1/com.google.guava/guava/21.0/3a3d111be1be1b745edfa7d91678a12d7ed38709/guava-21.0.jar for mixin tweaker
[22:37:23] [main/DEBUG] [mixin]: Scanning file:/C:/Users/Evan/.gradle/caches/modules-2/files-2.1/org.apache.commons/commons-lang3/3.5/6c6c702c89bfff3cd9e80b04d668c5e190d588c6/commons-lang3-3.5.jar for mixin tweaker
[22:37:23] [main/DEBUG] [mixin]: Scanning file:/C:/Users/Evan/.gradle/caches/modules-2/files-2.1/commons-io/commons-io/2.5/2852e6e05fbb95076fc091f6d1780f1f8fe35e0f/commons-io-2.5.jar for mixin tweaker
[22:37:23] [main/DEBUG] [mixin]: Scanning file:/C:/Users/Evan/.gradle/caches/modules-2/files-2.1/com.mojang/realms/1.10.22/bd0dccebdf3744c75f1ca20063f16e8f7d5e663f/realms-1.10.22.jar for mixin tweaker
[22:37:23] [main/DEBUG] [mixin]: Scanning file:/C:/Users/Evan/.gradle/caches/modules-2/files-2.1/org.apache.httpcomponents/httpclient/4.3.3/18f4247ff4572a074444572cee34647c43e7c9c7/httpclient-4.3.3.jar for mixin tweaker
[22:37:23] [main/DEBUG] [mixin]: Scanning file:/C:/Users/Evan/.gradle/caches/modules-2/files-2.1/commons-codec/commons-codec/1.10/4b95f4897fa13f2cd904aee711aeafc0c5295cd8/commons-codec-1.10.jar for mixin tweaker
[22:37:23] [main/DEBUG] [mixin]: Scanning file:/C:/Users/Evan/.gradle/caches/modules-2/files-2.1/org.lwjgl.lwjgl/lwjgl_util/2.9.4-nightly-20150209/d51a7c040a721d13efdfbd34f8b257b2df882ad0/lwjgl_util-2.9.4-nightly-20150209.jar for mixin tweaker
[22:37:23] [main/DEBUG] [mixin]: Scanning file:/C:/Users/Evan/.gradle/caches/modules-2/files-2.1/org.lwjgl.lwjgl/lwjgl/2.9.4-nightly-20150209/697517568c68e78ae0b4544145af031c81082dfe/lwjgl-2.9.4-nightly-20150209.jar for mixin tweaker
[22:37:23] [main/DEBUG] [mixin]: Scanning file:/C:/Users/Evan/.gradle/caches/modules-2/files-2.1/net.java.jinput/jinput/2.0.5/39c7796b469a600f72380316f6b1f11db6c2c7c4/jinput-2.0.5.jar for mixin tweaker
[22:37:23] [main/DEBUG] [mixin]: Scanning file:/C:/Users/Evan/.gradle/caches/modules-2/files-2.1/net.java.jutils/jutils/1.0.0/e12fe1fda814bd348c1579329c86943d2cd3c6a6/jutils-1.0.0.jar for mixin tweaker
[22:37:23] [main/DEBUG] [mixin]: Scanning file:/C:/Users/Evan/.gradle/caches/modules-2/files-2.1/com.google.code.gson/gson/2.8.0/c4ba5371a29ac9b2ad6129b1d39ea38750043eff/gson-2.8.0.jar for mixin tweaker
[22:37:23] [main/DEBUG] [mixin]: Scanning file:/C:/Users/Evan/.gradle/caches/modules-2/files-2.1/org.apache.commons/commons-compress/1.8.1/a698750c16740fd5b3871425f4cb3bbaa87f529d/commons-compress-1.8.1.jar for mixin tweaker
[22:37:23] [main/DEBUG] [mixin]: Scanning file:/C:/Users/Evan/.gradle/caches/modules-2/files-2.1/commons-logging/commons-logging/1.1.3/f6f66e966c70a83ffbdb6f17a0919eaf7c8aca7f/commons-logging-1.1.3.jar for mixin tweaker
[22:37:23] [main/DEBUG] [mixin]: Scanning file:/C:/Users/Evan/.gradle/caches/modules-2/files-2.1/org.apache.httpcomponents/httpcore/4.3.2/31fbbff1ddbf98f3aa7377c94d33b0447c646b6e/httpcore-4.3.2.jar for mixin tweaker
[22:37:23] [main/DEBUG] [mixin]: Scanning file:/C:/Users/Evan/.gradle/caches/modules-2/files-2.1/it.unimi.dsi/fastutil/7.1.0/9835253257524c1be7ab50c057aa2d418fb72082/fastutil-7.1.0.jar for mixin tweaker
[22:37:23] [main/DEBUG] [mixin]: Scanning file:/C:/Users/Evan/.gradle/caches/modules-2/files-2.1/org.lwjgl.lwjgl/lwjgl-platform/2.9.4-nightly-20150209/b04f3ee8f5e43fa3b162981b50bb72fe1acabb33/lwjgl-platform-2.9.4-nightly-20150209.jar for mixin tweaker
[22:37:23] [main/DEBUG] [mixin]: Scanning file:/C:/Users/Evan/.gradle/caches/modules-2/files-2.1/org.lwjgl.lwjgl/lwjgl-platform/2.9.4-nightly-20150209/b84d5102b9dbfabfeb5e43c7e2828d98a7fc80e0/lwjgl-platform-2.9.4-nightly-20150209-natives-windows.jar for mixin tweaker
[22:37:23] [main/DEBUG] [mixin]: Scanning file:/C:/Users/Evan/.gradle/caches/modules-2/files-2.1/org.lwjgl.lwjgl/lwjgl-platform/2.9.4-nightly-20150209/931074f46c795d2f7b30ed6395df5715cfd7675b/lwjgl-platform-2.9.4-nightly-20150209-natives-linux.jar for mixin tweaker
[22:37:23] [main/DEBUG] [mixin]: Scanning file:/C:/Users/Evan/.gradle/caches/modules-2/files-2.1/org.lwjgl.lwjgl/lwjgl-platform/2.9.4-nightly-20150209/bcab850f8f487c3f4c4dbabde778bb82bd1a40ed/lwjgl-platform-2.9.4-nightly-20150209-natives-osx.jar for mixin tweaker
[22:37:23] [main/DEBUG] [mixin]: Scanning file:/C:/Users/Evan/.gradle/caches/modules-2/files-2.1/net.java.jinput/jinput-platform/2.0.5/385ee093e01f587f30ee1c8a2ee7d408fd732e16/jinput-platform-2.0.5-natives-windows.jar for mixin tweaker
[22:37:23] [main/DEBUG] [mixin]: Scanning file:/C:/Users/Evan/.gradle/caches/modules-2/files-2.1/net.java.jinput/jinput-platform/2.0.5/7ff832a6eb9ab6a767f1ade2b548092d0fa64795/jinput-platform-2.0.5-natives-linux.jar for mixin tweaker
[22:37:23] [main/DEBUG] [mixin]: Scanning file:/C:/Users/Evan/.gradle/caches/modules-2/files-2.1/net.java.jinput/jinput-platform/2.0.5/53f9c919f34d2ca9de8c51fc4e1e8282029a9232/jinput-platform-2.0.5-natives-osx.jar for mixin tweaker
[22:37:23] [main/DEBUG] [mixin]: Scanning file:/C:/Users/Evan/.gradle/caches/modules-2/files-2.1/org.codehaus.plexus/plexus-utils/3.1.0/60eecb6f15abdb1c653ad80abaac6fe188b3feaa/plexus-utils-3.1.0.jar for mixin tweaker
[22:37:23] [main/DEBUG] [mixin]: Scanning file:/C:/Users/Evan/eclipse/java-2023-06/eclipse/configuration/org.eclipse.osgi/248/0/.cp/lib/javaagent-shaded.jar for mixin tweaker
[22:37:23] [main/DEBUG] [mixin]: inject() running with 1 agents
[22:37:23] [main/DEBUG] [mixin]: Processing inject() for PlatformAgent[MixinPlatformAgentDefault:ContainerHandleURI(file:/C:/Users/Evan/.gradle/caches/modules-2/files-2.1/org.spongepowered/mixin/0.8.3-SNAPSHOT/995c9ce930521d4f7a113421fd4b67d184530004/mixin-0.8.3-SNAPSHOT.jar)]
[22:37:23] [main/INFO] [LaunchWrapper]: Loading tweak class name net.minecraftforge.fml.common.launcher.FMLInjectionAndSortingTweaker
[22:37:23] [main/INFO] [LaunchWrapper]: Loading tweak class name net.minecraftforge.fml.common.launcher.FMLDeobfTweaker
[22:37:23] [main/INFO] [LaunchWrapper]: Loading tweak class name org.spongepowered.asm.mixin.EnvironmentStateTweaker
[22:37:23] [main/INFO] [LaunchWrapper]: Calling tweak class net.minecraftforge.fml.common.launcher.FMLInjectionAndSortingTweaker
[22:37:23] [main/INFO] [LaunchWrapper]: Calling tweak class net.minecraftforge.fml.common.launcher.FMLInjectionAndSortingTweaker
[22:37:23] [main/INFO] [LaunchWrapper]: Calling tweak class net.minecraftforge.fml.relauncher.CoreModManager$FMLPluginWrapper
[22:37:23] [main/DEBUG] [FML]: Injecting coremod FMLCorePlugin \{net.minecraftforge.fml.relauncher.FMLCorePlugin\} class transformers
[22:37:23] [main/TRACE] [FML]: Registering transformer net.minecraftforge.fml.common.asm.transformers.SideTransformer
[22:37:24] [main/TRACE] [FML]: Registering transformer net.minecraftforge.fml.common.asm.transformers.EventSubscriptionTransformer
[22:37:24] [main/TRACE] [FML]: Registering transformer net.minecraftforge.fml.common.asm.transformers.EventSubscriberTransformer
[22:37:24] [main/TRACE] [FML]: Registering transformer net.minecraftforge.fml.common.asm.transformers.SoundEngineFixTransformer
[22:37:24] [main/DEBUG] [FML]: Injection complete
[22:37:24] [main/DEBUG] [FML]: Running coremod plugin for FMLCorePlugin \{net.minecraftforge.fml.relauncher.FMLCorePlugin\}
[22:37:24] [main/DEBUG] [FML]: Running coremod plugin FMLCorePlugin
[22:37:24] [main/DEBUG] [FML]: Loading deobfuscation resource C:\Users\Evan\Documents\GitHub\Dragon-Tweaks\build\createSrgToMcp\output.srg with 36076 records
[22:37:28] [main/ERROR] [FML]: FML appears to be missing any signature data. This is not a good thing
[22:37:28] [main/DEBUG] [FML]: Coremod plugin class FMLCorePlugin run successfully
[22:37:28] [main/INFO] [LaunchWrapper]: Calling tweak class net.minecraftforge.fml.relauncher.CoreModManager$FMLPluginWrapper
[22:37:28] [main/DEBUG] [FML]: Injecting coremod FMLForgePlugin \{net.minecraftforge.classloading.FMLForgePlugin\} class transformers
[22:37:28] [main/DEBUG] [FML]: Injection complete
[22:37:28] [main/DEBUG] [FML]: Running coremod plugin for FMLForgePlugin \{net.minecraftforge.classloading.FMLForgePlugin\}
[22:37:28] [main/DEBUG] [FML]: Running coremod plugin FMLForgePlugin
[22:37:28] [main/DEBUG] [FML]: Coremod plugin class FMLForgePlugin run successfully
[22:37:28] [main/INFO] [LaunchWrapper]: Calling tweak class org.spongepowered.asm.mixin.EnvironmentStateTweaker
[22:37:28] [main/INFO] [LaunchWrapper]: Calling tweak class net.minecraftforge.fml.common.launcher.FMLDeobfTweaker
[22:37:28] [main/DEBUG] [FML]: Loaded 215 rules from AccessTransformer config file forge_at.cfg
[22:37:28] [main/DEBUG] [FML]: Validating minecraft
[22:37:29] [main/DEBUG] [FML]: Minecraft validated, launching...
[22:37:29] [main/INFO] [LaunchWrapper]: Loading tweak class name net.minecraftforge.fml.common.launcher.TerminalTweaker
[22:37:29] [main/INFO] [LaunchWrapper]: Calling tweak class net.minecraftforge.fml.common.launcher.TerminalTweaker
[22:37:29] [main/DEBUG] [mixin]: Adding new mixin transformer proxy #2
[22:37:29] [main/DEBUG] [mixin]: Preparing mixins for MixinEnvironment[DEFAULT]
[22:37:29] [main/DEBUG] [mixin]: Selecting config mixins.dragontweaks.json
[22:37:29] [main/WARN] [mixin]: Reference map 'refmap.dragontweaks.json' for mixins.dragontweaks.json could not be read. If this is a development environment you can ignore this message
[22:37:29] [main/DEBUG] [mixin]: Preparing mixins.dragontweaks.json (1)
[22:37:29] [main/DEBUG] [mixin]: Found name transformer: net.minecraftforge.fml.common.asm.transformers.DeobfuscationTransformer
[22:37:29] [main/DEBUG] [mixin]: Rebuilding transformer delegation list:
[22:37:29] [main/DEBUG] [mixin]: Found name transformer: net.minecraftforge.fml.common.asm.transformers.DeobfuscationTransformer
[22:37:29] [main/DEBUG] [mixin]:   Excluding: org.spongepowered.asm.mixin.transformer.Proxy
[22:37:29] [main/DEBUG] [mixin]:   Adding:    net.minecraftforge.fml.common.asm.transformers.PatchingTransformer
[22:37:29] [main/DEBUG] [mixin]:   Adding:    $wrapper.net.minecraftforge.fml.common.asm.transformers.SideTransformer
[22:37:29] [main/DEBUG] [mixin]:   Excluding: $wrapper.net.minecraftforge.fml.common.asm.transformers.EventSubscriptionTransformer
[22:37:29] [main/DEBUG] [mixin]:   Adding:    $wrapper.net.minecraftforge.fml.common.asm.transformers.EventSubscriberTransformer
[22:37:29] [main/DEBUG] [mixin]:   Adding:    $wrapper.net.minecraftforge.fml.common.asm.transformers.SoundEngineFixTransformer
[22:37:29] [main/DEBUG] [mixin]:   Adding:    net.minecraftforge.fml.common.asm.transformers.DeobfuscationTransformer
[22:37:29] [main/DEBUG] [mixin]:   Adding:    net.minecraftforge.fml.common.asm.transformers.AccessTransformer
[22:37:29] [main/DEBUG] [mixin]:   Adding:    net.minecraftforge.fml.common.asm.transformers.ModAccessTransformer
[22:37:29] [main/DEBUG] [mixin]:   Adding:    net.minecraftforge.fml.common.asm.transformers.ItemStackTransformer
[22:37:29] [main/DEBUG] [mixin]:   Adding:    net.minecraftforge.fml.common.asm.transformers.ItemBlockTransformer
[22:37:29] [main/DEBUG] [mixin]:   Adding:    net.minecraftforge.fml.common.asm.transformers.ItemBlockSpecialTransformer
[22:37:29] [main/DEBUG] [mixin]:   Adding:    net.minecraftforge.fml.common.asm.transformers.PotionEffectTransformer
[22:37:29] [main/DEBUG] [mixin]:   Excluding: net.minecraftforge.fml.common.asm.transformers.TerminalTransformer
[22:37:29] [main/DEBUG] [mixin]:   Excluding: org.spongepowered.asm.mixin.transformer.Proxy
[22:37:29] [main/DEBUG] [mixin]: Transformer delegation list created with 11 entries
[22:37:29] [main/TRACE] [mixin]: Added class metadata for net/minecraft/entity/boss/EntityDragon to metadata cache
[22:37:29] [main/DEBUG] [mixin]: Registering new injector for @Inject with org.spongepowered.asm.mixin.injection.struct.CallbackInjectionInfo
[22:37:29] [main/DEBUG] [mixin]: Registering new injector for @ModifyArg with org.spongepowered.asm.mixin.injection.struct.ModifyArgInjectionInfo
[22:37:29] [main/DEBUG] [mixin]: Registering new injector for @ModifyArgs with org.spongepowered.asm.mixin.injection.struct.ModifyArgsInjectionInfo
[22:37:29] [main/DEBUG] [mixin]: Registering new injector for @Redirect with org.spongepowered.asm.mixin.injection.struct.RedirectInjectionInfo
[22:37:29] [main/DEBUG] [mixin]: Registering new injector for @ModifyVariable with org.spongepowered.asm.mixin.injection.struct.ModifyVariableInjectionInfo
[22:37:29] [main/DEBUG] [mixin]: Registering new injector for @ModifyConstant with org.spongepowered.asm.mixin.injection.struct.ModifyConstantInjectionInfo
[22:37:29] [main/TRACE] [mixin]: Added class metadata for net/minecraft/entity/EntityLiving to metadata cache
[22:37:29] [main/TRACE] [mixin]: Added class metadata for net/minecraft/entity/EntityLivingBase to metadata cache
[22:37:29] [main/DEBUG] [mixin]: Prepared 1 mixins in 0.483 sec (483.0ms avg) (43ms load, 73ms transform, 0ms plugin)
[22:37:29] [main/INFO] [LaunchWrapper]: Launching wrapped minecraft {net.minecraft.client.main.Main}
[22:37:30] [main/INFO] [STDOUT]: [net.minecraft.client.main.Main:main:59]: Completely ignored arguments: [--mixin.config, mixins.dragontweaks.json]
[22:37:30] [Client thread/INFO] [net.minecraft.client.Minecraft]: Setting user: Player672
[22:37:36] [Client thread/DEBUG] [mixin]: Mixing MixinEntityDragon from mixins.dragontweaks.json into net.minecraft.entity.boss.EntityDragon
[22:37:36] [Client thread/TRACE] [mixin]: Added class metadata for net/minecraft/entity/Entity to metadata cache
[22:37:36] [Client thread/TRACE] [mixin]: Added class metadata for net/minecraft/command/ICommandSender to metadata cache
[22:37:36] [Client thread/TRACE] [mixin]: Added class metadata for net/minecraftforge/common/capabilities/ICapabilitySerializable to metadata cache
[22:37:36] [Client thread/TRACE] [mixin]: Added class metadata for net/minecraftforge/common/capabilities/ICapabilityProvider to metadata cache
[22:37:36] [Client thread/TRACE] [mixin]: Added class metadata for net/minecraftforge/common/util/INBTSerializable to metadata cache
[22:37:36] [Client thread/TRACE] [mixin]: Added class metadata for net/minecraft/entity/MoverType to metadata cache
[22:37:36] [Client thread/TRACE] [mixin]: Added class metadata for net/minecraft/entity/boss/dragon/phase/PhaseManager to metadata cache
[22:37:36] [Client thread/TRACE] [mixin]: Added class metadata for com/sweebow/dragontweaks/DragonTweaksConfig to metadata cache
[22:37:36] [Client thread/TRACE] [mixin]: Added class metadata for net/minecraft/util/DamageSource to metadata cache
[22:37:36] [Client thread/TRACE] [mixin]: Added class metadata for org/spongepowered/asm/mixin/injection/callback/CallbackInfoReturnable to metadata cache
[22:37:36] [Client thread/TRACE] [mixin]: Added class metadata for org/spongepowered/asm/mixin/injection/callback/CallbackInfo to metadata cache
[22:37:36] [Client thread/TRACE] [mixin]: Added class metadata for net/minecraft/world/World to metadata cache
[22:37:36] [Client thread/TRACE] [mixin]: Added class metadata for net/minecraft/entity/boss/dragon/phase/IPhase to metadata cache
[22:37:36] [Client thread/TRACE] [mixin]: Added class metadata for net/minecraft/entity/MultiPartEntityPart to metadata cache
[22:37:36] [Client thread/TRACE] [mixin]: Added class metadata for net/minecraft/potion/PotionEffect to metadata cache
[22:37:39] [Client thread/DEBUG] [FML]: Creating vanilla freeze snapshot
[22:37:39] [Client thread/DEBUG] [FML]: Vanilla freeze snapshot created
[22:37:40] [Client thread/WARN] [net.minecraft.client.settings.GameSettings]: Skipping bad option: lastServer:
[22:37:40] [Client thread/INFO] [net.minecraft.client.Minecraft]: LWJGL Version: 2.9.4
[22:37:42] [Client thread/DEBUG] [FML]: Bar Finished: Loading Resource - LanguageManager took 0.003s
[22:37:42] [Client thread/INFO] [FML]: -- System Details --
Details:
	Minecraft Version: 1.12.2
	Operating System: Windows 10 (amd64) version 10.0
	Java Version: 1.8.0_412, Temurin
	Java VM Version: OpenJDK 64-Bit Server VM (mixed mode), Temurin
	Memory: 420257776 bytes (400 MB) / 665845760 bytes (635 MB) up to 3790077952 bytes (3614 MB)
	JVM Flags: 0 total; 
	IntCache: cache: 0, tcache: 0, allocated: 0, tallocated: 0
	FML: 
	Loaded coremods (and transformers): 
	GL info: ' Vendor: 'NVIDIA Corporation' Version: '4.6.0 NVIDIA 561.09' Renderer: 'NVIDIA GeForce GTX 1660/PCIe/SSE2'
[22:37:42] [Client thread/INFO] [FML]: MinecraftForge v14.23.5.2860 Initialized
[22:37:42] [Client thread/INFO] [FML]: Starts to replace vanilla recipe ingredients with ore ingredients.
[22:37:42] [Client thread/INFO] [FML]: Invalid recipe found with multiple oredict ingredients in the same ingredient...
[22:37:42] [Client thread/INFO] [FML]: Replaced 1227 ore ingredients
[22:37:43] [Client thread/DEBUG] [FML]: File C:\Users\Evan\Documents\GitHub\Dragon-Tweaks\run\config\injectedDependencies.json not found. No dependencies injected
[22:37:43] [Client thread/DEBUG] [FML]: Building injected Mod Containers [net.minecraftforge.fml.common.FMLContainer, net.minecraftforge.common.ForgeModContainer]
[22:37:43] [Client thread/DEBUG] [FML]: Attempting to load mods contained in the minecraft jar file and associated classes
[22:37:43] [Client thread/DEBUG] [FML]: Found a minecraft related directory at C:\Users\Evan\Documents\GitHub\Dragon-Tweaks\bin\main, examining for mod candidates
[22:37:43] [Client thread/DEBUG] [FML]: Found a minecraft related directory at C:\Users\Evan\Documents\GitHub\Dragon-Tweaks\bin\test, examining for mod candidates
[22:37:43] [Client thread/DEBUG] [FML]: Found a minecraft related file at C:\Users\Evan\.gradle\caches\modules-2\files-2.1\org.spongepowered\mixin\0.8.3-SNAPSHOT\995c9ce930521d4f7a113421fd4b67d184530004\mixin-0.8.3-SNAPSHOT.jar, examining for mod candidates
[22:37:43] [Client thread/DEBUG] [FML]: Found a minecraft related file at C:\Users\Evan\.gradle\caches\forge_gradle\minecraft_user_repo\net\minecraftforge\forge\1.12.2-14.23.5.2860_mapped_snapshot_20180814-1.12\forge-1.12.2-14.23.5.2860_mapped_snapshot_20180814-1.12-recomp.jar, examining for mod candidates
[22:37:43] [Client thread/DEBUG] [FML]: Found a minecraft related file at C:\Users\Evan\.gradle\caches\forge_gradle\minecraft_repo\versions\1.12.2\client-extra.jar, examining for mod candidates
[22:37:43] [Client thread/TRACE] [FML]: Skipping known library file C:\Users\Evan\.gradle\caches\modules-2\files-2.1\com.mojang\authlib\1.5.25\9834cdf236c22e84b946bba989e2f94ef5897c3c\authlib-1.5.25.jar
[22:37:43] [Client thread/DEBUG] [FML]: Found a minecraft related file at C:\Users\Evan\.gradle\caches\modules-2\files-2.1\com.google.code.findbugs\jsr305\3.0.1\f7be08ec23c21485b9b5a1cf1654c2ec8c58168d\jsr305-3.0.1.jar, examining for mod candidates
[22:37:43] [Client thread/DEBUG] [FML]: Found a minecraft related file at C:\Users\Evan\.gradle\caches\forge_gradle\maven_downloader\de\oceanlabs\mcp\mcp_snapshot\20180814-1.12\mcp_snapshot-20180814-1.12.zip, examining for mod candidates
[22:37:43] [Client thread/TRACE] [FML]: Skipping known library file C:\Users\Evan\.gradle\caches\modules-2\files-2.1\net.minecraft\launchwrapper\1.12\111e7bea9c968cdb3d06ef4632bf7ff0824d0f36\launchwrapper-1.12.jar
[22:37:43] [Client thread/DEBUG] [FML]: Found a minecraft related file at C:\Users\Evan\.gradle\caches\modules-2\files-2.1\org.ow2.asm\asm-debug-all\5.2\3354e11e2b34215f06dab629ab88e06aca477c19\asm-debug-all-5.2.jar, examining for mod candidates
[22:37:43] [Client thread/TRACE] [FML]: Skipping known library file C:\Users\Evan\.gradle\caches\modules-2\files-2.1\org.jline\jline\3.5.1\51800e9d7a13608894a5a28eed0f5c7fa2f300fb\jline-3.5.1.jar
[22:37:43] [Client thread/TRACE] [FML]: Skipping known library file C:\Users\Evan\.gradle\caches\modules-2\files-2.1\com.typesafe.akka\akka-actor_2.11\2.3.3\ed62e9fc709ca0f2ff1a3220daa8b70a2870078e\akka-actor_2.11-2.3.3.jar
[22:37:43] [Client thread/TRACE] [FML]: Skipping known library file C:\Users\Evan\.gradle\caches\modules-2\files-2.1\com.typesafe\config\1.2.1\f771f71fdae3df231bcd54d5ca2d57f0bf93f467\config-1.2.1.jar
[22:37:43] [Client thread/TRACE] [FML]: Skipping known library file C:\Users\Evan\.gradle\caches\modules-2\files-2.1\org.scala-lang\scala-actors-migration_2.11\1.1.0\dfa8bc42b181d5b9f1a5dd147f8ae308b893eb6f\scala-actors-migration_2.11-1.1.0.jar
[22:37:43] [Client thread/TRACE] [FML]: Skipping known library file C:\Users\Evan\.gradle\caches\modules-2\files-2.1\org.scala-lang\scala-compiler\2.11.1\56ea2e6c025e0821f28d73ca271218b8dd04926a\scala-compiler-2.11.1.jar
[22:37:43] [Client thread/TRACE] [FML]: Skipping known library file C:\Users\Evan\.gradle\caches\modules-2\files-2.1\org.scala-lang.plugins\scala-continuations-library_2.11\1.0.2_mc\e517c53a7e9acd6b1668c5a35eccbaa3bab9aac\scala-continuations-library_2.11-1.0.2_mc.jar
[22:37:43] [Client thread/TRACE] [FML]: Skipping known library file C:\Users\Evan\.gradle\caches\modules-2\files-2.1\org.scala-lang.plugins\scala-continuations-plugin_2.11.1\1.0.2_mc\f361a3283452c57fa30c1ee69448995de23c60f7\scala-continuations-plugin_2.11.1-1.0.2_mc.jar
[22:37:43] [Client thread/TRACE] [FML]: Skipping known library file C:\Users\Evan\.gradle\caches\modules-2\files-2.1\org.scala-lang\scala-reflect\2.11.1\6580347e61cc7f8e802941e7fde40fa83b8badeb\scala-reflect-2.11.1.jar
[22:37:43] [Client thread/TRACE] [FML]: Skipping known library file C:\Users\Evan\.gradle\caches\modules-2\files-2.1\org.scala-lang\scala-actors\2.11.0\8ccfb6541de179bb1c4d45cf414acee069b7f78b\scala-actors-2.11.0.jar
[22:37:43] [Client thread/TRACE] [FML]: Skipping known library file C:\Users\Evan\.gradle\caches\modules-2\files-2.1\org.scala-lang.modules\scala-xml_2.11\1.0.2\820fbca7e524b530fdadc594c39d49a21ea0337e\scala-xml_2.11-1.0.2.jar
[22:37:43] [Client thread/TRACE] [FML]: Skipping known library file C:\Users\Evan\.gradle\caches\modules-2\files-2.1\org.scala-lang.modules\scala-parser-combinators_2.11\1.0.1\f05d7345bf5a58924f2837c6c1f4d73a938e1ff0\scala-parser-combinators_2.11-1.0.1.jar
[22:37:43] [Client thread/TRACE] [FML]: Skipping known library file C:\Users\Evan\.gradle\caches\modules-2\files-2.1\org.scala-lang\scala-library\2.11.1\e11da23da3eabab9f4777b9220e60d44c1aab6a\scala-library-2.11.1.jar
[22:37:43] [Client thread/TRACE] [FML]: Skipping known library file C:\Users\Evan\.gradle\caches\modules-2\files-2.1\org.scala-lang\scala-parser-combinators_2.11\1.0.1\f05d7345bf5a58924f2837c6c1f4d73a938e1ff0\scala-parser-combinators_2.11-1.0.1.jar
[22:37:43] [Client thread/TRACE] [FML]: Skipping known library file C:\Users\Evan\.gradle\caches\modules-2\files-2.1\org.scala-lang\scala-swing_2.11\1.0.1\b1cdd92bd47b1e1837139c1c53020e86bb9112ae\scala-swing_2.11-1.0.1.jar
[22:37:43] [Client thread/TRACE] [FML]: Skipping known library file C:\Users\Evan\.gradle\caches\modules-2\files-2.1\org.scala-lang\scala-xml_2.11\1.0.2\7a80ec00aec122fba7cd4e0d4cdd87ff7e4cb6d0\scala-xml_2.11-1.0.2.jar
[22:37:43] [Client thread/TRACE] [FML]: Skipping known library file C:\Users\Evan\.gradle\caches\modules-2\files-2.1\lzma\lzma\0.0.1\521616dc7487b42bef0e803bd2fa3faf668101d7\lzma-0.0.1.jar
[22:37:43] [Client thread/TRACE] [FML]: Skipping known library file C:\Users\Evan\.gradle\caches\modules-2\files-2.1\java3d\vecmath\1.5.2\79846ba34cbd89e2422d74d53752f993dcc2ccaf\vecmath-1.5.2.jar
[22:37:43] [Client thread/TRACE] [FML]: Skipping known library file C:\Users\Evan\.gradle\caches\modules-2\files-2.1\net.sf.trove4j\trove4j\3.0.3\42ccaf4761f0dfdfa805c9e340d99a755907e2dd\trove4j-3.0.3.jar
[22:37:43] [Client thread/DEBUG] [FML]: Found a minecraft related file at C:\Users\Evan\.gradle\caches\modules-2\files-2.1\org.apache.maven\maven-artifact\3.5.3\7dc72b6d6d8a6dced3d294ed54c2cc3515ade9f4\maven-artifact-3.5.3.jar, examining for mod candidates
[22:37:43] [Client thread/TRACE] [FML]: Skipping known library file C:\Users\Evan\.gradle\caches\modules-2\files-2.1\net.sf.jopt-simple\jopt-simple\5.0.3\cdd846cfc4e0f7eefafc02c0f5dce32b9303aa2a\jopt-simple-5.0.3.jar
[22:37:43] [Client thread/DEBUG] [FML]: Found a minecraft related file at C:\Users\Evan\.gradle\caches\modules-2\files-2.1\com.mojang\text2speech\1.10.3\48fd510879dff266c3815947de66e3d4809f8668\text2speech-1.10.3.jar, examining for mod candidates
[22:37:43] [Client thread/DEBUG] [FML]: Found a minecraft related file at C:\Users\Evan\.gradle\caches\modules-2\files-2.1\com.mojang\text2speech\1.10.3\84a4b856389cc4f485275b1f63497a95a857a443\text2speech-1.10.3-natives-windows.jar, examining for mod candidates
[22:37:43] [Client thread/TRACE] [FML]: Skipping known library file C:\Users\Evan\.gradle\caches\modules-2\files-2.1\org.apache.logging.log4j\log4j-core\2.15.0\ba55c13d7ac2fd44df9cc8074455719a33f375b9\log4j-core-2.15.0.jar
[22:37:43] [Client thread/TRACE] [FML]: Skipping known library file C:\Users\Evan\.gradle\caches\modules-2\files-2.1\org.apache.logging.log4j\log4j-api\2.15.0\4a5aa7e55a29391c6f66e0b259d5189aa11e45d0\log4j-api-2.15.0.jar
[22:37:43] [Client thread/DEBUG] [FML]: Found a minecraft related file at C:\Users\Evan\.gradle\caches\modules-2\files-2.1\net.minecraftforge\legacydev\0.2.3.1\f2cd4a8c9f09faf1c1e4a9a4c65df36e634f95db\legacydev-0.2.3.1-fatjar.jar, examining for mod candidates
[22:37:43] [Client thread/DEBUG] [FML]: Found a minecraft related file at C:\Users\Evan\.gradle\caches\modules-2\files-2.1\com.mojang\patchy\1.3.9\eb8bb7b66fa0e2152b1b40b3856e82f7619439ee\patchy-1.3.9.jar, examining for mod candidates
[22:37:43] [Client thread/TRACE] [FML]: Skipping known library file C:\Users\Evan\.gradle\caches\modules-2\files-2.1\oshi-project\oshi-core\1.1\9ddf7b048a8d701be231c0f4f95fd986198fd2d8\oshi-core-1.1.jar
[22:37:43] [Client thread/DEBUG] [FML]: Found a minecraft related file at C:\Users\Evan\.gradle\caches\modules-2\files-2.1\ca.weblite\java-objc-bridge\1.0.0\6ef160c3133a78de015830860197602ca1c855d3\java-objc-bridge-1.0.0.jar, examining for mod candidates
[22:37:43] [Client thread/TRACE] [FML]: Skipping known library file C:\Users\Evan\.gradle\caches\modules-2\files-2.1\net.java.dev.jna\jna\4.4.0\cb208278274bf12ebdb56c61bd7407e6f774d65a\jna-4.4.0.jar
[22:37:43] [Client thread/TRACE] [FML]: Skipping known library file C:\Users\Evan\.gradle\caches\modules-2\files-2.1\net.java.dev.jna\platform\3.4.0\e3f70017be8100d3d6923f50b3d2ee17714e9c13\platform-3.4.0.jar
[22:37:43] [Client thread/TRACE] [FML]: Skipping known library file C:\Users\Evan\.gradle\caches\modules-2\files-2.1\com.ibm.icu\icu4j-core-mojang\51.2\63d216a9311cca6be337c1e458e587f99d382b84\icu4j-core-mojang-51.2.jar
[22:37:43] [Client thread/TRACE] [FML]: Skipping known library file C:\Users\Evan\.gradle\caches\modules-2\files-2.1\com.paulscode\codecjorbis\20101023\c73b5636faf089d9f00e8732a829577de25237ee\codecjorbis-20101023.jar
[22:37:43] [Client thread/TRACE] [FML]: Skipping known library file C:\Users\Evan\.gradle\caches\modules-2\files-2.1\com.paulscode\codecwav\20101023\12f031cfe88fef5c1dd36c563c0a3a69bd7261da\codecwav-20101023.jar
[22:37:43] [Client thread/TRACE] [FML]: Skipping known library file C:\Users\Evan\.gradle\caches\modules-2\files-2.1\com.paulscode\libraryjavasound\20101123\5c5e304366f75f9eaa2e8cca546a1fb6109348b3\libraryjavasound-20101123.jar
[22:37:43] [Client thread/TRACE] [FML]: Skipping known library file C:\Users\Evan\.gradle\caches\modules-2\files-2.1\com.paulscode\librarylwjglopenal\20100824\73e80d0794c39665aec3f62eee88ca91676674ef\librarylwjglopenal-20100824.jar
[22:37:43] [Client thread/TRACE] [FML]: Skipping known library file C:\Users\Evan\.gradle\caches\modules-2\files-2.1\com.paulscode\soundsystem\20120107\419c05fe9be71f792b2d76cfc9b67f1ed0fec7f6\soundsystem-20120107.jar
[22:37:43] [Client thread/TRACE] [FML]: Skipping known library file C:\Users\Evan\.gradle\caches\modules-2\files-2.1\io.netty\netty-all\4.1.9.Final\97860965d6a0a6b98e7f569f3f966727b8db75\netty-all-4.1.9.Final.jar
[22:37:43] [Client thread/TRACE] [FML]: Skipping known library file C:\Users\Evan\.gradle\caches\modules-2\files-2.1\com.google.guava\guava\21.0\3a3d111be1be1b745edfa7d91678a12d7ed38709\guava-21.0.jar
[22:37:43] [Client thread/TRACE] [FML]: Skipping known library file C:\Users\Evan\.gradle\caches\modules-2\files-2.1\org.apache.commons\commons-lang3\3.5\6c6c702c89bfff3cd9e80b04d668c5e190d588c6\commons-lang3-3.5.jar
[22:37:43] [Client thread/TRACE] [FML]: Skipping known library file C:\Users\Evan\.gradle\caches\modules-2\files-2.1\commons-io\commons-io\2.5\2852e6e05fbb95076fc091f6d1780f1f8fe35e0f\commons-io-2.5.jar
[22:37:43] [Client thread/TRACE] [FML]: Skipping known library file C:\Users\Evan\.gradle\caches\modules-2\files-2.1\com.mojang\realms\1.10.22\bd0dccebdf3744c75f1ca20063f16e8f7d5e663f\realms-1.10.22.jar
[22:37:43] [Client thread/TRACE] [FML]: Skipping known library file C:\Users\Evan\.gradle\caches\modules-2\files-2.1\org.apache.httpcomponents\httpclient\4.3.3\18f4247ff4572a074444572cee34647c43e7c9c7\httpclient-4.3.3.jar
[22:37:43] [Client thread/TRACE] [FML]: Skipping known library file C:\Users\Evan\.gradle\caches\modules-2\files-2.1\commons-codec\commons-codec\1.10\4b95f4897fa13f2cd904aee711aeafc0c5295cd8\commons-codec-1.10.jar
[22:37:43] [Client thread/TRACE] [FML]: Skipping known library file C:\Users\Evan\.gradle\caches\modules-2\files-2.1\org.lwjgl.lwjgl\lwjgl_util\2.9.4-nightly-20150209\d51a7c040a721d13efdfbd34f8b257b2df882ad0\lwjgl_util-2.9.4-nightly-20150209.jar
[22:37:43] [Client thread/TRACE] [FML]: Skipping known library file C:\Users\Evan\.gradle\caches\modules-2\files-2.1\org.lwjgl.lwjgl\lwjgl\2.9.4-nightly-20150209\697517568c68e78ae0b4544145af031c81082dfe\lwjgl-2.9.4-nightly-20150209.jar
[22:37:43] [Client thread/TRACE] [FML]: Skipping known library file C:\Users\Evan\.gradle\caches\modules-2\files-2.1\net.java.jinput\jinput\2.0.5\39c7796b469a600f72380316f6b1f11db6c2c7c4\jinput-2.0.5.jar
[22:37:43] [Client thread/TRACE] [FML]: Skipping known library file C:\Users\Evan\.gradle\caches\modules-2\files-2.1\net.java.jutils\jutils\1.0.0\e12fe1fda814bd348c1579329c86943d2cd3c6a6\jutils-1.0.0.jar
[22:37:43] [Client thread/TRACE] [FML]: Skipping known library file C:\Users\Evan\.gradle\caches\modules-2\files-2.1\com.google.code.gson\gson\2.8.0\c4ba5371a29ac9b2ad6129b1d39ea38750043eff\gson-2.8.0.jar
[22:37:43] [Client thread/TRACE] [FML]: Skipping known library file C:\Users\Evan\.gradle\caches\modules-2\files-2.1\org.apache.commons\commons-compress\1.8.1\a698750c16740fd5b3871425f4cb3bbaa87f529d\commons-compress-1.8.1.jar
[22:37:43] [Client thread/TRACE] [FML]: Skipping known library file C:\Users\Evan\.gradle\caches\modules-2\files-2.1\commons-logging\commons-logging\1.1.3\f6f66e966c70a83ffbdb6f17a0919eaf7c8aca7f\commons-logging-1.1.3.jar
[22:37:43] [Client thread/TRACE] [FML]: Skipping known library file C:\Users\Evan\.gradle\caches\modules-2\files-2.1\org.apache.httpcomponents\httpcore\4.3.2\31fbbff1ddbf98f3aa7377c94d33b0447c646b6e\httpcore-4.3.2.jar
[22:37:43] [Client thread/TRACE] [FML]: Skipping known library file C:\Users\Evan\.gradle\caches\modules-2\files-2.1\it.unimi.dsi\fastutil\7.1.0\9835253257524c1be7ab50c057aa2d418fb72082\fastutil-7.1.0.jar
[22:37:43] [Client thread/TRACE] [FML]: Skipping known library file C:\Users\Evan\.gradle\caches\modules-2\files-2.1\org.lwjgl.lwjgl\lwjgl-platform\2.9.4-nightly-20150209\b04f3ee8f5e43fa3b162981b50bb72fe1acabb33\lwjgl-platform-2.9.4-nightly-20150209.jar
[22:37:43] [Client thread/TRACE] [FML]: Skipping known library file C:\Users\Evan\.gradle\caches\modules-2\files-2.1\org.lwjgl.lwjgl\lwjgl-platform\2.9.4-nightly-20150209\b84d5102b9dbfabfeb5e43c7e2828d98a7fc80e0\lwjgl-platform-2.9.4-nightly-20150209-natives-windows.jar
[22:37:43] [Client thread/TRACE] [FML]: Skipping known library file C:\Users\Evan\.gradle\caches\modules-2\files-2.1\org.lwjgl.lwjgl\lwjgl-platform\2.9.4-nightly-20150209\931074f46c795d2f7b30ed6395df5715cfd7675b\lwjgl-platform-2.9.4-nightly-20150209-natives-linux.jar
[22:37:43] [Client thread/TRACE] [FML]: Skipping known library file C:\Users\Evan\.gradle\caches\modules-2\files-2.1\org.lwjgl.lwjgl\lwjgl-platform\2.9.4-nightly-20150209\bcab850f8f487c3f4c4dbabde778bb82bd1a40ed\lwjgl-platform-2.9.4-nightly-20150209-natives-osx.jar
[22:37:43] [Client thread/TRACE] [FML]: Skipping known library file C:\Users\Evan\.gradle\caches\modules-2\files-2.1\net.java.jinput\jinput-platform\2.0.5\385ee093e01f587f30ee1c8a2ee7d408fd732e16\jinput-platform-2.0.5-natives-windows.jar
[22:37:43] [Client thread/TRACE] [FML]: Skipping known library file C:\Users\Evan\.gradle\caches\modules-2\files-2.1\net.java.jinput\jinput-platform\2.0.5\7ff832a6eb9ab6a767f1ade2b548092d0fa64795\jinput-platform-2.0.5-natives-linux.jar
[22:37:43] [Client thread/TRACE] [FML]: Skipping known library file C:\Users\Evan\.gradle\caches\modules-2\files-2.1\net.java.jinput\jinput-platform\2.0.5\53f9c919f34d2ca9de8c51fc4e1e8282029a9232\jinput-platform-2.0.5-natives-osx.jar
[22:37:43] [Client thread/DEBUG] [FML]: Found a minecraft related file at C:\Users\Evan\.gradle\caches\modules-2\files-2.1\org.codehaus.plexus\plexus-utils\3.1.0\60eecb6f15abdb1c653ad80abaac6fe188b3feaa\plexus-utils-3.1.0.jar, examining for mod candidates
[22:37:43] [Client thread/DEBUG] [FML]: Found a minecraft related file at C:\Users\Evan\eclipse\java-2023-06\eclipse\configuration\org.eclipse.osgi\248\0\.cp\lib\javaagent-shaded.jar, examining for mod candidates
[22:37:43] [Client thread/DEBUG] [FML]: Minecraft jar mods loaded successfully
[22:37:43] [Client thread/INFO] [FML]: Searching C:\Users\Evan\Documents\GitHub\Dragon-Tweaks\run\.\mods for mods
[22:37:43] [Client thread/DEBUG] [FML]: Examining directory main for potential mods
[22:37:43] [Client thread/ERROR] [FML]: The mcmod.info file in main cannot be parsed as valid JSON. It will be ignored
com.google.gson.JsonSyntaxException: com.google.gson.stream.MalformedJsonException: Unterminated object at line 10 column 19 path $[0].authorList
	at com.google.gson.internal.Streams.parse(Streams.java:60) ~[Streams.class:?]
	at com.google.gson.JsonParser.parse(JsonParser.java:84) ~[JsonParser.class:?]
	at com.google.gson.JsonParser.parse(JsonParser.java:59) ~[JsonParser.class:?]
	at net.minecraftforge.fml.common.MetadataCollection.from(MetadataCollection.java:63) [MetadataCollection.class:?]
	at net.minecraftforge.fml.common.discovery.DirectoryDiscoverer.exploreFileSystem(DirectoryDiscoverer.java:80) [DirectoryDiscoverer.class:?]
	at net.minecraftforge.fml.common.discovery.DirectoryDiscoverer.discover(DirectoryDiscoverer.java:62) [DirectoryDiscoverer.class:?]
	at net.minecraftforge.fml.common.discovery.ContainerType.findMods(ContainerType.java:47) [ContainerType.class:?]
	at net.minecraftforge.fml.common.discovery.ModCandidate.explore(ModCandidate.java:74) [ModCandidate.class:?]
	at net.minecraftforge.fml.common.discovery.ModDiscoverer.identifyMods(ModDiscoverer.java:93) [ModDiscoverer.class:?]
	at net.minecraftforge.fml.common.Loader.identifyMods(Loader.java:427) [Loader.class:?]
	at net.minecraftforge.fml.common.Loader.loadMods(Loader.java:568) [Loader.class:?]
	at net.minecraftforge.fml.client.FMLClientHandler.beginMinecraftLoading(FMLClientHandler.java:232) [FMLClientHandler.class:?]
	at net.minecraft.client.Minecraft.init(Minecraft.java:467) [Minecraft.class:?]
	at net.minecraft.client.Minecraft.run(Minecraft.java:378) [Minecraft.class:?]
	at net.minecraft.client.main.Main.main(Main.java:118) [Main.class:?]
	at sun.reflect.NativeMethodAccessorImpl.invoke0(Native Method) ~[?:1.8.0_412]
	at sun.reflect.NativeMethodAccessorImpl.invoke(NativeMethodAccessorImpl.java:62) ~[?:1.8.0_412]
	at sun.reflect.DelegatingMethodAccessorImpl.invoke(DelegatingMethodAccessorImpl.java:43) ~[?:1.8.0_412]
	at java.lang.reflect.Method.invoke(Method.java:498) ~[?:1.8.0_412]
	at net.minecraft.launchwrapper.Launch.launch(Launch.java:135) [launchwrapper-1.12.jar:?]
	at net.minecraft.launchwrapper.Launch.main(Launch.java:28) [launchwrapper-1.12.jar:?]
	at sun.reflect.NativeMethodAccessorImpl.invoke0(Native Method) ~[?:1.8.0_412]
	at sun.reflect.NativeMethodAccessorImpl.invoke(NativeMethodAccessorImpl.java:62) ~[?:1.8.0_412]
	at sun.reflect.DelegatingMethodAccessorImpl.invoke(DelegatingMethodAccessorImpl.java:43) ~[?:1.8.0_412]
	at java.lang.reflect.Method.invoke(Method.java:498) ~[?:1.8.0_412]
	at net.minecraftforge.legacydev.Main.start(Main.java:86) [legacydev-0.2.3.1-fatjar.jar:0.2.3.1+4+372be23]
	at net.minecraftforge.legacydev.MainClient.main(MainClient.java:29) [legacydev-0.2.3.1-fatjar.jar:0.2.3.1+4+372be23]
Caused by: com.google.gson.stream.MalformedJsonException: Unterminated object at line 10 column 19 path $[0].authorList
	at com.google.gson.stream.JsonReader.syntaxError(JsonReader.java:1559) ~[JsonReader.class:?]
	at com.google.gson.stream.JsonReader.doPeek(JsonReader.java:491) ~[JsonReader.class:?]
	at com.google.gson.stream.JsonReader.hasNext(JsonReader.java:414) ~[JsonReader.class:?]
	at com.google.gson.internal.bind.TypeAdapters$29.read(TypeAdapters.java:738) ~[TypeAdapters$29.class:?]
	at com.google.gson.internal.bind.TypeAdapters$29.read(TypeAdapters.java:731) ~[TypeAdapters$29.class:?]
	at com.google.gson.internal.bind.TypeAdapters$29.read(TypeAdapters.java:714) ~[TypeAdapters$29.class:?]
	at com.google.gson.internal.Streams.parse(Streams.java:48) ~[Streams.class:?]
	... 26 more
[22:37:43] [Client thread/DEBUG] [FML]: Found an mcmod.info file in directory main
[22:37:43] [Client thread/TRACE] [FML]: Recursing into package com
[22:37:43] [Client thread/TRACE] [FML]: Recursing into package com/sweebow
[22:37:43] [Client thread/TRACE] [FML]: Recursing into package com/sweebow/dragontweaks
[22:37:43] [Client thread/DEBUG] [FML]: Identified a mod of type Lnet/minecraftforge/fml/common/Mod; (com.sweebow.dragontweaks.DragonTweaks) - loading
[22:37:43] [Client thread/TRACE] [FML]: Parsed dependency info for dragontweaks: Requirements: [] After:[] Before:[]
[22:37:43] [Client thread/INFO] [FML]: Mod dragontweaks is missing the required element 'name'. Substituting dragontweaks
[22:37:43] [Client thread/DEBUG] [FML]: Attempting to load the file version.properties from main to locate a version number for mod dragontweaks
[22:37:43] [Client thread/WARN] [FML]: Mod dragontweaks is missing the required element 'version' and no fallback can be found. Substituting '1.0'.
[22:37:43] [Client thread/TRACE] [FML]: Recursing into package com/sweebow/dragontweaks/mixin
[22:37:43] [Client thread/DEBUG] [FML]: Examining directory test for potential mods
[22:37:44] [Client thread/DEBUG] [FML]: No mcmod.info file found in directory test
[22:37:44] [Client thread/DEBUG] [FML]: Examining file mixin-0.8.3-SNAPSHOT.jar for potential mods
[22:37:44] [Client thread/DEBUG] [FML]: The mod container mixin-0.8.3-SNAPSHOT.jar appears to be missing an mcmod.info file
[22:37:44] [Client thread/DEBUG] [FML]: Examining file forge-1.12.2-14.23.5.2860_mapped_snapshot_20180814-1.12-recomp.jar for potential mods
[22:37:44] [Client thread/DEBUG] [FML]: The mod container forge-1.12.2-14.23.5.2860_mapped_snapshot_20180814-1.12-recomp.jar appears to be missing an mcmod.info file
[22:37:45] [Thread-3/INFO] [FML]: Using sync timing. 200 frames of Display.update took 419825400 nanos
[22:37:46] [Client thread/DEBUG] [FML]: Examining file client-extra.jar for potential mods
[22:37:46] [Client thread/DEBUG] [FML]: The mod container client-extra.jar appears to be missing an mcmod.info file
[22:37:46] [Client thread/DEBUG] [FML]: Examining file jsr305-3.0.1.jar for potential mods
[22:37:46] [Client thread/DEBUG] [FML]: The mod container jsr305-3.0.1.jar appears to be missing an mcmod.info file
[22:37:46] [Client thread/DEBUG] [FML]: Examining file mcp_snapshot-20180814-1.12.zip for potential mods
[22:37:46] [Client thread/DEBUG] [FML]: The mod container mcp_snapshot-20180814-1.12.zip appears to be missing an mcmod.info file
[22:37:46] [Client thread/DEBUG] [FML]: Examining file asm-debug-all-5.2.jar for potential mods
[22:37:46] [Client thread/DEBUG] [FML]: The mod container asm-debug-all-5.2.jar appears to be missing an mcmod.info file
[22:37:46] [Client thread/DEBUG] [FML]: Examining file maven-artifact-3.5.3.jar for potential mods
[22:37:46] [Client thread/DEBUG] [FML]: The mod container maven-artifact-3.5.3.jar appears to be missing an mcmod.info file
[22:37:46] [Client thread/DEBUG] [FML]: Examining file text2speech-1.10.3.jar for potential mods
[22:37:46] [Client thread/DEBUG] [FML]: The mod container text2speech-1.10.3.jar appears to be missing an mcmod.info file
[22:37:46] [Client thread/DEBUG] [FML]: Examining file text2speech-1.10.3-natives-windows.jar for potential mods
[22:37:46] [Client thread/DEBUG] [FML]: The mod container text2speech-1.10.3-natives-windows.jar appears to be missing an mcmod.info file
[22:37:46] [Client thread/DEBUG] [FML]: Examining file legacydev-0.2.3.1-fatjar.jar for potential mods
[22:37:46] [Client thread/DEBUG] [FML]: The mod container legacydev-0.2.3.1-fatjar.jar appears to be missing an mcmod.info file
[22:37:46] [Client thread/DEBUG] [FML]: Examining file patchy-1.3.9.jar for potential mods
[22:37:46] [Client thread/DEBUG] [FML]: The mod container patchy-1.3.9.jar appears to be missing an mcmod.info file
[22:37:46] [Client thread/DEBUG] [FML]: Examining file java-objc-bridge-1.0.0.jar for potential mods
[22:37:46] [Client thread/DEBUG] [FML]: The mod container java-objc-bridge-1.0.0.jar appears to be missing an mcmod.info file
[22:37:46] [Client thread/DEBUG] [FML]: Examining file plexus-utils-3.1.0.jar for potential mods
[22:37:46] [Client thread/DEBUG] [FML]: The mod container plexus-utils-3.1.0.jar appears to be missing an mcmod.info file
[22:37:46] [Client thread/DEBUG] [FML]: Examining file javaagent-shaded.jar for potential mods
[22:37:46] [Client thread/DEBUG] [FML]: The mod container javaagent-shaded.jar appears to be missing an mcmod.info file
[22:37:46] [Client thread/INFO] [FML]: Forge Mod Loader has identified 5 mods to load
[22:37:46] [Client thread/TRACE] [FML]: Received a system property request ''
[22:37:46] [Client thread/TRACE] [FML]: System property request managing the state of 0 mods
[22:37:46] [Client thread/DEBUG] [FML]: After merging, found state information for 0 mods
[22:37:46] [Client thread/DEBUG] [FML]: Mod Forge Mod Loader is missing a pack.mcmeta file, substituting a dummy one
[22:37:46] [Client thread/DEBUG] [FML]: Mod Minecraft Forge is missing a pack.mcmeta file, substituting a dummy one
[22:37:46] [Client thread/DEBUG] [FML]: Enabling mod dragontweaks
[22:37:46] [Client thread/TRACE] [FML]: Verifying mod requirements are satisfied
[22:37:46] [Client thread/TRACE] [FML]: All mod requirements are satisfied
[22:37:46] [Client thread/TRACE] [FML]: Sorting mods into an ordered list
[22:37:46] [Client thread/TRACE] [FML]: Mod sorting completed successfully
[22:37:46] [Client thread/DEBUG] [FML]: Mod sorting data
[22:37:46] [Client thread/DEBUG] [FML]: 	dragontweaks(dragontweaks:1.0): main ()
[22:37:46] [Client thread/DEBUG] [FML]: Loading @Config anotation data
[22:37:47] [Client thread/TRACE] [FML]: Sending event FMLConstructionEvent to mod minecraft
[22:37:47] [Client thread/TRACE] [FML]: Sent event FMLConstructionEvent to mod minecraft
[22:37:47] [Client thread/DEBUG] [FML]: Bar Step: Construction - Minecraft took 0.028s
[22:37:47] [Client thread/TRACE] [FML]: Sending event FMLConstructionEvent to mod mcp
[22:37:47] [Client thread/TRACE] [FML]: Sent event FMLConstructionEvent to mod mcp
[22:37:47] [Client thread/DEBUG] [FML]: Bar Step: Construction - Minecraft Coder Pack took 0.006s
[22:37:47] [Client thread/TRACE] [FML]: Sending event FMLConstructionEvent to mod FML
[22:37:47] [Client thread/TRACE] [FML]: Mod FML is using network checker : Invoking method checkModLists
[22:37:47] [Client thread/TRACE] [FML]: Testing mod FML to verify it accepts its own version in a remote connection
[22:37:47] [Client thread/TRACE] [FML]: The mod FML accepts its own version (8.0.99.99)
[22:37:47] [Client thread/INFO] [FML]: Attempting connection with missing mods [minecraft, mcp, FML, forge, dragontweaks] at CLIENT
[22:37:47] [Client thread/INFO] [FML]: Attempting connection with missing mods [minecraft, mcp, FML, forge, dragontweaks] at SERVER
[22:37:48] [Client thread/TRACE] [FML]: Sent event FMLConstructionEvent to mod FML
[22:37:48] [Client thread/DEBUG] [FML]: Bar Step: Construction - Forge Mod Loader took 1.701s
[22:37:48] [Client thread/TRACE] [FML]: Sending event FMLConstructionEvent to mod forge
[22:37:48] [Client thread/DEBUG] [forge]: Loading Vanilla annotations: null
[22:37:48] [Client thread/DEBUG] [forge]: Preloading CrashReport Classes
[22:37:48] [Client thread/DEBUG] [forge]: 	net/minecraft/client/Minecraft$10
[22:37:48] [Client thread/DEBUG] [forge]: 	net/minecraft/client/Minecraft$11
[22:37:48] [Client thread/DEBUG] [forge]: 	net/minecraft/client/Minecraft$12
[22:37:48] [Client thread/DEBUG] [forge]: 	net/minecraft/client/Minecraft$13
[22:37:48] [Client thread/DEBUG] [forge]: 	net/minecraft/client/Minecraft$14
[22:37:48] [Client thread/DEBUG] [forge]: 	net/minecraft/client/Minecraft$2
[22:37:48] [Client thread/DEBUG] [forge]: 	net/minecraft/client/Minecraft$3
[22:37:48] [Client thread/DEBUG] [forge]: 	net/minecraft/client/Minecraft$4
[22:37:48] [Client thread/DEBUG] [forge]: 	net/minecraft/client/Minecraft$5
[22:37:48] [Client thread/DEBUG] [forge]: 	net/minecraft/client/Minecraft$6
[22:37:48] [Client thread/DEBUG] [forge]: 	net/minecraft/client/Minecraft$7
[22:37:48] [Client thread/DEBUG] [forge]: 	net/minecraft/client/Minecraft$8
[22:37:48] [Client thread/DEBUG] [forge]: 	net/minecraft/client/Minecraft$9
[22:37:48] [Client thread/DEBUG] [forge]: 	net/minecraft/client/multiplayer/WorldClient$1
[22:37:48] [Client thread/DEBUG] [forge]: 	net/minecraft/client/multiplayer/WorldClient$2
[22:37:48] [Client thread/DEBUG] [forge]: 	net/minecraft/client/multiplayer/WorldClient$3
[22:37:48] [Client thread/DEBUG] [forge]: 	net/minecraft/client/multiplayer/WorldClient$4
[22:37:48] [Client thread/DEBUG] [forge]: 	net/minecraft/client/particle/ParticleManager$1
[22:37:48] [Client thread/DEBUG] [forge]: 	net/minecraft/client/particle/ParticleManager$2
[22:37:48] [Client thread/DEBUG] [forge]: 	net/minecraft/client/particle/ParticleManager$3
[22:37:48] [Client thread/DEBUG] [forge]: 	net/minecraft/client/particle/ParticleManager$4
[22:37:48] [Client thread/DEBUG] [forge]: 	net/minecraft/client/renderer/EntityRenderer$2
[22:37:48] [Client thread/DEBUG] [forge]: 	net/minecraft/client/renderer/EntityRenderer$3
[22:37:48] [Client thread/DEBUG] [forge]: 	net/minecraft/client/renderer/EntityRenderer$4
[22:37:48] [Client thread/DEBUG] [forge]: 	net/minecraft/client/renderer/RenderGlobal$1
[22:37:48] [Client thread/DEBUG] [forge]: 	net/minecraft/client/renderer/RenderItem$1
[22:37:48] [Client thread/DEBUG] [forge]: 	net/minecraft/client/renderer/RenderItem$2
[22:37:48] [Client thread/DEBUG] [forge]: 	net/minecraft/client/renderer/RenderItem$3
[22:37:48] [Client thread/DEBUG] [forge]: 	net/minecraft/client/renderer/RenderItem$4
[22:37:48] [Client thread/DEBUG] [forge]: 	net/minecraft/client/renderer/texture/TextureAtlasSprite$1
[22:37:48] [Client thread/DEBUG] [forge]: 	net/minecraft/client/renderer/texture/TextureManager$1
[22:37:48] [Client thread/DEBUG] [forge]: 	net/minecraft/client/renderer/texture/TextureMap$1
[22:37:48] [Client thread/DEBUG] [forge]: 	net/minecraft/client/renderer/texture/TextureMap$2
[22:37:48] [Client thread/DEBUG] [forge]: 	net/minecraft/client/renderer/texture/TextureMap$3
[22:37:48] [Client thread/DEBUG] [forge]: 	net/minecraft/crash/CrashReport$1
[22:37:48] [Client thread/DEBUG] [forge]: 	net/minecraft/crash/CrashReport$2
[22:37:48] [Client thread/DEBUG] [forge]: 	net/minecraft/crash/CrashReport$3
[22:37:48] [Client thread/DEBUG] [forge]: 	net/minecraft/crash/CrashReport$4
[22:37:48] [Client thread/DEBUG] [forge]: 	net/minecraft/crash/CrashReport$5
[22:37:48] [Client thread/DEBUG] [forge]: 	net/minecraft/crash/CrashReport$6
[22:37:48] [Client thread/DEBUG] [forge]: 	net/minecraft/crash/CrashReport$7
[22:37:48] [Client thread/DEBUG] [forge]: 	net/minecraft/crash/CrashReportCategory$1
[22:37:48] [Client thread/DEBUG] [forge]: 	net/minecraft/crash/CrashReportCategory$2
[22:37:48] [Client thread/DEBUG] [forge]: 	net/minecraft/crash/CrashReportCategory$3
[22:37:48] [Client thread/DEBUG] [forge]: 	net/minecraft/crash/CrashReportCategory$4
[22:37:48] [Client thread/DEBUG] [forge]: 	net/minecraft/crash/CrashReportCategory$5
[22:37:48] [Client thread/DEBUG] [forge]: 	net/minecraft/entity/Entity$2
[22:37:48] [Client thread/DEBUG] [forge]: 	net/minecraft/entity/Entity$3
[22:37:48] [Client thread/DEBUG] [forge]: 	net/minecraft/entity/Entity$4
[22:37:48] [Client thread/DEBUG] [forge]: 	net/minecraft/entity/Entity$5
[22:37:48] [Client thread/DEBUG] [forge]: 	net/minecraft/entity/EntityTracker$1
[22:37:48] [Client thread/DEBUG] [forge]: 	net/minecraft/entity/player/InventoryPlayer$1
[22:37:48] [Client thread/DEBUG] [forge]: 	net/minecraft/nbt/NBTTagCompound$1
[22:37:48] [Client thread/DEBUG] [forge]: 	net/minecraft/nbt/NBTTagCompound$2
[22:37:48] [Client thread/DEBUG] [forge]: 	net/minecraft/network/NetHandlerPlayServer$3
[22:37:48] [Client thread/DEBUG] [forge]: 	net/minecraft/network/NetworkSystem$6
[22:37:48] [Client thread/DEBUG] [forge]: 	net/minecraft/server/MinecraftServer$2
[22:37:48] [Client thread/DEBUG] [forge]: 	net/minecraft/server/MinecraftServer$3
[22:37:48] [Client thread/DEBUG] [forge]: 	net/minecraft/server/dedicated/DedicatedServer$3
[22:37:48] [Client thread/DEBUG] [forge]: 	net/minecraft/server/dedicated/DedicatedServer$4
[22:37:48] [Client thread/DEBUG] [forge]: 	net/minecraft/server/integrated/IntegratedServer$1
[22:37:48] [Client thread/DEBUG] [forge]: 	net/minecraft/server/integrated/IntegratedServer$2
[22:37:48] [Client thread/DEBUG] [forge]: 	net/minecraft/tileentity/CommandBlockBaseLogic$1
[22:37:48] [Client thread/DEBUG] [forge]: 	net/minecraft/tileentity/CommandBlockBaseLogic$2
[22:37:48] [Client thread/DEBUG] [forge]: 	net/minecraft/tileentity/TileEntity$1
[22:37:48] [Client thread/DEBUG] [forge]: 	net/minecraft/tileentity/TileEntity$2
[22:37:48] [Client thread/DEBUG] [forge]: 	net/minecraft/tileentity/TileEntity$3
[22:37:48] [Client thread/DEBUG] [forge]: 	net/minecraft/world/World$1
[22:37:48] [Client thread/DEBUG] [forge]: 	net/minecraft/world/World$2
[22:37:48] [Client thread/DEBUG] [forge]: 	net/minecraft/world/World$3
[22:37:48] [Client thread/DEBUG] [forge]: 	net/minecraft/world/World$4
[22:37:48] [Client thread/DEBUG] [forge]: 	net/minecraft/world/World$5
[22:37:48] [Client thread/DEBUG] [forge]: 	net/minecraft/world/chunk/Chunk$1
[22:37:48] [Client thread/DEBUG] [forge]: 	net/minecraft/world/gen/structure/MapGenStructure$1
[22:37:48] [Client thread/DEBUG] [forge]: 	net/minecraft/world/gen/structure/MapGenStructure$2
[22:37:48] [Client thread/DEBUG] [forge]: 	net/minecraft/world/gen/structure/MapGenStructure$3
[22:37:48] [Client thread/DEBUG] [forge]: 	net/minecraft/world/storage/WorldInfo$10
[22:37:48] [Client thread/DEBUG] [forge]: 	net/minecraft/world/storage/WorldInfo$2
[22:37:48] [Client thread/DEBUG] [forge]: 	net/minecraft/world/storage/WorldInfo$3
[22:37:48] [Client thread/DEBUG] [forge]: 	net/minecraft/world/storage/WorldInfo$4
[22:37:48] [Client thread/DEBUG] [forge]: 	net/minecraft/world/storage/WorldInfo$5
[22:37:48] [Client thread/DEBUG] [forge]: 	net/minecraft/world/storage/WorldInfo$6
[22:37:49] [Client thread/DEBUG] [forge]: 	net/minecraft/world/storage/WorldInfo$7
[22:37:49] [Client thread/DEBUG] [forge]: 	net/minecraft/world/storage/WorldInfo$8
[22:37:49] [Client thread/DEBUG] [forge]: 	net/minecraft/world/storage/WorldInfo$9
[22:37:49] [Client thread/DEBUG] [forge]: 	net/minecraftforge/common/util/TextTable
[22:37:49] [Client thread/DEBUG] [forge]: 	net/minecraftforge/common/util/TextTable$Alignment
[22:37:49] [Client thread/DEBUG] [forge]: 	net/minecraftforge/common/util/TextTable$Column
[22:37:49] [Client thread/DEBUG] [forge]: 	net/minecraftforge/common/util/TextTable$Row
[22:37:49] [Client thread/DEBUG] [forge]: 	net/minecraftforge/fml/client/SplashProgress$1
[22:37:49] [Client thread/DEBUG] [forge]: 	net/minecraftforge/fml/common/FMLCommonHandler$1
[22:37:49] [Client thread/DEBUG] [forge]: 	net/minecraftforge/fml/common/ICrashCallable
[22:37:49] [Client thread/DEBUG] [forge]: 	net/minecraftforge/fml/common/Loader$1
[22:37:49] [Client thread/TRACE] [FML]: Mod forge is using network checker : No network checking performed
[22:37:49] [Client thread/TRACE] [FML]: Testing mod forge to verify it accepts its own version in a remote connection
[22:37:49] [Client thread/TRACE] [FML]: The mod forge accepts its own version (14.23.5.2860)
[22:37:49] [Client thread/DEBUG] [FML]: Attempting to inject @Config classes into forge for type INSTANCE
[22:37:49] [Client thread/TRACE] [FML]: Sent event FMLConstructionEvent to mod forge
[22:37:49] [Client thread/DEBUG] [FML]: Bar Step: Construction - Minecraft Forge took 0.373s
[22:37:49] [Client thread/TRACE] [FML]: Sending event FMLConstructionEvent to mod dragontweaks
[22:37:49] [Client thread/TRACE] [FML]: Mod dragontweaks is using network checker : Accepting version 1.0
[22:37:49] [Client thread/TRACE] [FML]: Testing mod dragontweaks to verify it accepts its own version in a remote connection
[22:37:49] [Client thread/TRACE] [FML]: The mod dragontweaks accepts its own version (1.0)
[22:37:49] [Client thread/DEBUG] [FML]: Attempting to inject @SidedProxy classes into dragontweaks
[22:37:49] [Client thread/DEBUG] [FML]: Attempting to inject @EventBusSubscriber classes into the eventbus for dragontweaks
[22:37:49] [Client thread/DEBUG] [FML]: Attempting to inject @Config classes into dragontweaks for type INSTANCE
[22:37:49] [Client thread/TRACE] [FML]: Sent event FMLConstructionEvent to mod dragontweaks
[22:37:49] [Client thread/DEBUG] [FML]: Bar Step: Construction - dragontweaks took 0.126s
[22:37:49] [Client thread/DEBUG] [FML]: Bar Finished: Construction took 2.234s
[22:37:49] [Client thread/DEBUG] [FML]: Mod signature data
[22:37:49] [Client thread/DEBUG] [FML]:  	Valid Signatures:
[22:37:49] [Client thread/DEBUG] [FML]:  	Missing Signatures:
[22:37:49] [Client thread/DEBUG] [FML]: 		minecraft	(Minecraft	1.12.2)	minecraft.jar
[22:37:49] [Client thread/DEBUG] [FML]: 		mcp	(Minecraft Coder Pack	9.42)	minecraft.jar
[22:37:49] [Client thread/DEBUG] [FML]: 		FML	(Forge Mod Loader	8.0.99.99)	forge-1.12.2-14.23.5.2860_mapped_snapshot_20180814-1.12-recomp.jar
[22:37:49] [Client thread/DEBUG] [FML]: 		forge	(Minecraft Forge	14.23.5.2860)	forge-1.12.2-14.23.5.2860_mapped_snapshot_20180814-1.12-recomp.jar
[22:37:49] [Client thread/DEBUG] [FML]: 		dragontweaks	(dragontweaks	1.0)	main
[22:37:49] [Client thread/INFO] [net.minecraft.client.resources.SimpleReloadableResourceManager]: Reloading ResourceManager: Default, FMLFileResourcePack:Forge Mod Loader, FMLFileResourcePack:Minecraft Forge, FMLFileResourcePack:dragontweaks
[22:37:49] [Client thread/DEBUG] [FML]: Bar Step: Loading Resources - Default took 0.016s
[22:37:49] [Client thread/DEBUG] [FML]: Bar Step: Loading Resources - FMLFileResourcePack:Forge Mod Loader took 0.005s
[22:37:49] [Client thread/DEBUG] [FML]: Bar Step: Loading Resources - FMLFileResourcePack:Minecraft Forge took 0.009s
[22:37:49] [Client thread/DEBUG] [FML]: Bar Step: Loading Resources - FMLFileResourcePack:dragontweaks took 0.001s
[22:37:49] [Client thread/DEBUG] [FML]: Bar Finished: Reloading - LanguageManager took 0.118s
[22:37:49] [Client thread/DEBUG] [FML]: Bar Step: Loading Resources - Reloading listeners took 0.119s
[22:37:49] [Client thread/DEBUG] [FML]: Bar Finished: Loading Resources took 0.150s
[22:37:49] [Client thread/DEBUG] [FML]: Mod Forge Mod Loader is missing a pack.mcmeta file, substituting a dummy one
[22:37:49] [Client thread/DEBUG] [FML]: Mod Minecraft Forge is missing a pack.mcmeta file, substituting a dummy one
[22:37:49] [Client thread/INFO] [FML]: Processing ObjectHolder annotations
[22:37:49] [Client thread/INFO] [FML]: Found 1168 ObjectHolder annotations
[22:37:49] [Client thread/INFO] [FML]: Identifying ItemStackHolder annotations
[22:37:49] [Client thread/INFO] [FML]: Found 0 ItemStackHolder annotations
[22:37:49] [Client thread/TRACE] [FML]: Sending event FMLPreInitializationEvent to mod minecraft
[22:37:49] [Client thread/TRACE] [FML]: Sent event FMLPreInitializationEvent to mod minecraft
[22:37:49] [Client thread/DEBUG] [FML]: Bar Step: PreInitialization - Minecraft took 0.000s
[22:37:49] [Client thread/TRACE] [FML]: Sending event FMLPreInitializationEvent to mod mcp
[22:37:49] [Client thread/TRACE] [FML]: Sent event FMLPreInitializationEvent to mod mcp
[22:37:49] [Client thread/DEBUG] [FML]: Bar Step: PreInitialization - Minecraft Coder Pack took 0.000s
[22:37:49] [Client thread/TRACE] [FML]: Sending event FMLPreInitializationEvent to mod FML
[22:37:49] [Client thread/TRACE] [FML]: Sent event FMLPreInitializationEvent to mod FML
[22:37:49] [Client thread/DEBUG] [FML]: Bar Step: PreInitialization - Forge Mod Loader took 0.001s
[22:37:49] [Client thread/TRACE] [FML]: Sending event FMLPreInitializationEvent to mod forge
[22:37:49] [Client thread/INFO] [FML]: Configured a dormant chunk cache size of 0
[22:37:49] [Client thread/TRACE] [FML]: Sent event FMLPreInitializationEvent to mod forge
[22:37:49] [Client thread/DEBUG] [FML]: Bar Step: PreInitialization - Minecraft Forge took 0.187s
[22:37:49] [Client thread/TRACE] [FML]: Sending event FMLPreInitializationEvent to mod dragontweaks
[22:37:49] [Client thread/TRACE] [FML]: Sent event FMLPreInitializationEvent to mod dragontweaks
[22:37:49] [Client thread/DEBUG] [FML]: Bar Step: PreInitialization - dragontweaks took 0.002s
[22:37:49] [Client thread/DEBUG] [FML]: Bar Finished: PreInitialization took 0.192s
[22:37:49] [Client thread/INFO] [FML]: Applying holder lookups
[22:37:49] [Client thread/INFO] [FML]: Holder lookups applied
[22:37:49] [Client thread/INFO] [FML]: Applying holder lookups
[22:37:49] [Client thread/INFO] [FML]: Holder lookups applied
[22:37:49] [Client thread/INFO] [FML]: Applying holder lookups
[22:37:49] [Client thread/INFO] [FML]: Holder lookups applied
[22:37:49] [Client thread/INFO] [FML]: Applying holder lookups
[22:37:49] [Client thread/INFO] [FML]: Holder lookups applied
[22:37:49] [Client thread/INFO] [FML]: Injecting itemstacks
[22:37:49] [Client thread/INFO] [FML]: Itemstack injection complete
[22:37:49] [Forge Version Check/INFO] [forge.VersionCheck]: [forge] Starting version check at http://files.minecraftforge.net/maven/net/minecraftforge/forge/promotions_slim.json
[22:37:49] [Client thread/DEBUG] [FML]: Bar Finished: Loading Resource - TextureManager took 0.000s
[22:37:50] [Forge Version Check/DEBUG] [forge.VersionCheck]: [forge] Received version check data:
{
  "homepage": "https://files.minecraftforge.net/net/minecraftforge/forge/",
  "promos": {
    "1.1-latest": "1.3.4.29",
    "1.2.3-latest": "1.4.1.64",
    "1.2.4-latest": "2.0.0.68",
    "1.2.5-latest": "3.4.9.171",
    "1.3.2-latest": "4.3.5.318",
    "1.4.0-latest": "5.0.0.326",
    "1.4.1-latest": "6.0.0.329",
    "1.4.2-latest": "6.0.1.355",
    "1.4.3-latest": "6.2.1.358",
    "1.4.4-latest": "6.3.0.378",
    "1.4.5-latest": "6.4.2.448",
    "1.4.6-latest": "6.5.0.489",
    "1.4.7-latest": "6.6.2.534",
    "1.5-latest": "7.7.0.598",
    "1.5.1-latest": "7.7.2.682",
    "1.5.2-latest": "7.8.1.738",
    "1.5.2-recommended": "7.8.1.738",
    "1.6.1-latest": "8.9.0.775",
    "1.6.2-latest": "9.10.1.871",
    "1.6.2-recommended": "9.10.1.871",
    "1.6.3-latest": "9.11.0.878",
    "1.6.4-latest": "9.11.1.1345",
    "1.6.4-recommended": "9.11.1.1345",
    "1.7.2-latest": "10.12.2.1161",
    "1.7.2-recommended": "10.12.2.1161",
    "1.7.10_pre4-latest": "10.12.2.1149",
    "1.7.10-latest": "10.13.4.1614",
    "1.7.10-recommended": "10.13.4.1614",
    "1.8-latest": "11.14.4.1577",
    "1.8-recommended": "11.14.4.1563",
    "1.8.8-latest": "11.15.0.1655",
    "1.8.9-latest": "11.15.1.2318",
    "1.8.9-recommended": "11.15.1.2318",
    "1.9-latest": "12.16.1.1938",
    "1.9-recommended": "12.16.1.1887",
    "1.9.4-latest": "12.17.0.2317",
    "1.9.4-recommended": "12.17.0.2317",
    "1.10-latest": "12.18.0.2000",
    "1.10.2-latest": "12.18.3.2511",
    "1.10.2-recommended": "12.18.3.2511",
    "1.11-latest": "13.19.1.2199",
    "1.11-recommended": "13.19.1.2189",
    "1.11.2-latest": "13.20.1.2588",
    "1.11.2-recommended": "13.20.1.2588",
    "1.12-latest": "14.21.1.2443",
    "1.12-recommended": "14.21.1.2387",
    "1.12.1-latest": "14.22.1.2485",
    "1.12.1-recommended": "14.22.1.2478",
    "1.12.2-latest": "14.23.5.2860",
    "1.12.2-recommended": "14.23.5.2859",
    "1.13.2-latest": "25.0.223",
    "1.14.2-latest": "26.0.63",
    "1.14.3-latest": "27.0.60",
    "1.14.4-latest": "28.2.26",
    "1.14.4-recommended": "28.2.26",
    "1.15-latest": "29.0.4",
    "1.15.1-latest": "30.0.51",
    "1.15.2-latest": "31.2.57",
    "1.15.2-recommended": "31.2.57",
    "1.16.1-latest": "32.0.108",
    "1.16.2-latest": "33.0.61",
    "1.16.3-latest": "34.1.42",
    "1.16.3-recommended": "34.1.0",
    "1.16.4-latest": "35.1.37",
    "1.16.4-recommended": "35.1.4",
    "1.16.5-latest": "36.2.42",
    "1.16.5-recommended": "36.2.34",
    "1.17.1-latest": "37.1.1",
    "1.17.1-recommended": "37.1.1",
    "1.18-latest": "38.0.17",
    "1.18.1-latest": "39.1.2",
    "1.18.1-recommended": "39.1.0",
    "1.18.2-recommended": "40.3.0",
    "1.18.2-latest": "40.3.10",
    "1.19-latest": "41.1.0",
    "1.19-recommended": "41.1.0",
    "1.19.1-latest": "42.0.9",
    "1.19.2-recommended": "43.5.0",
    "1.19.2-latest": "43.5.0",
    "1.19.3-latest": "44.1.23",
    "1.19.3-recommended": "44.1.0",
    "1.19.4-recommended": "45.4.0",
    "1.19.4-latest": "45.4.0",
    "1.20-latest": "46.0.14",
    "1.20.1-recommended": "47.4.0",
    "1.20.1-latest": "47.4.0",
    "1.20.2-latest": "48.1.0",
    "1.20.2-recommended": "48.1.0",
    "1.20.3-latest": "49.0.2",
    "1.20.4-latest": "49.2.0",
    "1.20.4-recommended": "49.2.0",
    "1.20.6-latest": "50.2.0",
    "1.20.6-recommended": "50.2.0",
    "1.21-latest": "51.0.33",
    "1.21.1-latest": "52.1.1",
    "1.21.1-recommended": "52.1.0",
    "1.21.3-latest": "53.1.1",
    "1.21.3-recommended": "53.1.0",
    "1.21.4-latest": "54.1.3",
    "1.21.4-recommended": "54.1.0",
    "1.21.5-latest": "55.0.9"
  }
}
[22:37:50] [Forge Version Check/INFO] [forge.VersionCheck]: [forge] Found status: AHEAD Target: null
[22:37:57] [Client thread/DEBUG] [FML]: Bar Finished: Loading sounds took 7.876s
[22:37:57] [Client thread/DEBUG] [FML]: Bar Finished: Loading Resource - SoundHandler took 7.938s
[22:37:57] [Sound Library Loader/INFO] [net.minecraft.client.audio.SoundManager]: Starting up SoundSystem...
[22:37:57] [Client thread/DEBUG] [FML]: Bar Finished: Loading Resource - FontRenderer took 0.008s
[22:37:57] [Client thread/DEBUG] [FML]: Bar Finished: Loading Resource - FontRenderer took 0.009s
[22:37:57] [Client thread/DEBUG] [FML]: Bar Finished: Loading Resource - GrassColorReloadListener took 0.019s
[22:37:57] [Client thread/DEBUG] [FML]: Bar Finished: Loading Resource - FoliageColorReloadListener took 0.021s
[22:37:57] [Client thread/DEBUG] [FML]: Bar Step: Rendering Setup - GL Setup took 0.005s
[22:37:57] [Client thread/DEBUG] [FML]: Bar Step: Rendering Setup - Loading Texture Map took 0.024s
[22:37:58] [Thread-5/INFO] [net.minecraft.client.audio.SoundManager]: Initializing LWJGL OpenAL
[22:37:58] [Thread-5/INFO] [net.minecraft.client.audio.SoundManager]: (The LWJGL binding of OpenAL.  For more information, see http://www.lwjgl.org)
[22:37:58] [Client thread/DEBUG] [FML]: Bar Finished: Loading Resource - B3DLoader took 0.000s
[22:37:58] [Client thread/DEBUG] [FML]: Bar Finished: Loading Resource - OBJLoader took 0.000s
[22:37:58] [Client thread/DEBUG] [FML]: Bar Finished: Loading Resource - ModelFluid$FluidLoader took 0.001s
[22:37:58] [Client thread/DEBUG] [FML]: Bar Finished: Loading Resource - ItemLayerModel$Loader took 0.000s
[22:37:58] [Client thread/DEBUG] [FML]: Bar Finished: Loading Resource - MultiLayerModel$Loader took 0.000s
[22:37:58] [Thread-5/INFO] [net.minecraft.client.audio.SoundManager]: OpenAL initialized.
[22:37:58] [Client thread/DEBUG] [FML]: Bar Finished: Loading Resource - ModelDynBucket$LoaderDynBucket took 0.000s
[22:37:58] [Sound Library Loader/INFO] [net.minecraft.client.audio.SoundManager]: Sound engine started
[22:38:10] [Client thread/DEBUG] [FML]: Bar Finished: ModelLoader: blocks took 12.634s
[22:38:18] [Client thread/DEBUG] [FML]: Bar Finished: ModelLoader: items took 7.204s
[22:38:18] [Client thread/INFO] [FML]: Max texture size: 16384
[22:38:29] [Client thread/DEBUG] [FML]: Bar Finished: Texture stitching took 10.838s
[22:38:29] [Client thread/DEBUG] [FML]: Bar Finished: Texture stitching took 0.045s
[22:38:29] [Client thread/INFO] [net.minecraft.client.renderer.texture.TextureMap]: Created: 512x512 textures-atlas
[22:38:29] [Client thread/DEBUG] [FML]: Bar Finished: Texture creation took 0.049s
[22:38:29] [Client thread/DEBUG] [FML]: Bar Finished: Texture mipmap and upload took 0.071s
[22:38:30] [Client thread/DEBUG] [FML]: Bar Finished: ModelLoader: baking took 0.999s
[22:38:30] [Client thread/DEBUG] [FML]: Bar Finished: Loading Resource - ModelManager took 32.231s
[22:38:30] [Client thread/DEBUG] [FML]: Bar Step: Rendering Setup - Loading Model Manager took 32.552s
[22:38:31] [Client thread/DEBUG] [FML]: Bar Finished: Loading Resource - RenderItem took 0.058s
[22:38:31] [Client thread/DEBUG] [FML]: Bar Step: Rendering Setup - Loading Item Renderer took 0.967s
[22:38:31] [Client thread/DEBUG] [FML]: Bar Finished: Loading Resource - EntityRenderer took 0.001s
[22:38:31] [Client thread/DEBUG] [FML]: Bar Finished: Loading Resource - BlockRendererDispatcher took 0.000s
[22:38:31] [Client thread/DEBUG] [FML]: Bar Finished: Loading Resource - RenderGlobal took 0.000s
[22:38:32] [Client thread/DEBUG] [FML]: Bar Finished: Loading Resource - SearchTreeManager took 0.181s
[22:38:32] [Client thread/DEBUG] [FML]: Bar Step: Rendering Setup - Loading Entity Renderer took 1.545s
[22:38:32] [Client thread/DEBUG] [FML]: Bar Finished: Rendering Setup took 35.092s
[22:38:33] [Client thread/INFO] [FML]: Applying holder lookups
[22:38:33] [Client thread/INFO] [FML]: Holder lookups applied
[22:38:33] [Client thread/TRACE] [FML]: Sending event FMLInitializationEvent to mod minecraft
[22:38:33] [Client thread/TRACE] [FML]: Sent event FMLInitializationEvent to mod minecraft
[22:38:33] [Client thread/DEBUG] [FML]: Bar Step: Initialization - Minecraft took 0.000s
[22:38:33] [Client thread/TRACE] [FML]: Sending event FMLInitializationEvent to mod mcp
[22:38:33] [Client thread/TRACE] [FML]: Sent event FMLInitializationEvent to mod mcp
[22:38:33] [Client thread/DEBUG] [FML]: Bar Step: Initialization - Minecraft Coder Pack took 0.000s
[22:38:33] [Client thread/TRACE] [FML]: Sending event FMLInitializationEvent to mod FML
[22:38:33] [Client thread/TRACE] [FML]: Sent event FMLInitializationEvent to mod FML
[22:38:33] [Client thread/DEBUG] [FML]: Bar Step: Initialization - Forge Mod Loader took 0.002s
[22:38:33] [Client thread/TRACE] [FML]: Sending event FMLInitializationEvent to mod forge
[22:38:33] [Client thread/TRACE] [FML]: Sent event FMLInitializationEvent to mod forge
[22:38:33] [Client thread/DEBUG] [FML]: Bar Step: Initialization - Minecraft Forge took 0.000s
[22:38:33] [Client thread/TRACE] [FML]: Sending event FMLInitializationEvent to mod dragontweaks
[22:38:33] [Client thread/TRACE] [FML]: Sent event FMLInitializationEvent to mod dragontweaks
[22:38:33] [Client thread/DEBUG] [FML]: Bar Step: Initialization - dragontweaks took 0.000s
[22:38:33] [Client thread/DEBUG] [FML]: Bar Finished: Initialization took 0.003s
[22:38:33] [Client thread/TRACE] [FML]: Attempting to deliver 0 IMC messages to mod minecraft
[22:38:33] [Client thread/TRACE] [FML]: Sending event IMCEvent to mod minecraft
[22:38:33] [Client thread/TRACE] [FML]: Sent event IMCEvent to mod minecraft
[22:38:33] [Client thread/DEBUG] [FML]: Bar Step: InterModComms$IMC - Minecraft took 0.011s
[22:38:33] [Client thread/TRACE] [FML]: Attempting to deliver 0 IMC messages to mod mcp
[22:38:33] [Client thread/TRACE] [FML]: Sending event IMCEvent to mod mcp
[22:38:33] [Client thread/TRACE] [FML]: Sent event IMCEvent to mod mcp
[22:38:33] [Client thread/DEBUG] [FML]: Bar Step: InterModComms$IMC - Minecraft Coder Pack took 0.001s
[22:38:33] [Client thread/TRACE] [FML]: Attempting to deliver 0 IMC messages to mod FML
[22:38:33] [Client thread/TRACE] [FML]: Sending event IMCEvent to mod FML
[22:38:33] [Client thread/TRACE] [FML]: Sent event IMCEvent to mod FML
[22:38:33] [Client thread/DEBUG] [FML]: Bar Step: InterModComms$IMC - Forge Mod Loader took 0.000s
[22:38:33] [Client thread/TRACE] [FML]: Attempting to deliver 0 IMC messages to mod forge
[22:38:33] [Client thread/TRACE] [FML]: Sending event IMCEvent to mod forge
[22:38:33] [Client thread/TRACE] [FML]: Sent event IMCEvent to mod forge
[22:38:33] [Client thread/DEBUG] [FML]: Bar Step: InterModComms$IMC - Minecraft Forge took 0.000s
[22:38:33] [Client thread/TRACE] [FML]: Attempting to deliver 0 IMC messages to mod dragontweaks
[22:38:33] [Client thread/TRACE] [FML]: Sending event IMCEvent to mod dragontweaks
[22:38:33] [Client thread/TRACE] [FML]: Sent event IMCEvent to mod dragontweaks
[22:38:33] [Client thread/DEBUG] [FML]: Bar Step: InterModComms$IMC - dragontweaks took 0.000s
[22:38:33] [Client thread/DEBUG] [FML]: Bar Finished: InterModComms$IMC took 0.012s
[22:38:33] [Client thread/INFO] [FML]: Injecting itemstacks
[22:38:33] [Client thread/INFO] [FML]: Itemstack injection complete
[22:38:33] [Client thread/TRACE] [FML]: Sending event FMLPostInitializationEvent to mod minecraft
[22:38:33] [Client thread/TRACE] [FML]: Sent event FMLPostInitializationEvent to mod minecraft
[22:38:33] [Client thread/DEBUG] [FML]: Bar Step: PostInitialization - Minecraft took 0.000s
[22:38:33] [Client thread/TRACE] [FML]: Sending event FMLPostInitializationEvent to mod mcp
[22:38:33] [Client thread/TRACE] [FML]: Sent event FMLPostInitializationEvent to mod mcp
[22:38:33] [Client thread/DEBUG] [FML]: Bar Step: PostInitialization - Minecraft Coder Pack took 0.000s
[22:38:33] [Client thread/TRACE] [FML]: Sending event FMLPostInitializationEvent to mod FML
[22:38:33] [Client thread/TRACE] [FML]: Sent event FMLPostInitializationEvent to mod FML
[22:38:33] [Client thread/DEBUG] [FML]: Bar Step: PostInitialization - Forge Mod Loader took 0.000s
[22:38:33] [Client thread/TRACE] [FML]: Sending event FMLPostInitializationEvent to mod forge
[22:38:33] [Client thread/TRACE] [FML]: Sent event FMLPostInitializationEvent to mod forge
[22:38:33] [Client thread/DEBUG] [FML]: Bar Step: PostInitialization - Minecraft Forge took 0.017s
[22:38:33] [Client thread/TRACE] [FML]: Sending event FMLPostInitializationEvent to mod dragontweaks
[22:38:33] [Client thread/TRACE] [FML]: Sent event FMLPostInitializationEvent to mod dragontweaks
[22:38:33] [Client thread/DEBUG] [FML]: Bar Step: PostInitialization - dragontweaks took 0.000s
[22:38:33] [Client thread/DEBUG] [FML]: Bar Finished: PostInitialization took 0.019s
[22:38:33] [Client thread/TRACE] [FML]: Sending event FMLLoadCompleteEvent to mod minecraft
[22:38:33] [Client thread/TRACE] [FML]: Sent event FMLLoadCompleteEvent to mod minecraft
[22:38:33] [Client thread/DEBUG] [FML]: Bar Step: LoadComplete - Minecraft took 0.001s
[22:38:33] [Client thread/TRACE] [FML]: Sending event FMLLoadCompleteEvent to mod mcp
[22:38:33] [Client thread/TRACE] [FML]: Sent event FMLLoadCompleteEvent to mod mcp
[22:38:33] [Client thread/DEBUG] [FML]: Bar Step: LoadComplete - Minecraft Coder Pack took 0.000s
[22:38:33] [Client thread/TRACE] [FML]: Sending event FMLLoadCompleteEvent to mod FML
[22:38:33] [Client thread/TRACE] [FML]: Sent event FMLLoadCompleteEvent to mod FML
[22:38:33] [Client thread/DEBUG] [FML]: Bar Step: LoadComplete - Forge Mod Loader took 0.000s
[22:38:33] [Client thread/TRACE] [FML]: Sending event FMLLoadCompleteEvent to mod forge
[22:38:33] [Client thread/DEBUG] [FML]: Forge RecipeSorter Baking:
[22:38:33] [Client thread/DEBUG] [FML]:   16: RecipeEntry("Before", UNKNOWN, )
[22:38:33] [Client thread/DEBUG] [FML]:   15: RecipeEntry("minecraft:shaped", SHAPED, net.minecraft.item.crafting.ShapedRecipes) Before: minecraft:shapeless
[22:38:33] [Client thread/DEBUG] [FML]:   14: RecipeEntry("forge:shapedore", SHAPED, net.minecraftforge.oredict.ShapedOreRecipe) Before: minecraft:shapeless After: minecraft:shaped
[22:38:33] [Client thread/DEBUG] [FML]:   13: RecipeEntry("minecraft:mapextending", SHAPED, net.minecraft.item.crafting.RecipesMapExtending) Before: minecraft:shapeless After: minecraft:shaped
[22:38:33] [Client thread/DEBUG] [FML]:   12: RecipeEntry("minecraft:shapeless", SHAPELESS, net.minecraft.item.crafting.ShapelessRecipes) After: minecraft:shaped
[22:38:33] [Client thread/DEBUG] [FML]:   11: RecipeEntry("minecraft:repair", SHAPELESS, net.minecraft.item.crafting.RecipeRepairItem) After: minecraft:shapeless
[22:38:33] [Client thread/DEBUG] [FML]:   10: RecipeEntry("minecraft:shield_deco", SHAPELESS, net.minecraft.item.crafting.ShieldRecipes$Decoration) After: minecraft:shapeless
[22:38:33] [Client thread/DEBUG] [FML]:   9: RecipeEntry("minecraft:armordyes", SHAPELESS, net.minecraft.item.crafting.RecipesArmorDyes) After: minecraft:shapeless
[22:38:33] [Client thread/DEBUG] [FML]:   8: RecipeEntry("minecraft:fireworks", SHAPELESS, net.minecraft.item.crafting.RecipeFireworks) After: minecraft:shapeless
[22:38:33] [Client thread/DEBUG] [FML]:   7: RecipeEntry("minecraft:pattern_dupe", SHAPELESS, net.minecraft.item.crafting.RecipesBanners$RecipeDuplicatePattern) After: minecraft:shapeless
[22:38:33] [Client thread/DEBUG] [FML]:   6: RecipeEntry("minecraft:tippedarrow", SHAPELESS, net.minecraft.item.crafting.RecipeTippedArrow) After: minecraft:shapeless
[22:38:33] [Client thread/DEBUG] [FML]:   5: RecipeEntry("minecraft:mapcloning", SHAPELESS, net.minecraft.item.crafting.RecipesMapCloning) After: minecraft:shapeless
[22:38:33] [Client thread/DEBUG] [FML]:   4: RecipeEntry("forge:shapelessore", SHAPELESS, net.minecraftforge.oredict.ShapelessOreRecipe) After: minecraft:shapeless
[22:38:33] [Client thread/DEBUG] [FML]:   3: RecipeEntry("minecraft:pattern_add", SHAPELESS, net.minecraft.item.crafting.RecipesBanners$RecipeAddPattern) After: minecraft:shapeless
[22:38:33] [Client thread/DEBUG] [FML]:   2: RecipeEntry("minecraft:bookcloning", SHAPELESS, net.minecraft.item.crafting.RecipeBookCloning) After: minecraft:shapeless
[22:38:33] [Client thread/DEBUG] [FML]:   1: RecipeEntry("After", UNKNOWN, )
[22:38:33] [Client thread/DEBUG] [FML]: Sorting recipes
[22:38:33] [Client thread/TRACE] [FML]: Sent event FMLLoadCompleteEvent to mod forge
[22:38:33] [Client thread/DEBUG] [FML]: Bar Step: LoadComplete - Minecraft Forge took 0.015s
[22:38:33] [Client thread/TRACE] [FML]: Sending event FMLLoadCompleteEvent to mod dragontweaks
[22:38:33] [Client thread/TRACE] [FML]: Sent event FMLLoadCompleteEvent to mod dragontweaks
[22:38:33] [Client thread/DEBUG] [FML]: Bar Step: LoadComplete - dragontweaks took 0.000s
[22:38:33] [Client thread/DEBUG] [FML]: Bar Finished: LoadComplete took 0.017s
[22:38:33] [Client thread/DEBUG] [FML]: Freezing registries
[22:38:33] [Client thread/TRACE] [FML]: Sending event FMLModIdMappingEvent to mod minecraft
[22:38:33] [Client thread/TRACE] [FML]: Sent event FMLModIdMappingEvent to mod minecraft
[22:38:33] [Client thread/DEBUG] [FML]: Bar Step: ModIdMapping - Minecraft took 0.000s
[22:38:33] [Client thread/TRACE] [FML]: Sending event FMLModIdMappingEvent to mod mcp
[22:38:33] [Client thread/TRACE] [FML]: Sent event FMLModIdMappingEvent to mod mcp
[22:38:33] [Client thread/DEBUG] [FML]: Bar Step: ModIdMapping - Minecraft Coder Pack took 0.000s
[22:38:33] [Client thread/TRACE] [FML]: Sending event FMLModIdMappingEvent to mod FML
[22:38:33] [Client thread/TRACE] [FML]: Sent event FMLModIdMappingEvent to mod FML
[22:38:33] [Client thread/DEBUG] [FML]: Bar Step: ModIdMapping - Forge Mod Loader took 0.000s
[22:38:33] [Client thread/TRACE] [FML]: Sending event FMLModIdMappingEvent to mod forge
[22:38:33] [Client thread/TRACE] [FML]: Sent event FMLModIdMappingEvent to mod forge
[22:38:33] [Client thread/DEBUG] [FML]: Bar Step: ModIdMapping - Minecraft Forge took 0.199s
[22:38:33] [Client thread/TRACE] [FML]: Sending event FMLModIdMappingEvent to mod dragontweaks
[22:38:33] [Client thread/TRACE] [FML]: Sent event FMLModIdMappingEvent to mod dragontweaks
[22:38:33] [Client thread/DEBUG] [FML]: Bar Step: ModIdMapping - dragontweaks took 0.001s
[22:38:33] [Client thread/DEBUG] [FML]: Bar Finished: ModIdMapping took 0.201s
[22:38:33] [Client thread/DEBUG] [FML]: All registries frozen
[22:38:33] [Client thread/INFO] [FML]: Forge Mod Loader has successfully loaded 5 mods
[22:38:33] [Client thread/WARN] [net.minecraft.client.settings.GameSettings]: Skipping bad option: lastServer:
[22:38:33] [Client thread/DEBUG] [FML]: Bar Finished: Loading took 50.291s
[22:38:33] [Client thread/INFO] [com.mojang.text2speech.NarratorWindows]: Narrator library for x64 successfully loaded
[22:38:34] [Realms Notification Availability checker #1/INFO] [com.mojang.realmsclient.client.RealmsClient]: Could not authorize you against Realms server: Invalid session id
[22:38:34] [Client thread/DEBUG] [FML]: Bar Finished: Loading Resource - CloudRenderer took 0.014s
[22:38:57] [Client thread/DEBUG] [FML]: Gathering id map for writing to world save New World--
[22:38:58] [Server thread/INFO] [net.minecraft.server.integrated.IntegratedServer]: Starting integrated minecraft server version 1.12.2
[22:38:58] [Server thread/INFO] [net.minecraft.server.integrated.IntegratedServer]: Generating keypair
[22:38:58] [Server thread/TRACE] [FML]: Sending event FMLServerAboutToStartEvent to mod minecraft
[22:38:58] [Server thread/TRACE] [FML]: Sent event FMLServerAboutToStartEvent to mod minecraft
[22:38:58] [Server thread/DEBUG] [FML]: Bar Step: ServerAboutToStart - Minecraft took 0.000s
[22:38:58] [Server thread/TRACE] [FML]: Sending event FMLServerAboutToStartEvent to mod mcp
[22:38:58] [Server thread/TRACE] [FML]: Sent event FMLServerAboutToStartEvent to mod mcp
[22:38:58] [Server thread/DEBUG] [FML]: Bar Step: ServerAboutToStart - Minecraft Coder Pack took 0.000s
[22:38:58] [Server thread/TRACE] [FML]: Sending event FMLServerAboutToStartEvent to mod FML
[22:38:58] [Server thread/TRACE] [FML]: Sent event FMLServerAboutToStartEvent to mod FML
[22:38:58] [Server thread/DEBUG] [FML]: Bar Step: ServerAboutToStart - Forge Mod Loader took 0.000s
[22:38:58] [Server thread/TRACE] [FML]: Sending event FMLServerAboutToStartEvent to mod forge
[22:38:58] [Server thread/TRACE] [FML]: Sent event FMLServerAboutToStartEvent to mod forge
[22:38:58] [Server thread/DEBUG] [FML]: Bar Step: ServerAboutToStart - Minecraft Forge took 0.000s
[22:38:58] [Server thread/TRACE] [FML]: Sending event FMLServerAboutToStartEvent to mod dragontweaks
[22:38:58] [Server thread/TRACE] [FML]: Sent event FMLServerAboutToStartEvent to mod dragontweaks
[22:38:58] [Server thread/DEBUG] [FML]: Bar Step: ServerAboutToStart - dragontweaks took 0.001s
[22:38:58] [Server thread/DEBUG] [FML]: Bar Finished: ServerAboutToStart took 0.002s
[22:38:58] [Server thread/INFO] [FML]: Injecting existing registry data into this server instance
[22:38:58] [Server thread/TRACE] [FML]: Registry Name : minecraft:blocks
[22:38:58] [Server thread/TRACE] [FML]:   Registry: 0 minecraft:air Block{minecraft:air}
[22:38:58] [Server thread/TRACE] [FML]:   Registry: 1 minecraft:stone Block{minecraft:stone}
[22:38:58] [Server thread/TRACE] [FML]:   Registry: 2 minecraft:grass Block{minecraft:grass}
[22:38:58] [Server thread/TRACE] [FML]:   Registry: 3 minecraft:dirt Block{minecraft:dirt}
[22:38:58] [Server thread/TRACE] [FML]:   Registry: 4 minecraft:cobblestone Block{minecraft:cobblestone}
[22:38:58] [Server thread/TRACE] [FML]:   Registry: 5 minecraft:planks Block{minecraft:planks}
[22:38:58] [Server thread/TRACE] [FML]:   Registry: 6 minecraft:sapling Block{minecraft:sapling}
[22:38:58] [Server thread/TRACE] [FML]:   Registry: 7 minecraft:bedrock Block{minecraft:bedrock}
[22:38:58] [Server thread/TRACE] [FML]:   Registry: 8 minecraft:flowing_water Block{minecraft:flowing_water}
[22:38:58] [Server thread/TRACE] [FML]:   Registry: 9 minecraft:water Block{minecraft:water}
[22:38:58] [Server thread/TRACE] [FML]:   Registry: 10 minecraft:flowing_lava Block{minecraft:flowing_lava}
[22:38:58] [Server thread/TRACE] [FML]:   Registry: 11 minecraft:lava Block{minecraft:lava}
[22:38:58] [Server thread/TRACE] [FML]:   Registry: 12 minecraft:sand Block{minecraft:sand}
[22:38:58] [Server thread/TRACE] [FML]:   Registry: 13 minecraft:gravel Block{minecraft:gravel}
[22:38:58] [Server thread/TRACE] [FML]:   Registry: 14 minecraft:gold_ore Block{minecraft:gold_ore}
[22:38:58] [Server thread/TRACE] [FML]:   Registry: 15 minecraft:iron_ore Block{minecraft:iron_ore}
[22:38:58] [Server thread/TRACE] [FML]:   Registry: 16 minecraft:coal_ore Block{minecraft:coal_ore}
[22:38:58] [Server thread/TRACE] [FML]:   Registry: 17 minecraft:log Block{minecraft:log}
[22:38:58] [Server thread/TRACE] [FML]:   Registry: 18 minecraft:leaves Block{minecraft:leaves}
[22:38:58] [Server thread/TRACE] [FML]:   Registry: 19 minecraft:sponge Block{minecraft:sponge}
[22:38:58] [Server thread/TRACE] [FML]:   Registry: 20 minecraft:glass Block{minecraft:glass}
[22:38:58] [Server thread/TRACE] [FML]:   Registry: 21 minecraft:lapis_ore Block{minecraft:lapis_ore}
[22:38:58] [Server thread/TRACE] [FML]:   Registry: 22 minecraft:lapis_block Block{minecraft:lapis_block}
[22:38:58] [Server thread/TRACE] [FML]:   Registry: 23 minecraft:dispenser Block{minecraft:dispenser}
[22:38:58] [Server thread/TRACE] [FML]:   Registry: 24 minecraft:sandstone Block{minecraft:sandstone}
[22:38:58] [Server thread/TRACE] [FML]:   Registry: 25 minecraft:noteblock Block{minecraft:noteblock}
[22:38:58] [Server thread/TRACE] [FML]:   Registry: 26 minecraft:bed Block{minecraft:bed}
[22:38:58] [Server thread/TRACE] [FML]:   Registry: 27 minecraft:golden_rail Block{minecraft:golden_rail}
[22:38:58] [Server thread/TRACE] [FML]:   Registry: 28 minecraft:detector_rail Block{minecraft:detector_rail}
[22:38:58] [Server thread/TRACE] [FML]:   Registry: 29 minecraft:sticky_piston Block{minecraft:sticky_piston}
[22:38:58] [Server thread/TRACE] [FML]:   Registry: 30 minecraft:web Block{minecraft:web}
[22:38:58] [Server thread/TRACE] [FML]:   Registry: 31 minecraft:tallgrass Block{minecraft:tallgrass}
[22:38:58] [Server thread/TRACE] [FML]:   Registry: 32 minecraft:deadbush Block{minecraft:deadbush}
[22:38:58] [Server thread/TRACE] [FML]:   Registry: 33 minecraft:piston Block{minecraft:piston}
[22:38:58] [Server thread/TRACE] [FML]:   Registry: 34 minecraft:piston_head Block{minecraft:piston_head}
[22:38:58] [Server thread/TRACE] [FML]:   Registry: 35 minecraft:wool Block{minecraft:wool}
[22:38:58] [Server thread/TRACE] [FML]:   Registry: 36 minecraft:piston_extension Block{minecraft:piston_extension}
[22:38:58] [Server thread/TRACE] [FML]:   Registry: 37 minecraft:yellow_flower Block{minecraft:yellow_flower}
[22:38:58] [Server thread/TRACE] [FML]:   Registry: 38 minecraft:red_flower Block{minecraft:red_flower}
[22:38:58] [Server thread/TRACE] [FML]:   Registry: 39 minecraft:brown_mushroom Block{minecraft:brown_mushroom}
[22:38:58] [Server thread/TRACE] [FML]:   Registry: 40 minecraft:red_mushroom Block{minecraft:red_mushroom}
[22:38:58] [Server thread/TRACE] [FML]:   Registry: 41 minecraft:gold_block Block{minecraft:gold_block}
[22:38:58] [Server thread/TRACE] [FML]:   Registry: 42 minecraft:iron_block Block{minecraft:iron_block}
[22:38:58] [Server thread/TRACE] [FML]:   Registry: 43 minecraft:double_stone_slab Block{minecraft:double_stone_slab}
[22:38:58] [Server thread/TRACE] [FML]:   Registry: 44 minecraft:stone_slab Block{minecraft:stone_slab}
[22:38:58] [Server thread/TRACE] [FML]:   Registry: 45 minecraft:brick_block Block{minecraft:brick_block}
[22:38:58] [Server thread/TRACE] [FML]:   Registry: 46 minecraft:tnt Block{minecraft:tnt}
[22:38:58] [Server thread/TRACE] [FML]:   Registry: 47 minecraft:bookshelf Block{minecraft:bookshelf}
[22:38:58] [Server thread/TRACE] [FML]:   Registry: 48 minecraft:mossy_cobblestone Block{minecraft:mossy_cobblestone}
[22:38:58] [Server thread/TRACE] [FML]:   Registry: 49 minecraft:obsidian Block{minecraft:obsidian}
[22:38:58] [Server thread/TRACE] [FML]:   Registry: 50 minecraft:torch Block{minecraft:torch}
[22:38:58] [Server thread/TRACE] [FML]:   Registry: 51 minecraft:fire Block{minecraft:fire}
[22:38:58] [Server thread/TRACE] [FML]:   Registry: 52 minecraft:mob_spawner Block{minecraft:mob_spawner}
[22:38:58] [Server thread/TRACE] [FML]:   Registry: 53 minecraft:oak_stairs Block{minecraft:oak_stairs}
[22:38:58] [Server thread/TRACE] [FML]:   Registry: 54 minecraft:chest Block{minecraft:chest}
[22:38:58] [Server thread/TRACE] [FML]:   Registry: 55 minecraft:redstone_wire Block{minecraft:redstone_wire}
[22:38:58] [Server thread/TRACE] [FML]:   Registry: 56 minecraft:diamond_ore Block{minecraft:diamond_ore}
[22:38:58] [Server thread/TRACE] [FML]:   Registry: 57 minecraft:diamond_block Block{minecraft:diamond_block}
[22:38:58] [Server thread/TRACE] [FML]:   Registry: 58 minecraft:crafting_table Block{minecraft:crafting_table}
[22:38:58] [Server thread/TRACE] [FML]:   Registry: 59 minecraft:wheat Block{minecraft:wheat}
[22:38:58] [Server thread/TRACE] [FML]:   Registry: 60 minecraft:farmland Block{minecraft:farmland}
[22:38:58] [Server thread/TRACE] [FML]:   Registry: 61 minecraft:furnace Block{minecraft:furnace}
[22:38:58] [Server thread/TRACE] [FML]:   Registry: 62 minecraft:lit_furnace Block{minecraft:lit_furnace}
[22:38:58] [Server thread/TRACE] [FML]:   Registry: 63 minecraft:standing_sign Block{minecraft:standing_sign}
[22:38:58] [Server thread/TRACE] [FML]:   Registry: 64 minecraft:wooden_door Block{minecraft:wooden_door}
[22:38:58] [Server thread/TRACE] [FML]:   Registry: 65 minecraft:ladder Block{minecraft:ladder}
[22:38:58] [Server thread/TRACE] [FML]:   Registry: 66 minecraft:rail Block{minecraft:rail}
[22:38:58] [Server thread/TRACE] [FML]:   Registry: 67 minecraft:stone_stairs Block{minecraft:stone_stairs}
[22:38:58] [Server thread/TRACE] [FML]:   Registry: 68 minecraft:wall_sign Block{minecraft:wall_sign}
[22:38:58] [Server thread/TRACE] [FML]:   Registry: 69 minecraft:lever Block{minecraft:lever}
[22:38:58] [Server thread/TRACE] [FML]:   Registry: 70 minecraft:stone_pressure_plate Block{minecraft:stone_pressure_plate}
[22:38:58] [Server thread/TRACE] [FML]:   Registry: 71 minecraft:iron_door Block{minecraft:iron_door}
[22:38:58] [Server thread/TRACE] [FML]:   Registry: 72 minecraft:wooden_pressure_plate Block{minecraft:wooden_pressure_plate}
[22:38:58] [Server thread/TRACE] [FML]:   Registry: 73 minecraft:redstone_ore Block{minecraft:redstone_ore}
[22:38:58] [Server thread/TRACE] [FML]:   Registry: 74 minecraft:lit_redstone_ore Block{minecraft:lit_redstone_ore}
[22:38:58] [Server thread/TRACE] [FML]:   Registry: 75 minecraft:unlit_redstone_torch Block{minecraft:unlit_redstone_torch}
[22:38:58] [Server thread/TRACE] [FML]:   Registry: 76 minecraft:redstone_torch Block{minecraft:redstone_torch}
[22:38:58] [Server thread/TRACE] [FML]:   Registry: 77 minecraft:stone_button Block{minecraft:stone_button}
[22:38:58] [Server thread/TRACE] [FML]:   Registry: 78 minecraft:snow_layer Block{minecraft:snow_layer}
[22:38:58] [Server thread/TRACE] [FML]:   Registry: 79 minecraft:ice Block{minecraft:ice}
[22:38:58] [Server thread/TRACE] [FML]:   Registry: 80 minecraft:snow Block{minecraft:snow}
[22:38:58] [Server thread/TRACE] [FML]:   Registry: 81 minecraft:cactus Block{minecraft:cactus}
[22:38:58] [Server thread/TRACE] [FML]:   Registry: 82 minecraft:clay Block{minecraft:clay}
[22:38:58] [Server thread/TRACE] [FML]:   Registry: 83 minecraft:reeds Block{minecraft:reeds}
[22:38:58] [Server thread/TRACE] [FML]:   Registry: 84 minecraft:jukebox Block{minecraft:jukebox}
[22:38:58] [Server thread/TRACE] [FML]:   Registry: 85 minecraft:fence Block{minecraft:fence}
[22:38:58] [Server thread/TRACE] [FML]:   Registry: 86 minecraft:pumpkin Block{minecraft:pumpkin}
[22:38:58] [Server thread/TRACE] [FML]:   Registry: 87 minecraft:netherrack Block{minecraft:netherrack}
[22:38:58] [Server thread/TRACE] [FML]:   Registry: 88 minecraft:soul_sand Block{minecraft:soul_sand}
[22:38:58] [Server thread/TRACE] [FML]:   Registry: 89 minecraft:glowstone Block{minecraft:glowstone}
[22:38:58] [Server thread/TRACE] [FML]:   Registry: 90 minecraft:portal Block{minecraft:portal}
[22:38:58] [Server thread/TRACE] [FML]:   Registry: 91 minecraft:lit_pumpkin Block{minecraft:lit_pumpkin}
[22:38:58] [Server thread/TRACE] [FML]:   Registry: 92 minecraft:cake Block{minecraft:cake}
[22:38:58] [Server thread/TRACE] [FML]:   Registry: 93 minecraft:unpowered_repeater Block{minecraft:unpowered_repeater}
[22:38:58] [Server thread/TRACE] [FML]:   Registry: 94 minecraft:powered_repeater Block{minecraft:powered_repeater}
[22:38:58] [Server thread/TRACE] [FML]:   Registry: 95 minecraft:stained_glass Block{minecraft:stained_glass}
[22:38:58] [Server thread/TRACE] [FML]:   Registry: 96 minecraft:trapdoor Block{minecraft:trapdoor}
[22:38:58] [Server thread/TRACE] [FML]:   Registry: 97 minecraft:monster_egg Block{minecraft:monster_egg}
[22:38:58] [Server thread/TRACE] [FML]:   Registry: 98 minecraft:stonebrick Block{minecraft:stonebrick}
[22:38:58] [Server thread/TRACE] [FML]:   Registry: 99 minecraft:brown_mushroom_block Block{minecraft:brown_mushroom_block}
[22:38:58] [Server thread/TRACE] [FML]:   Registry: 100 minecraft:red_mushroom_block Block{minecraft:red_mushroom_block}
[22:38:58] [Server thread/TRACE] [FML]:   Registry: 101 minecraft:iron_bars Block{minecraft:iron_bars}
[22:38:58] [Server thread/TRACE] [FML]:   Registry: 102 minecraft:glass_pane Block{minecraft:glass_pane}
[22:38:58] [Server thread/TRACE] [FML]:   Registry: 103 minecraft:melon_block Block{minecraft:melon_block}
[22:38:58] [Server thread/TRACE] [FML]:   Registry: 104 minecraft:pumpkin_stem Block{minecraft:pumpkin_stem}
[22:38:58] [Server thread/TRACE] [FML]:   Registry: 105 minecraft:melon_stem Block{minecraft:melon_stem}
[22:38:58] [Server thread/TRACE] [FML]:   Registry: 106 minecraft:vine Block{minecraft:vine}
[22:38:58] [Server thread/TRACE] [FML]:   Registry: 107 minecraft:fence_gate Block{minecraft:fence_gate}
[22:38:58] [Server thread/TRACE] [FML]:   Registry: 108 minecraft:brick_stairs Block{minecraft:brick_stairs}
[22:38:58] [Server thread/TRACE] [FML]:   Registry: 109 minecraft:stone_brick_stairs Block{minecraft:stone_brick_stairs}
[22:38:58] [Server thread/TRACE] [FML]:   Registry: 110 minecraft:mycelium Block{minecraft:mycelium}
[22:38:58] [Server thread/TRACE] [FML]:   Registry: 111 minecraft:waterlily Block{minecraft:waterlily}
[22:38:58] [Server thread/TRACE] [FML]:   Registry: 112 minecraft:nether_brick Block{minecraft:nether_brick}
[22:38:58] [Server thread/TRACE] [FML]:   Registry: 113 minecraft:nether_brick_fence Block{minecraft:nether_brick_fence}
[22:38:58] [Server thread/TRACE] [FML]:   Registry: 114 minecraft:nether_brick_stairs Block{minecraft:nether_brick_stairs}
[22:38:58] [Server thread/TRACE] [FML]:   Registry: 115 minecraft:nether_wart Block{minecraft:nether_wart}
[22:38:58] [Server thread/TRACE] [FML]:   Registry: 116 minecraft:enchanting_table Block{minecraft:enchanting_table}
[22:38:58] [Server thread/TRACE] [FML]:   Registry: 117 minecraft:brewing_stand Block{minecraft:brewing_stand}
[22:38:58] [Server thread/TRACE] [FML]:   Registry: 118 minecraft:cauldron Block{minecraft:cauldron}
[22:38:58] [Server thread/TRACE] [FML]:   Registry: 119 minecraft:end_portal Block{minecraft:end_portal}
[22:38:58] [Server thread/TRACE] [FML]:   Registry: 120 minecraft:end_portal_frame Block{minecraft:end_portal_frame}
[22:38:58] [Server thread/TRACE] [FML]:   Registry: 121 minecraft:end_stone Block{minecraft:end_stone}
[22:38:58] [Server thread/TRACE] [FML]:   Registry: 122 minecraft:dragon_egg Block{minecraft:dragon_egg}
[22:38:58] [Server thread/TRACE] [FML]:   Registry: 123 minecraft:redstone_lamp Block{minecraft:redstone_lamp}
[22:38:58] [Server thread/TRACE] [FML]:   Registry: 124 minecraft:lit_redstone_lamp Block{minecraft:lit_redstone_lamp}
[22:38:58] [Server thread/TRACE] [FML]:   Registry: 125 minecraft:double_wooden_slab Block{minecraft:double_wooden_slab}
[22:38:58] [Server thread/TRACE] [FML]:   Registry: 126 minecraft:wooden_slab Block{minecraft:wooden_slab}
[22:38:58] [Server thread/TRACE] [FML]:   Registry: 127 minecraft:cocoa Block{minecraft:cocoa}
[22:38:58] [Server thread/TRACE] [FML]:   Registry: 128 minecraft:sandstone_stairs Block{minecraft:sandstone_stairs}
[22:38:58] [Server thread/TRACE] [FML]:   Registry: 129 minecraft:emerald_ore Block{minecraft:emerald_ore}
[22:38:58] [Server thread/TRACE] [FML]:   Registry: 130 minecraft:ender_chest Block{minecraft:ender_chest}
[22:38:58] [Server thread/TRACE] [FML]:   Registry: 131 minecraft:tripwire_hook Block{minecraft:tripwire_hook}
[22:38:58] [Server thread/TRACE] [FML]:   Registry: 132 minecraft:tripwire Block{minecraft:tripwire}
[22:38:58] [Server thread/TRACE] [FML]:   Registry: 133 minecraft:emerald_block Block{minecraft:emerald_block}
[22:38:58] [Server thread/TRACE] [FML]:   Registry: 134 minecraft:spruce_stairs Block{minecraft:spruce_stairs}
[22:38:58] [Server thread/TRACE] [FML]:   Registry: 135 minecraft:birch_stairs Block{minecraft:birch_stairs}
[22:38:58] [Server thread/TRACE] [FML]:   Registry: 136 minecraft:jungle_stairs Block{minecraft:jungle_stairs}
[22:38:58] [Server thread/TRACE] [FML]:   Registry: 137 minecraft:command_block Block{minecraft:command_block}
[22:38:58] [Server thread/TRACE] [FML]:   Registry: 138 minecraft:beacon Block{minecraft:beacon}
[22:38:58] [Server thread/TRACE] [FML]:   Registry: 139 minecraft:cobblestone_wall Block{minecraft:cobblestone_wall}
[22:38:58] [Server thread/TRACE] [FML]:   Registry: 140 minecraft:flower_pot Block{minecraft:flower_pot}
[22:38:58] [Server thread/TRACE] [FML]:   Registry: 141 minecraft:carrots Block{minecraft:carrots}
[22:38:58] [Server thread/TRACE] [FML]:   Registry: 142 minecraft:potatoes Block{minecraft:potatoes}
[22:38:58] [Server thread/TRACE] [FML]:   Registry: 143 minecraft:wooden_button Block{minecraft:wooden_button}
[22:38:58] [Server thread/TRACE] [FML]:   Registry: 144 minecraft:skull Block{minecraft:skull}
[22:38:58] [Server thread/TRACE] [FML]:   Registry: 145 minecraft:anvil Block{minecraft:anvil}
[22:38:58] [Server thread/TRACE] [FML]:   Registry: 146 minecraft:trapped_chest Block{minecraft:trapped_chest}
[22:38:58] [Server thread/TRACE] [FML]:   Registry: 147 minecraft:light_weighted_pressure_plate Block{minecraft:light_weighted_pressure_plate}
[22:38:58] [Server thread/TRACE] [FML]:   Registry: 148 minecraft:heavy_weighted_pressure_plate Block{minecraft:heavy_weighted_pressure_plate}
[22:38:58] [Server thread/TRACE] [FML]:   Registry: 149 minecraft:unpowered_comparator Block{minecraft:unpowered_comparator}
[22:38:58] [Server thread/TRACE] [FML]:   Registry: 150 minecraft:powered_comparator Block{minecraft:powered_comparator}
[22:38:58] [Server thread/TRACE] [FML]:   Registry: 151 minecraft:daylight_detector Block{minecraft:daylight_detector}
[22:38:58] [Server thread/TRACE] [FML]:   Registry: 152 minecraft:redstone_block Block{minecraft:redstone_block}
[22:38:58] [Server thread/TRACE] [FML]:   Registry: 153 minecraft:quartz_ore Block{minecraft:quartz_ore}
[22:38:58] [Server thread/TRACE] [FML]:   Registry: 154 minecraft:hopper Block{minecraft:hopper}
[22:38:58] [Server thread/TRACE] [FML]:   Registry: 155 minecraft:quartz_block Block{minecraft:quartz_block}
[22:38:58] [Server thread/TRACE] [FML]:   Registry: 156 minecraft:quartz_stairs Block{minecraft:quartz_stairs}
[22:38:58] [Server thread/TRACE] [FML]:   Registry: 157 minecraft:activator_rail Block{minecraft:activator_rail}
[22:38:58] [Server thread/TRACE] [FML]:   Registry: 158 minecraft:dropper Block{minecraft:dropper}
[22:38:58] [Server thread/TRACE] [FML]:   Registry: 159 minecraft:stained_hardened_clay Block{minecraft:stained_hardened_clay}
[22:38:58] [Server thread/TRACE] [FML]:   Registry: 160 minecraft:stained_glass_pane Block{minecraft:stained_glass_pane}
[22:38:58] [Server thread/TRACE] [FML]:   Registry: 161 minecraft:leaves2 Block{minecraft:leaves2}
[22:38:58] [Server thread/TRACE] [FML]:   Registry: 162 minecraft:log2 Block{minecraft:log2}
[22:38:58] [Server thread/TRACE] [FML]:   Registry: 163 minecraft:acacia_stairs Block{minecraft:acacia_stairs}
[22:38:58] [Server thread/TRACE] [FML]:   Registry: 164 minecraft:dark_oak_stairs Block{minecraft:dark_oak_stairs}
[22:38:58] [Server thread/TRACE] [FML]:   Registry: 165 minecraft:slime Block{minecraft:slime}
[22:38:58] [Server thread/TRACE] [FML]:   Registry: 166 minecraft:barrier Block{minecraft:barrier}
[22:38:58] [Server thread/TRACE] [FML]:   Registry: 167 minecraft:iron_trapdoor Block{minecraft:iron_trapdoor}
[22:38:58] [Server thread/TRACE] [FML]:   Registry: 168 minecraft:prismarine Block{minecraft:prismarine}
[22:38:58] [Server thread/TRACE] [FML]:   Registry: 169 minecraft:sea_lantern Block{minecraft:sea_lantern}
[22:38:58] [Server thread/TRACE] [FML]:   Registry: 170 minecraft:hay_block Block{minecraft:hay_block}
[22:38:58] [Server thread/TRACE] [FML]:   Registry: 171 minecraft:carpet Block{minecraft:carpet}
[22:38:58] [Server thread/TRACE] [FML]:   Registry: 172 minecraft:hardened_clay Block{minecraft:hardened_clay}
[22:38:58] [Server thread/TRACE] [FML]:   Registry: 173 minecraft:coal_block Block{minecraft:coal_block}
[22:38:58] [Server thread/TRACE] [FML]:   Registry: 174 minecraft:packed_ice Block{minecraft:packed_ice}
[22:38:58] [Server thread/TRACE] [FML]:   Registry: 175 minecraft:double_plant Block{minecraft:double_plant}
[22:38:58] [Server thread/TRACE] [FML]:   Registry: 176 minecraft:standing_banner Block{minecraft:standing_banner}
[22:38:58] [Server thread/TRACE] [FML]:   Registry: 177 minecraft:wall_banner Block{minecraft:wall_banner}
[22:38:58] [Server thread/TRACE] [FML]:   Registry: 178 minecraft:daylight_detector_inverted Block{minecraft:daylight_detector_inverted}
[22:38:58] [Server thread/TRACE] [FML]:   Registry: 179 minecraft:red_sandstone Block{minecraft:red_sandstone}
[22:38:58] [Server thread/TRACE] [FML]:   Registry: 180 minecraft:red_sandstone_stairs Block{minecraft:red_sandstone_stairs}
[22:38:58] [Server thread/TRACE] [FML]:   Registry: 181 minecraft:double_stone_slab2 Block{minecraft:double_stone_slab2}
[22:38:58] [Server thread/TRACE] [FML]:   Registry: 182 minecraft:stone_slab2 Block{minecraft:stone_slab2}
[22:38:58] [Server thread/TRACE] [FML]:   Registry: 183 minecraft:spruce_fence_gate Block{minecraft:spruce_fence_gate}
[22:38:58] [Server thread/TRACE] [FML]:   Registry: 184 minecraft:birch_fence_gate Block{minecraft:birch_fence_gate}
[22:38:58] [Server thread/TRACE] [FML]:   Registry: 185 minecraft:jungle_fence_gate Block{minecraft:jungle_fence_gate}
[22:38:58] [Server thread/TRACE] [FML]:   Registry: 186 minecraft:dark_oak_fence_gate Block{minecraft:dark_oak_fence_gate}
[22:38:58] [Server thread/TRACE] [FML]:   Registry: 187 minecraft:acacia_fence_gate Block{minecraft:acacia_fence_gate}
[22:38:58] [Server thread/TRACE] [FML]:   Registry: 188 minecraft:spruce_fence Block{minecraft:spruce_fence}
[22:38:58] [Server thread/TRACE] [FML]:   Registry: 189 minecraft:birch_fence Block{minecraft:birch_fence}
[22:38:58] [Server thread/TRACE] [FML]:   Registry: 190 minecraft:jungle_fence Block{minecraft:jungle_fence}
[22:38:58] [Server thread/TRACE] [FML]:   Registry: 191 minecraft:dark_oak_fence Block{minecraft:dark_oak_fence}
[22:38:58] [Server thread/TRACE] [FML]:   Registry: 192 minecraft:acacia_fence Block{minecraft:acacia_fence}
[22:38:58] [Server thread/TRACE] [FML]:   Registry: 193 minecraft:spruce_door Block{minecraft:spruce_door}
[22:38:58] [Server thread/TRACE] [FML]:   Registry: 194 minecraft:birch_door Block{minecraft:birch_door}
[22:38:58] [Server thread/TRACE] [FML]:   Registry: 195 minecraft:jungle_door Block{minecraft:jungle_door}
[22:38:58] [Server thread/TRACE] [FML]:   Registry: 196 minecraft:acacia_door Block{minecraft:acacia_door}
[22:38:58] [Server thread/TRACE] [FML]:   Registry: 197 minecraft:dark_oak_door Block{minecraft:dark_oak_door}
[22:38:58] [Server thread/TRACE] [FML]:   Registry: 198 minecraft:end_rod Block{minecraft:end_rod}
[22:38:58] [Server thread/TRACE] [FML]:   Registry: 199 minecraft:chorus_plant Block{minecraft:chorus_plant}
[22:38:58] [Server thread/TRACE] [FML]:   Registry: 200 minecraft:chorus_flower Block{minecraft:chorus_flower}
[22:38:58] [Server thread/TRACE] [FML]:   Registry: 201 minecraft:purpur_block Block{minecraft:purpur_block}
[22:38:58] [Server thread/TRACE] [FML]:   Registry: 202 minecraft:purpur_pillar Block{minecraft:purpur_pillar}
[22:38:58] [Server thread/TRACE] [FML]:   Registry: 203 minecraft:purpur_stairs Block{minecraft:purpur_stairs}
[22:38:58] [Server thread/TRACE] [FML]:   Registry: 204 minecraft:purpur_double_slab Block{minecraft:purpur_double_slab}
[22:38:58] [Server thread/TRACE] [FML]:   Registry: 205 minecraft:purpur_slab Block{minecraft:purpur_slab}
[22:38:58] [Server thread/TRACE] [FML]:   Registry: 206 minecraft:end_bricks Block{minecraft:end_bricks}
[22:38:58] [Server thread/TRACE] [FML]:   Registry: 207 minecraft:beetroots Block{minecraft:beetroots}
[22:38:58] [Server thread/TRACE] [FML]:   Registry: 208 minecraft:grass_path Block{minecraft:grass_path}
[22:38:58] [Server thread/TRACE] [FML]:   Registry: 209 minecraft:end_gateway Block{minecraft:end_gateway}
[22:38:58] [Server thread/TRACE] [FML]:   Registry: 210 minecraft:repeating_command_block Block{minecraft:repeating_command_block}
[22:38:58] [Server thread/TRACE] [FML]:   Registry: 211 minecraft:chain_command_block Block{minecraft:chain_command_block}
[22:38:58] [Server thread/TRACE] [FML]:   Registry: 212 minecraft:frosted_ice Block{minecraft:frosted_ice}
[22:38:58] [Server thread/TRACE] [FML]:   Registry: 213 minecraft:magma Block{minecraft:magma}
[22:38:58] [Server thread/TRACE] [FML]:   Registry: 214 minecraft:nether_wart_block Block{minecraft:nether_wart_block}
[22:38:58] [Server thread/TRACE] [FML]:   Registry: 215 minecraft:red_nether_brick Block{minecraft:red_nether_brick}
[22:38:58] [Server thread/TRACE] [FML]:   Registry: 216 minecraft:bone_block Block{minecraft:bone_block}
[22:38:58] [Server thread/TRACE] [FML]:   Registry: 217 minecraft:structure_void Block{minecraft:structure_void}
[22:38:58] [Server thread/TRACE] [FML]:   Registry: 218 minecraft:observer Block{minecraft:observer}
[22:38:58] [Server thread/TRACE] [FML]:   Registry: 219 minecraft:white_shulker_box Block{minecraft:white_shulker_box}
[22:38:58] [Server thread/TRACE] [FML]:   Registry: 220 minecraft:orange_shulker_box Block{minecraft:orange_shulker_box}
[22:38:58] [Server thread/TRACE] [FML]:   Registry: 221 minecraft:magenta_shulker_box Block{minecraft:magenta_shulker_box}
[22:38:58] [Server thread/TRACE] [FML]:   Registry: 222 minecraft:light_blue_shulker_box Block{minecraft:light_blue_shulker_box}
[22:38:58] [Server thread/TRACE] [FML]:   Registry: 223 minecraft:yellow_shulker_box Block{minecraft:yellow_shulker_box}
[22:38:58] [Server thread/TRACE] [FML]:   Registry: 224 minecraft:lime_shulker_box Block{minecraft:lime_shulker_box}
[22:38:58] [Server thread/TRACE] [FML]:   Registry: 225 minecraft:pink_shulker_box Block{minecraft:pink_shulker_box}
[22:38:58] [Server thread/TRACE] [FML]:   Registry: 226 minecraft:gray_shulker_box Block{minecraft:gray_shulker_box}
[22:38:58] [Server thread/TRACE] [FML]:   Registry: 227 minecraft:silver_shulker_box Block{minecraft:silver_shulker_box}
[22:38:58] [Server thread/TRACE] [FML]:   Registry: 228 minecraft:cyan_shulker_box Block{minecraft:cyan_shulker_box}
[22:38:58] [Server thread/TRACE] [FML]:   Registry: 229 minecraft:purple_shulker_box Block{minecraft:purple_shulker_box}
[22:38:58] [Server thread/TRACE] [FML]:   Registry: 230 minecraft:blue_shulker_box Block{minecraft:blue_shulker_box}
[22:38:58] [Server thread/TRACE] [FML]:   Registry: 231 minecraft:brown_shulker_box Block{minecraft:brown_shulker_box}
[22:38:58] [Server thread/TRACE] [FML]:   Registry: 232 minecraft:green_shulker_box Block{minecraft:green_shulker_box}
[22:38:58] [Server thread/TRACE] [FML]:   Registry: 233 minecraft:red_shulker_box Block{minecraft:red_shulker_box}
[22:38:58] [Server thread/TRACE] [FML]:   Registry: 234 minecraft:black_shulker_box Block{minecraft:black_shulker_box}
[22:38:58] [Server thread/TRACE] [FML]:   Registry: 235 minecraft:white_glazed_terracotta Block{minecraft:white_glazed_terracotta}
[22:38:58] [Server thread/TRACE] [FML]:   Registry: 236 minecraft:orange_glazed_terracotta Block{minecraft:orange_glazed_terracotta}
[22:38:58] [Server thread/TRACE] [FML]:   Registry: 237 minecraft:magenta_glazed_terracotta Block{minecraft:magenta_glazed_terracotta}
[22:38:58] [Server thread/TRACE] [FML]:   Registry: 238 minecraft:light_blue_glazed_terracotta Block{minecraft:light_blue_glazed_terracotta}
[22:38:58] [Server thread/TRACE] [FML]:   Registry: 239 minecraft:yellow_glazed_terracotta Block{minecraft:yellow_glazed_terracotta}
[22:38:58] [Server thread/TRACE] [FML]:   Registry: 240 minecraft:lime_glazed_terracotta Block{minecraft:lime_glazed_terracotta}
[22:38:58] [Server thread/TRACE] [FML]:   Registry: 241 minecraft:pink_glazed_terracotta Block{minecraft:pink_glazed_terracotta}
[22:38:58] [Server thread/TRACE] [FML]:   Registry: 242 minecraft:gray_glazed_terracotta Block{minecraft:gray_glazed_terracotta}
[22:38:58] [Server thread/TRACE] [FML]:   Registry: 243 minecraft:silver_glazed_terracotta Block{minecraft:silver_glazed_terracotta}
[22:38:58] [Server thread/TRACE] [FML]:   Registry: 244 minecraft:cyan_glazed_terracotta Block{minecraft:cyan_glazed_terracotta}
[22:38:58] [Server thread/TRACE] [FML]:   Registry: 245 minecraft:purple_glazed_terracotta Block{minecraft:purple_glazed_terracotta}
[22:38:58] [Server thread/TRACE] [FML]:   Registry: 246 minecraft:blue_glazed_terracotta Block{minecraft:blue_glazed_terracotta}
[22:38:58] [Server thread/TRACE] [FML]:   Registry: 247 minecraft:brown_glazed_terracotta Block{minecraft:brown_glazed_terracotta}
[22:38:58] [Server thread/TRACE] [FML]:   Registry: 248 minecraft:green_glazed_terracotta Block{minecraft:green_glazed_terracotta}
[22:38:58] [Server thread/TRACE] [FML]:   Registry: 249 minecraft:red_glazed_terracotta Block{minecraft:red_glazed_terracotta}
[22:38:58] [Server thread/TRACE] [FML]:   Registry: 250 minecraft:black_glazed_terracotta Block{minecraft:black_glazed_terracotta}
[22:38:58] [Server thread/TRACE] [FML]:   Registry: 251 minecraft:concrete Block{minecraft:concrete}
[22:38:58] [Server thread/TRACE] [FML]:   Registry: 252 minecraft:concrete_powder Block{minecraft:concrete_powder}
[22:38:58] [Server thread/TRACE] [FML]:   Registry: 255 minecraft:structure_block Block{minecraft:structure_block}
[22:38:58] [Server thread/TRACE] [FML]: Registry Name : minecraft:items
[22:38:58] [Server thread/TRACE] [FML]:   Registry: 0 minecraft:air net.minecraft.item.ItemAir@34e990cc
[22:38:58] [Server thread/TRACE] [FML]:   Registry: 1 minecraft:stone net.minecraft.item.ItemMultiTexture@70543cae
[22:38:58] [Server thread/TRACE] [FML]:   Registry: 2 minecraft:grass net.minecraft.item.ItemColored@1a5b7394
[22:38:58] [Server thread/TRACE] [FML]:   Registry: 3 minecraft:dirt net.minecraft.item.ItemMultiTexture@28b5662d
[22:38:58] [Server thread/TRACE] [FML]:   Registry: 4 minecraft:cobblestone net.minecraft.item.ItemBlock@34b2d51a
[22:38:58] [Server thread/TRACE] [FML]:   Registry: 5 minecraft:planks net.minecraft.item.ItemMultiTexture@2d4e99de
[22:38:58] [Server thread/TRACE] [FML]:   Registry: 6 minecraft:sapling net.minecraft.item.ItemMultiTexture@63bca84d
[22:38:58] [Server thread/TRACE] [FML]:   Registry: 7 minecraft:bedrock net.minecraft.item.ItemBlock@6141647f
[22:38:58] [Server thread/TRACE] [FML]:   Registry: 12 minecraft:sand net.minecraft.item.ItemMultiTexture@13dc6649
[22:38:58] [Server thread/TRACE] [FML]:   Registry: 13 minecraft:gravel net.minecraft.item.ItemBlock@1851c7d2
[22:38:58] [Server thread/TRACE] [FML]:   Registry: 14 minecraft:gold_ore net.minecraft.item.ItemBlock@250a946
[22:38:58] [Server thread/TRACE] [FML]:   Registry: 15 minecraft:iron_ore net.minecraft.item.ItemBlock@5fe5c68b
[22:38:58] [Server thread/TRACE] [FML]:   Registry: 16 minecraft:coal_ore net.minecraft.item.ItemBlock@2ffb0d10
[22:38:58] [Server thread/TRACE] [FML]:   Registry: 17 minecraft:log net.minecraft.item.ItemMultiTexture@38dbeb39
[22:38:58] [Server thread/TRACE] [FML]:   Registry: 18 minecraft:leaves net.minecraft.item.ItemLeaves@3c544c9
[22:38:58] [Server thread/TRACE] [FML]:   Registry: 19 minecraft:sponge net.minecraft.item.ItemMultiTexture@43a59289
[22:38:58] [Server thread/TRACE] [FML]:   Registry: 20 minecraft:glass net.minecraft.item.ItemBlock@6c2883b1
[22:38:58] [Server thread/TRACE] [FML]:   Registry: 21 minecraft:lapis_ore net.minecraft.item.ItemBlock@336e3be2
[22:38:58] [Server thread/TRACE] [FML]:   Registry: 22 minecraft:lapis_block net.minecraft.item.ItemBlock@126a9a3d
[22:38:58] [Server thread/TRACE] [FML]:   Registry: 23 minecraft:dispenser net.minecraft.item.ItemBlock@7db47323
[22:38:58] [Server thread/TRACE] [FML]:   Registry: 24 minecraft:sandstone net.minecraft.item.ItemMultiTexture@fd4459b
[22:38:58] [Server thread/TRACE] [FML]:   Registry: 25 minecraft:noteblock net.minecraft.item.ItemBlock@1073c664
[22:38:58] [Server thread/TRACE] [FML]:   Registry: 27 minecraft:golden_rail net.minecraft.item.ItemBlock@517a46f3
[22:38:58] [Server thread/TRACE] [FML]:   Registry: 28 minecraft:detector_rail net.minecraft.item.ItemBlock@38fb151a
[22:38:58] [Server thread/TRACE] [FML]:   Registry: 29 minecraft:sticky_piston net.minecraft.item.ItemPiston@1b60d324
[22:38:58] [Server thread/TRACE] [FML]:   Registry: 30 minecraft:web net.minecraft.item.ItemBlock@182e4365
[22:38:58] [Server thread/TRACE] [FML]:   Registry: 31 minecraft:tallgrass net.minecraft.item.ItemColored@789dd6bf
[22:38:58] [Server thread/TRACE] [FML]:   Registry: 32 minecraft:deadbush net.minecraft.item.ItemBlock@1e6d30c0
[22:38:58] [Server thread/TRACE] [FML]:   Registry: 33 minecraft:piston net.minecraft.item.ItemPiston@38929da
[22:38:58] [Server thread/TRACE] [FML]:   Registry: 35 minecraft:wool net.minecraft.item.ItemCloth@18483b8b
[22:38:58] [Server thread/TRACE] [FML]:   Registry: 37 minecraft:yellow_flower net.minecraft.item.ItemMultiTexture@5ee6fdc4
[22:38:58] [Server thread/TRACE] [FML]:   Registry: 38 minecraft:red_flower net.minecraft.item.ItemMultiTexture@95cecc5
[22:38:58] [Server thread/TRACE] [FML]:   Registry: 39 minecraft:brown_mushroom net.minecraft.item.ItemBlock@48b3b1b8
[22:38:58] [Server thread/TRACE] [FML]:   Registry: 40 minecraft:red_mushroom net.minecraft.item.ItemBlock@b86cb18
[22:38:58] [Server thread/TRACE] [FML]:   Registry: 41 minecraft:gold_block net.minecraft.item.ItemBlock@29c244e
[22:38:58] [Server thread/TRACE] [FML]:   Registry: 42 minecraft:iron_block net.minecraft.item.ItemBlock@6cc8da1c
[22:38:58] [Server thread/TRACE] [FML]:   Registry: 44 minecraft:stone_slab net.minecraft.item.ItemSlab@686b1e2d
[22:38:58] [Server thread/TRACE] [FML]:   Registry: 45 minecraft:brick_block net.minecraft.item.ItemBlock@6e7e0259
[22:38:58] [Server thread/TRACE] [FML]:   Registry: 46 minecraft:tnt net.minecraft.item.ItemBlock@646e6d07
[22:38:58] [Server thread/TRACE] [FML]:   Registry: 47 minecraft:bookshelf net.minecraft.item.ItemBlock@5501d1c8
[22:38:58] [Server thread/TRACE] [FML]:   Registry: 48 minecraft:mossy_cobblestone net.minecraft.item.ItemBlock@652b3733
[22:38:58] [Server thread/TRACE] [FML]:   Registry: 49 minecraft:obsidian net.minecraft.item.ItemBlock@7b598d05
[22:38:58] [Server thread/TRACE] [FML]:   Registry: 50 minecraft:torch net.minecraft.item.ItemBlock@6cc8c13c
[22:38:58] [Server thread/TRACE] [FML]:   Registry: 52 minecraft:mob_spawner net.minecraft.item.ItemBlock@2ec5cc14
[22:38:58] [Server thread/TRACE] [FML]:   Registry: 53 minecraft:oak_stairs net.minecraft.item.ItemBlock@40a8a26f
[22:38:58] [Server thread/TRACE] [FML]:   Registry: 54 minecraft:chest net.minecraft.item.ItemBlock@269308cc
[22:38:58] [Server thread/TRACE] [FML]:   Registry: 56 minecraft:diamond_ore net.minecraft.item.ItemBlock@177ddd24
[22:38:58] [Server thread/TRACE] [FML]:   Registry: 57 minecraft:diamond_block net.minecraft.item.ItemBlock@17d816b3
[22:38:58] [Server thread/TRACE] [FML]:   Registry: 58 minecraft:crafting_table net.minecraft.item.ItemBlock@126675fd
[22:38:58] [Server thread/TRACE] [FML]:   Registry: 60 minecraft:farmland net.minecraft.item.ItemBlock@2c0dca15
[22:38:58] [Server thread/TRACE] [FML]:   Registry: 61 minecraft:furnace net.minecraft.item.ItemBlock@5560b64d
[22:38:58] [Server thread/TRACE] [FML]:   Registry: 65 minecraft:ladder net.minecraft.item.ItemBlock@2da5fdc
[22:38:58] [Server thread/TRACE] [FML]:   Registry: 66 minecraft:rail net.minecraft.item.ItemBlock@23321be7
[22:38:58] [Server thread/TRACE] [FML]:   Registry: 67 minecraft:stone_stairs net.minecraft.item.ItemBlock@61ad30f6
[22:38:58] [Server thread/TRACE] [FML]:   Registry: 69 minecraft:lever net.minecraft.item.ItemBlock@312f3050
[22:38:58] [Server thread/TRACE] [FML]:   Registry: 70 minecraft:stone_pressure_plate net.minecraft.item.ItemBlock@615bad16
[22:38:58] [Server thread/TRACE] [FML]:   Registry: 72 minecraft:wooden_pressure_plate net.minecraft.item.ItemBlock@52856ff9
[22:38:58] [Server thread/TRACE] [FML]:   Registry: 73 minecraft:redstone_ore net.minecraft.item.ItemBlock@5aa7cfdf
[22:38:58] [Server thread/TRACE] [FML]:   Registry: 76 minecraft:redstone_torch net.minecraft.item.ItemBlock@1242d96b
[22:38:58] [Server thread/TRACE] [FML]:   Registry: 77 minecraft:stone_button net.minecraft.item.ItemBlock@2ecdf528
[22:38:58] [Server thread/TRACE] [FML]:   Registry: 78 minecraft:snow_layer net.minecraft.item.ItemSnow@33f349ae
[22:38:58] [Server thread/TRACE] [FML]:   Registry: 79 minecraft:ice net.minecraft.item.ItemBlock@377e573a
[22:38:58] [Server thread/TRACE] [FML]:   Registry: 80 minecraft:snow net.minecraft.item.ItemBlock@76db9048
[22:38:58] [Server thread/TRACE] [FML]:   Registry: 81 minecraft:cactus net.minecraft.item.ItemBlock@54daf8f9
[22:38:58] [Server thread/TRACE] [FML]:   Registry: 82 minecraft:clay net.minecraft.item.ItemBlock@7d4d65f5
[22:38:58] [Server thread/TRACE] [FML]:   Registry: 84 minecraft:jukebox net.minecraft.item.ItemBlock@38cf3ae1
[22:38:58] [Server thread/TRACE] [FML]:   Registry: 85 minecraft:fence net.minecraft.item.ItemBlock@123ca460
[22:38:58] [Server thread/TRACE] [FML]:   Registry: 86 minecraft:pumpkin net.minecraft.item.ItemBlock@2487e20
[22:38:58] [Server thread/TRACE] [FML]:   Registry: 87 minecraft:netherrack net.minecraft.item.ItemBlock@3c9f4376
[22:38:58] [Server thread/TRACE] [FML]:   Registry: 88 minecraft:soul_sand net.minecraft.item.ItemBlock@308a9264
[22:38:58] [Server thread/TRACE] [FML]:   Registry: 89 minecraft:glowstone net.minecraft.item.ItemBlock@7da77305
[22:38:58] [Server thread/TRACE] [FML]:   Registry: 91 minecraft:lit_pumpkin net.minecraft.item.ItemBlock@3cdfbbef
[22:38:58] [Server thread/TRACE] [FML]:   Registry: 95 minecraft:stained_glass net.minecraft.item.ItemCloth@3fc1abf
[22:38:58] [Server thread/TRACE] [FML]:   Registry: 96 minecraft:trapdoor net.minecraft.item.ItemBlock@7a1ddbf1
[22:38:58] [Server thread/TRACE] [FML]:   Registry: 97 minecraft:monster_egg net.minecraft.item.ItemMultiTexture@d8e4250
[22:38:58] [Server thread/TRACE] [FML]:   Registry: 98 minecraft:stonebrick net.minecraft.item.ItemMultiTexture@20a47036
[22:38:58] [Server thread/TRACE] [FML]:   Registry: 99 minecraft:brown_mushroom_block net.minecraft.item.ItemBlock@70c205bf
[22:38:58] [Server thread/TRACE] [FML]:   Registry: 100 minecraft:red_mushroom_block net.minecraft.item.ItemBlock@43ab9ae9
[22:38:58] [Server thread/TRACE] [FML]:   Registry: 101 minecraft:iron_bars net.minecraft.item.ItemBlock@2520aa05
[22:38:58] [Server thread/TRACE] [FML]:   Registry: 102 minecraft:glass_pane net.minecraft.item.ItemBlock@26865b57
[22:38:58] [Server thread/TRACE] [FML]:   Registry: 103 minecraft:melon_block net.minecraft.item.ItemBlock@46894dc5
[22:38:58] [Server thread/TRACE] [FML]:   Registry: 106 minecraft:vine net.minecraft.item.ItemColored@596afb2f
[22:38:58] [Server thread/TRACE] [FML]:   Registry: 107 minecraft:fence_gate net.minecraft.item.ItemBlock@79ba0285
[22:38:58] [Server thread/TRACE] [FML]:   Registry: 108 minecraft:brick_stairs net.minecraft.item.ItemBlock@16e07bae
[22:38:58] [Server thread/TRACE] [FML]:   Registry: 109 minecraft:stone_brick_stairs net.minecraft.item.ItemBlock@598778cc
[22:38:58] [Server thread/TRACE] [FML]:   Registry: 110 minecraft:mycelium net.minecraft.item.ItemBlock@3386ed8
[22:38:58] [Server thread/TRACE] [FML]:   Registry: 111 minecraft:waterlily net.minecraft.item.ItemLilyPad@67dc6b48
[22:38:58] [Server thread/TRACE] [FML]:   Registry: 112 minecraft:nether_brick net.minecraft.item.ItemBlock@57f2e67
[22:38:58] [Server thread/TRACE] [FML]:   Registry: 113 minecraft:nether_brick_fence net.minecraft.item.ItemBlock@4571cebe
[22:38:58] [Server thread/TRACE] [FML]:   Registry: 114 minecraft:nether_brick_stairs net.minecraft.item.ItemBlock@154864f8
[22:38:58] [Server thread/TRACE] [FML]:   Registry: 116 minecraft:enchanting_table net.minecraft.item.ItemBlock@11cadb32
[22:38:58] [Server thread/TRACE] [FML]:   Registry: 120 minecraft:end_portal_frame net.minecraft.item.ItemBlock@6d3ad37a
[22:38:58] [Server thread/TRACE] [FML]:   Registry: 121 minecraft:end_stone net.minecraft.item.ItemBlock@26f5e45d
[22:38:58] [Server thread/TRACE] [FML]:   Registry: 122 minecraft:dragon_egg net.minecraft.item.ItemBlock@37986daf
[22:38:58] [Server thread/TRACE] [FML]:   Registry: 123 minecraft:redstone_lamp net.minecraft.item.ItemBlock@c82d925
[22:38:58] [Server thread/TRACE] [FML]:   Registry: 126 minecraft:wooden_slab net.minecraft.item.ItemSlab@55c03e4
[22:38:58] [Server thread/TRACE] [FML]:   Registry: 128 minecraft:sandstone_stairs net.minecraft.item.ItemBlock@14df5253
[22:38:58] [Server thread/TRACE] [FML]:   Registry: 129 minecraft:emerald_ore net.minecraft.item.ItemBlock@605eb072
[22:38:58] [Server thread/TRACE] [FML]:   Registry: 130 minecraft:ender_chest net.minecraft.item.ItemBlock@7a0f06ad
[22:38:58] [Server thread/TRACE] [FML]:   Registry: 131 minecraft:tripwire_hook net.minecraft.item.ItemBlock@1fa9692b
[22:38:58] [Server thread/TRACE] [FML]:   Registry: 133 minecraft:emerald_block net.minecraft.item.ItemBlock@710afd47
[22:38:58] [Server thread/TRACE] [FML]:   Registry: 134 minecraft:spruce_stairs net.minecraft.item.ItemBlock@64420e34
[22:38:58] [Server thread/TRACE] [FML]:   Registry: 135 minecraft:birch_stairs net.minecraft.item.ItemBlock@667a467f
[22:38:58] [Server thread/TRACE] [FML]:   Registry: 136 minecraft:jungle_stairs net.minecraft.item.ItemBlock@324e8baa
[22:38:58] [Server thread/TRACE] [FML]:   Registry: 137 minecraft:command_block net.minecraft.item.ItemBlock@1488a861
[22:38:58] [Server thread/TRACE] [FML]:   Registry: 138 minecraft:beacon net.minecraft.item.ItemBlock@604f376a
[22:38:58] [Server thread/TRACE] [FML]:   Registry: 139 minecraft:cobblestone_wall net.minecraft.item.ItemMultiTexture@5a90fcaa
[22:38:58] [Server thread/TRACE] [FML]:   Registry: 143 minecraft:wooden_button net.minecraft.item.ItemBlock@1805ec96
[22:38:58] [Server thread/TRACE] [FML]:   Registry: 145 minecraft:anvil net.minecraft.item.ItemAnvilBlock@15be68b
[22:38:58] [Server thread/TRACE] [FML]:   Registry: 146 minecraft:trapped_chest net.minecraft.item.ItemBlock@22ff1372
[22:38:58] [Server thread/TRACE] [FML]:   Registry: 147 minecraft:light_weighted_pressure_plate net.minecraft.item.ItemBlock@356341c9
[22:38:58] [Server thread/TRACE] [FML]:   Registry: 148 minecraft:heavy_weighted_pressure_plate net.minecraft.item.ItemBlock@3a70575
[22:38:58] [Server thread/TRACE] [FML]:   Registry: 151 minecraft:daylight_detector net.minecraft.item.ItemBlock@5d96d434
[22:38:58] [Server thread/TRACE] [FML]:   Registry: 152 minecraft:redstone_block net.minecraft.item.ItemBlock@7283877
[22:38:58] [Server thread/TRACE] [FML]:   Registry: 153 minecraft:quartz_ore net.minecraft.item.ItemBlock@286a4c52
[22:38:58] [Server thread/TRACE] [FML]:   Registry: 154 minecraft:hopper net.minecraft.item.ItemBlock@13dd7887
[22:38:58] [Server thread/TRACE] [FML]:   Registry: 155 minecraft:quartz_block net.minecraft.item.ItemMultiTexture@780129bc
[22:38:58] [Server thread/TRACE] [FML]:   Registry: 156 minecraft:quartz_stairs net.minecraft.item.ItemBlock@3e2c4d4b
[22:38:58] [Server thread/TRACE] [FML]:   Registry: 157 minecraft:activator_rail net.minecraft.item.ItemBlock@44de8e00
[22:38:58] [Server thread/TRACE] [FML]:   Registry: 158 minecraft:dropper net.minecraft.item.ItemBlock@3cbfdf5c
[22:38:58] [Server thread/TRACE] [FML]:   Registry: 159 minecraft:stained_hardened_clay net.minecraft.item.ItemCloth@4d825dbe
[22:38:58] [Server thread/TRACE] [FML]:   Registry: 160 minecraft:stained_glass_pane net.minecraft.item.ItemCloth@72001c71
[22:38:58] [Server thread/TRACE] [FML]:   Registry: 161 minecraft:leaves2 net.minecraft.item.ItemLeaves@22e813fc
[22:38:58] [Server thread/TRACE] [FML]:   Registry: 162 minecraft:log2 net.minecraft.item.ItemMultiTexture@402a69f
[22:38:58] [Server thread/TRACE] [FML]:   Registry: 163 minecraft:acacia_stairs net.minecraft.item.ItemBlock@24615687
[22:38:58] [Server thread/TRACE] [FML]:   Registry: 164 minecraft:dark_oak_stairs net.minecraft.item.ItemBlock@58636b50
[22:38:58] [Server thread/TRACE] [FML]:   Registry: 165 minecraft:slime net.minecraft.item.ItemBlock@7f4f1536
[22:38:58] [Server thread/TRACE] [FML]:   Registry: 166 minecraft:barrier net.minecraft.item.ItemBlock@11180750
[22:38:58] [Server thread/TRACE] [FML]:   Registry: 167 minecraft:iron_trapdoor net.minecraft.item.ItemBlock@210635fd
[22:38:58] [Server thread/TRACE] [FML]:   Registry: 168 minecraft:prismarine net.minecraft.item.ItemMultiTexture@f810c18
[22:38:58] [Server thread/TRACE] [FML]:   Registry: 169 minecraft:sea_lantern net.minecraft.item.ItemBlock@59f3426f
[22:38:58] [Server thread/TRACE] [FML]:   Registry: 170 minecraft:hay_block net.minecraft.item.ItemBlock@63814bbe
[22:38:58] [Server thread/TRACE] [FML]:   Registry: 171 minecraft:carpet net.minecraft.item.ItemCloth@3cb195dd
[22:38:58] [Server thread/TRACE] [FML]:   Registry: 172 minecraft:hardened_clay net.minecraft.item.ItemBlock@6dc2279c
[22:38:58] [Server thread/TRACE] [FML]:   Registry: 173 minecraft:coal_block net.minecraft.item.ItemBlock@7d7b4e04
[22:38:58] [Server thread/TRACE] [FML]:   Registry: 174 minecraft:packed_ice net.minecraft.item.ItemBlock@144e36ae
[22:38:58] [Server thread/TRACE] [FML]:   Registry: 175 minecraft:double_plant net.minecraft.item.ItemMultiTexture@67ceeffd
[22:38:58] [Server thread/TRACE] [FML]:   Registry: 179 minecraft:red_sandstone net.minecraft.item.ItemMultiTexture@280d5a82
[22:38:58] [Server thread/TRACE] [FML]:   Registry: 180 minecraft:red_sandstone_stairs net.minecraft.item.ItemBlock@1a34a51e
[22:38:58] [Server thread/TRACE] [FML]:   Registry: 182 minecraft:stone_slab2 net.minecraft.item.ItemSlab@333a44f2
[22:38:58] [Server thread/TRACE] [FML]:   Registry: 183 minecraft:spruce_fence_gate net.minecraft.item.ItemBlock@6df2a206
[22:38:58] [Server thread/TRACE] [FML]:   Registry: 184 minecraft:birch_fence_gate net.minecraft.item.ItemBlock@61993d18
[22:38:58] [Server thread/TRACE] [FML]:   Registry: 185 minecraft:jungle_fence_gate net.minecraft.item.ItemBlock@6f240187
[22:38:58] [Server thread/TRACE] [FML]:   Registry: 186 minecraft:dark_oak_fence_gate net.minecraft.item.ItemBlock@46a388cc
[22:38:58] [Server thread/TRACE] [FML]:   Registry: 187 minecraft:acacia_fence_gate net.minecraft.item.ItemBlock@3e39f08c
[22:38:58] [Server thread/TRACE] [FML]:   Registry: 188 minecraft:spruce_fence net.minecraft.item.ItemBlock@11228bee
[22:38:58] [Server thread/TRACE] [FML]:   Registry: 189 minecraft:birch_fence net.minecraft.item.ItemBlock@7d626f2
[22:38:58] [Server thread/TRACE] [FML]:   Registry: 190 minecraft:jungle_fence net.minecraft.item.ItemBlock@460f1cdb
[22:38:58] [Server thread/TRACE] [FML]:   Registry: 191 minecraft:dark_oak_fence net.minecraft.item.ItemBlock@31e7afde
[22:38:58] [Server thread/TRACE] [FML]:   Registry: 192 minecraft:acacia_fence net.minecraft.item.ItemBlock@349f3ff7
[22:38:58] [Server thread/TRACE] [FML]:   Registry: 198 minecraft:end_rod net.minecraft.item.ItemBlock@371cd2fc
[22:38:58] [Server thread/TRACE] [FML]:   Registry: 199 minecraft:chorus_plant net.minecraft.item.ItemBlock@b32e983
[22:38:58] [Server thread/TRACE] [FML]:   Registry: 200 minecraft:chorus_flower net.minecraft.item.ItemBlock@3c346c45
[22:38:58] [Server thread/TRACE] [FML]:   Registry: 201 minecraft:purpur_block net.minecraft.item.ItemBlock@16df9bde
[22:38:58] [Server thread/TRACE] [FML]:   Registry: 202 minecraft:purpur_pillar net.minecraft.item.ItemBlock@478530cb
[22:38:58] [Server thread/TRACE] [FML]:   Registry: 203 minecraft:purpur_stairs net.minecraft.item.ItemBlock@5be7b749
[22:38:58] [Server thread/TRACE] [FML]:   Registry: 205 minecraft:purpur_slab net.minecraft.item.ItemSlab@44aeae34
[22:38:58] [Server thread/TRACE] [FML]:   Registry: 206 minecraft:end_bricks net.minecraft.item.ItemBlock@704c3bdf
[22:38:58] [Server thread/TRACE] [FML]:   Registry: 208 minecraft:grass_path net.minecraft.item.ItemBlock@1ad1b737
[22:38:58] [Server thread/TRACE] [FML]:   Registry: 210 minecraft:repeating_command_block net.minecraft.item.ItemBlock@2c668c2a
[22:38:58] [Server thread/TRACE] [FML]:   Registry: 211 minecraft:chain_command_block net.minecraft.item.ItemBlock@6efd0a6e
[22:38:58] [Server thread/TRACE] [FML]:   Registry: 213 minecraft:magma net.minecraft.item.ItemBlock@51de5efa
[22:38:58] [Server thread/TRACE] [FML]:   Registry: 214 minecraft:nether_wart_block net.minecraft.item.ItemBlock@30228de7
[22:38:58] [Server thread/TRACE] [FML]:   Registry: 215 minecraft:red_nether_brick net.minecraft.item.ItemBlock@28bd5015
[22:38:58] [Server thread/TRACE] [FML]:   Registry: 216 minecraft:bone_block net.minecraft.item.ItemBlock@2e159116
[22:38:58] [Server thread/TRACE] [FML]:   Registry: 217 minecraft:structure_void net.minecraft.item.ItemBlock@d1f23a0
[22:38:58] [Server thread/TRACE] [FML]:   Registry: 218 minecraft:observer net.minecraft.item.ItemBlock@2976ca51
[22:38:58] [Server thread/TRACE] [FML]:   Registry: 219 minecraft:white_shulker_box net.minecraft.item.ItemShulkerBox@6996bbc4
[22:38:58] [Server thread/TRACE] [FML]:   Registry: 220 minecraft:orange_shulker_box net.minecraft.item.ItemShulkerBox@1de08775
[22:38:58] [Server thread/TRACE] [FML]:   Registry: 221 minecraft:magenta_shulker_box net.minecraft.item.ItemShulkerBox@2dbf2da
[22:38:58] [Server thread/TRACE] [FML]:   Registry: 222 minecraft:light_blue_shulker_box net.minecraft.item.ItemShulkerBox@21a5b599
[22:38:58] [Server thread/TRACE] [FML]:   Registry: 223 minecraft:yellow_shulker_box net.minecraft.item.ItemShulkerBox@7db162f2
[22:38:58] [Server thread/TRACE] [FML]:   Registry: 224 minecraft:lime_shulker_box net.minecraft.item.ItemShulkerBox@64f3991e
[22:38:58] [Server thread/TRACE] [FML]:   Registry: 225 minecraft:pink_shulker_box net.minecraft.item.ItemShulkerBox@39e3ea78
[22:38:58] [Server thread/TRACE] [FML]:   Registry: 226 minecraft:gray_shulker_box net.minecraft.item.ItemShulkerBox@35e689a0
[22:38:58] [Server thread/TRACE] [FML]:   Registry: 227 minecraft:silver_shulker_box net.minecraft.item.ItemShulkerBox@43b6cb1c
[22:38:58] [Server thread/TRACE] [FML]:   Registry: 228 minecraft:cyan_shulker_box net.minecraft.item.ItemShulkerBox@3bf5911d
[22:38:58] [Server thread/TRACE] [FML]:   Registry: 229 minecraft:purple_shulker_box net.minecraft.item.ItemShulkerBox@1de30c31
[22:38:58] [Server thread/TRACE] [FML]:   Registry: 230 minecraft:blue_shulker_box net.minecraft.item.ItemShulkerBox@1cc93da4
[22:38:58] [Server thread/TRACE] [FML]:   Registry: 231 minecraft:brown_shulker_box net.minecraft.item.ItemShulkerBox@69d2fb0a
[22:38:58] [Server thread/TRACE] [FML]:   Registry: 232 minecraft:green_shulker_box net.minecraft.item.ItemShulkerBox@7e38e254
[22:38:58] [Server thread/TRACE] [FML]:   Registry: 233 minecraft:red_shulker_box net.minecraft.item.ItemShulkerBox@7b3feb26
[22:38:58] [Server thread/TRACE] [FML]:   Registry: 234 minecraft:black_shulker_box net.minecraft.item.ItemShulkerBox@2e4ecdf8
[22:38:58] [Server thread/TRACE] [FML]:   Registry: 235 minecraft:white_glazed_terracotta net.minecraft.item.ItemBlock@503a7990
[22:38:58] [Server thread/TRACE] [FML]:   Registry: 236 minecraft:orange_glazed_terracotta net.minecraft.item.ItemBlock@69a90b81
[22:38:58] [Server thread/TRACE] [FML]:   Registry: 237 minecraft:magenta_glazed_terracotta net.minecraft.item.ItemBlock@6dcbbb49
[22:38:58] [Server thread/TRACE] [FML]:   Registry: 238 minecraft:light_blue_glazed_terracotta net.minecraft.item.ItemBlock@35329a05
[22:38:58] [Server thread/TRACE] [FML]:   Registry: 239 minecraft:yellow_glazed_terracotta net.minecraft.item.ItemBlock@36c783ca
[22:38:58] [Server thread/TRACE] [FML]:   Registry: 240 minecraft:lime_glazed_terracotta net.minecraft.item.ItemBlock@17136390
[22:38:58] [Server thread/TRACE] [FML]:   Registry: 241 minecraft:pink_glazed_terracotta net.minecraft.item.ItemBlock@273293c8
[22:38:58] [Server thread/TRACE] [FML]:   Registry: 242 minecraft:gray_glazed_terracotta net.minecraft.item.ItemBlock@6f1d799
[22:38:58] [Server thread/TRACE] [FML]:   Registry: 243 minecraft:silver_glazed_terracotta net.minecraft.item.ItemBlock@ca2cd5e
[22:38:58] [Server thread/TRACE] [FML]:   Registry: 244 minecraft:cyan_glazed_terracotta net.minecraft.item.ItemBlock@a120b9
[22:38:58] [Server thread/TRACE] [FML]:   Registry: 245 minecraft:purple_glazed_terracotta net.minecraft.item.ItemBlock@333e5fb6
[22:38:58] [Server thread/TRACE] [FML]:   Registry: 246 minecraft:blue_glazed_terracotta net.minecraft.item.ItemBlock@3b7b0b57
[22:38:58] [Server thread/TRACE] [FML]:   Registry: 247 minecraft:brown_glazed_terracotta net.minecraft.item.ItemBlock@21a9f95b
[22:38:58] [Server thread/TRACE] [FML]:   Registry: 248 minecraft:green_glazed_terracotta net.minecraft.item.ItemBlock@2804b13f
[22:38:58] [Server thread/TRACE] [FML]:   Registry: 249 minecraft:red_glazed_terracotta net.minecraft.item.ItemBlock@69069866
[22:38:58] [Server thread/TRACE] [FML]:   Registry: 250 minecraft:black_glazed_terracotta net.minecraft.item.ItemBlock@ac417a2
[22:38:58] [Server thread/TRACE] [FML]:   Registry: 251 minecraft:concrete net.minecraft.item.ItemCloth@64c95480
[22:38:58] [Server thread/TRACE] [FML]:   Registry: 252 minecraft:concrete_powder net.minecraft.item.ItemCloth@69499c6f
[22:38:58] [Server thread/TRACE] [FML]:   Registry: 255 minecraft:structure_block net.minecraft.item.ItemBlock@3451fc88
[22:38:58] [Server thread/TRACE] [FML]:   Registry: 256 minecraft:iron_shovel net.minecraft.item.ItemSpade@71b3ba5a
[22:38:58] [Server thread/TRACE] [FML]:   Registry: 257 minecraft:iron_pickaxe net.minecraft.item.ItemPickaxe@a047bdb
[22:38:58] [Server thread/TRACE] [FML]:   Registry: 258 minecraft:iron_axe net.minecraft.item.ItemAxe@7856f41a
[22:38:58] [Server thread/TRACE] [FML]:   Registry: 259 minecraft:flint_and_steel net.minecraft.item.ItemFlintAndSteel@709d6de5
[22:38:58] [Server thread/TRACE] [FML]:   Registry: 260 minecraft:apple net.minecraft.item.ItemFood@7645b7d
[22:38:58] [Server thread/TRACE] [FML]:   Registry: 261 minecraft:bow net.minecraft.item.ItemBow@631944d4
[22:38:58] [Server thread/TRACE] [FML]:   Registry: 262 minecraft:arrow net.minecraft.item.ItemArrow@238ad211
[22:38:58] [Server thread/TRACE] [FML]:   Registry: 263 minecraft:coal net.minecraft.item.ItemCoal@334b392d
[22:38:58] [Server thread/TRACE] [FML]:   Registry: 264 minecraft:diamond net.minecraft.item.Item@59f7c106
[22:38:58] [Server thread/TRACE] [FML]:   Registry: 265 minecraft:iron_ingot net.minecraft.item.Item@136fece2
[22:38:58] [Server thread/TRACE] [FML]:   Registry: 266 minecraft:gold_ingot net.minecraft.item.Item@56478522
[22:38:58] [Server thread/TRACE] [FML]:   Registry: 267 minecraft:iron_sword net.minecraft.item.ItemSword@1bdafb01
[22:38:58] [Server thread/TRACE] [FML]:   Registry: 268 minecraft:wooden_sword net.minecraft.item.ItemSword@7aa3857b
[22:38:58] [Server thread/TRACE] [FML]:   Registry: 269 minecraft:wooden_shovel net.minecraft.item.ItemSpade@500ec769
[22:38:58] [Server thread/TRACE] [FML]:   Registry: 270 minecraft:wooden_pickaxe net.minecraft.item.ItemPickaxe@37806be6
[22:38:58] [Server thread/TRACE] [FML]:   Registry: 271 minecraft:wooden_axe net.minecraft.item.ItemAxe@7bce9ce4
[22:38:58] [Server thread/TRACE] [FML]:   Registry: 272 minecraft:stone_sword net.minecraft.item.ItemSword@1d2046bb
[22:38:58] [Server thread/TRACE] [FML]:   Registry: 273 minecraft:stone_shovel net.minecraft.item.ItemSpade@3b33fff9
[22:38:58] [Server thread/TRACE] [FML]:   Registry: 274 minecraft:stone_pickaxe net.minecraft.item.ItemPickaxe@fd87c22
[22:38:58] [Server thread/TRACE] [FML]:   Registry: 275 minecraft:stone_axe net.minecraft.item.ItemAxe@fee881
[22:38:58] [Server thread/TRACE] [FML]:   Registry: 276 minecraft:diamond_sword net.minecraft.item.ItemSword@1ff463bb
[22:38:58] [Server thread/TRACE] [FML]:   Registry: 277 minecraft:diamond_shovel net.minecraft.item.ItemSpade@3b9c9b8b
[22:38:58] [Server thread/TRACE] [FML]:   Registry: 278 minecraft:diamond_pickaxe net.minecraft.item.ItemPickaxe@7769d9b6
[22:38:58] [Server thread/TRACE] [FML]:   Registry: 279 minecraft:diamond_axe net.minecraft.item.ItemAxe@248d3a
[22:38:58] [Server thread/TRACE] [FML]:   Registry: 280 minecraft:stick net.minecraft.item.Item@3c71cf3e
[22:38:58] [Server thread/TRACE] [FML]:   Registry: 281 minecraft:bowl net.minecraft.item.Item@636e4bf8
[22:38:58] [Server thread/TRACE] [FML]:   Registry: 282 minecraft:mushroom_stew net.minecraft.item.ItemSoup@1be77a76
[22:38:58] [Server thread/TRACE] [FML]:   Registry: 283 minecraft:golden_sword net.minecraft.item.ItemSword@315cf170
[22:38:58] [Server thread/TRACE] [FML]:   Registry: 284 minecraft:golden_shovel net.minecraft.item.ItemSpade@7878bbdb
[22:38:58] [Server thread/TRACE] [FML]:   Registry: 285 minecraft:golden_pickaxe net.minecraft.item.ItemPickaxe@25f7cc38
[22:38:58] [Server thread/TRACE] [FML]:   Registry: 286 minecraft:golden_axe net.minecraft.item.ItemAxe@563263a
[22:38:58] [Server thread/TRACE] [FML]:   Registry: 287 minecraft:string net.minecraft.item.ItemBlockSpecial@2e1ba142
[22:38:58] [Server thread/TRACE] [FML]:   Registry: 288 minecraft:feather net.minecraft.item.Item@abc7005
[22:38:58] [Server thread/TRACE] [FML]:   Registry: 289 minecraft:gunpowder net.minecraft.item.Item@595ec862
[22:38:58] [Server thread/TRACE] [FML]:   Registry: 290 minecraft:wooden_hoe net.minecraft.item.ItemHoe@77cd235b
[22:38:58] [Server thread/TRACE] [FML]:   Registry: 291 minecraft:stone_hoe net.minecraft.item.ItemHoe@302da330
[22:38:58] [Server thread/TRACE] [FML]:   Registry: 292 minecraft:iron_hoe net.minecraft.item.ItemHoe@3568ea59
[22:38:58] [Server thread/TRACE] [FML]:   Registry: 293 minecraft:diamond_hoe net.minecraft.item.ItemHoe@9f2376f
[22:38:58] [Server thread/TRACE] [FML]:   Registry: 294 minecraft:golden_hoe net.minecraft.item.ItemHoe@173b1af1
[22:38:58] [Server thread/TRACE] [FML]:   Registry: 295 minecraft:wheat_seeds net.minecraft.item.ItemSeeds@359865a2
[22:38:58] [Server thread/TRACE] [FML]:   Registry: 296 minecraft:wheat net.minecraft.item.Item@5d9bb69b
[22:38:58] [Server thread/TRACE] [FML]:   Registry: 297 minecraft:bread net.minecraft.item.ItemFood@25d0b918
[22:38:58] [Server thread/TRACE] [FML]:   Registry: 298 minecraft:leather_helmet net.minecraft.item.ItemArmor@4b09d1c3
[22:38:58] [Server thread/TRACE] [FML]:   Registry: 299 minecraft:leather_chestplate net.minecraft.item.ItemArmor@18811c42
[22:38:58] [Server thread/TRACE] [FML]:   Registry: 300 minecraft:leather_leggings net.minecraft.item.ItemArmor@627acb38
[22:38:58] [Server thread/TRACE] [FML]:   Registry: 301 minecraft:leather_boots net.minecraft.item.ItemArmor@32b95de
[22:38:58] [Server thread/TRACE] [FML]:   Registry: 302 minecraft:chainmail_helmet net.minecraft.item.ItemArmor@629cbb1
[22:38:58] [Server thread/TRACE] [FML]:   Registry: 303 minecraft:chainmail_chestplate net.minecraft.item.ItemArmor@165aa43a
[22:38:58] [Server thread/TRACE] [FML]:   Registry: 304 minecraft:chainmail_leggings net.minecraft.item.ItemArmor@22cd8ec2
[22:38:58] [Server thread/TRACE] [FML]:   Registry: 305 minecraft:chainmail_boots net.minecraft.item.ItemArmor@7d977a20
[22:38:58] [Server thread/TRACE] [FML]:   Registry: 306 minecraft:iron_helmet net.minecraft.item.ItemArmor@35ab4260
[22:38:58] [Server thread/TRACE] [FML]:   Registry: 307 minecraft:iron_chestplate net.minecraft.item.ItemArmor@76134b9b
[22:38:58] [Server thread/TRACE] [FML]:   Registry: 308 minecraft:iron_leggings net.minecraft.item.ItemArmor@38667005
[22:38:58] [Server thread/TRACE] [FML]:   Registry: 309 minecraft:iron_boots net.minecraft.item.ItemArmor@7ee64b53
[22:38:58] [Server thread/TRACE] [FML]:   Registry: 310 minecraft:diamond_helmet net.minecraft.item.ItemArmor@1131aead
[22:38:58] [Server thread/TRACE] [FML]:   Registry: 311 minecraft:diamond_chestplate net.minecraft.item.ItemArmor@7d126083
[22:38:58] [Server thread/TRACE] [FML]:   Registry: 312 minecraft:diamond_leggings net.minecraft.item.ItemArmor@76ffc17c
[22:38:58] [Server thread/TRACE] [FML]:   Registry: 313 minecraft:diamond_boots net.minecraft.item.ItemArmor@3a8fb023
[22:38:58] [Server thread/TRACE] [FML]:   Registry: 314 minecraft:golden_helmet net.minecraft.item.ItemArmor@26d73519
[22:38:58] [Server thread/TRACE] [FML]:   Registry: 315 minecraft:golden_chestplate net.minecraft.item.ItemArmor@48af5f38
[22:38:58] [Server thread/TRACE] [FML]:   Registry: 316 minecraft:golden_leggings net.minecraft.item.ItemArmor@40538370
[22:38:58] [Server thread/TRACE] [FML]:   Registry: 317 minecraft:golden_boots net.minecraft.item.ItemArmor@71a2df1
[22:38:58] [Server thread/TRACE] [FML]:   Registry: 318 minecraft:flint net.minecraft.item.Item@18faaff6
[22:38:58] [Server thread/TRACE] [FML]:   Registry: 319 minecraft:porkchop net.minecraft.item.ItemFood@2a9e754e
[22:38:58] [Server thread/TRACE] [FML]:   Registry: 320 minecraft:cooked_porkchop net.minecraft.item.ItemFood@760a2b6e
[22:38:58] [Server thread/TRACE] [FML]:   Registry: 321 minecraft:painting net.minecraft.item.ItemHangingEntity@780ee3ad
[22:38:58] [Server thread/TRACE] [FML]:   Registry: 322 minecraft:golden_apple net.minecraft.item.ItemAppleGold@66b31d46
[22:38:58] [Server thread/TRACE] [FML]:   Registry: 323 minecraft:sign net.minecraft.item.ItemSign@5fc1e4fb
[22:38:58] [Server thread/TRACE] [FML]:   Registry: 324 minecraft:wooden_door net.minecraft.item.ItemDoor@4768b95c
[22:38:58] [Server thread/TRACE] [FML]:   Registry: 325 minecraft:bucket net.minecraft.item.ItemBucket@62de73eb
[22:38:58] [Server thread/TRACE] [FML]:   Registry: 326 minecraft:water_bucket net.minecraft.item.ItemBucket@97b5e6a
[22:38:58] [Server thread/TRACE] [FML]:   Registry: 327 minecraft:lava_bucket net.minecraft.item.ItemBucket@29f95272
[22:38:58] [Server thread/TRACE] [FML]:   Registry: 328 minecraft:minecart net.minecraft.item.ItemMinecart@1c7843c3
[22:38:58] [Server thread/TRACE] [FML]:   Registry: 329 minecraft:saddle net.minecraft.item.ItemSaddle@93ce24d
[22:38:58] [Server thread/TRACE] [FML]:   Registry: 330 minecraft:iron_door net.minecraft.item.ItemDoor@d949bc4
[22:38:58] [Server thread/TRACE] [FML]:   Registry: 331 minecraft:redstone net.minecraft.item.ItemRedstone@6abe62bb
[22:38:58] [Server thread/TRACE] [FML]:   Registry: 332 minecraft:snowball net.minecraft.item.ItemSnowball@545604a9
[22:38:58] [Server thread/TRACE] [FML]:   Registry: 333 minecraft:boat net.minecraft.item.ItemBoat@655909e2
[22:38:58] [Server thread/TRACE] [FML]:   Registry: 334 minecraft:leather net.minecraft.item.Item@716ae973
[22:38:58] [Server thread/TRACE] [FML]:   Registry: 335 minecraft:milk_bucket net.minecraft.item.ItemBucketMilk@41059616
[22:38:58] [Server thread/TRACE] [FML]:   Registry: 336 minecraft:brick net.minecraft.item.Item@2e93108a
[22:38:58] [Server thread/TRACE] [FML]:   Registry: 337 minecraft:clay_ball net.minecraft.item.Item@34e25492
[22:38:58] [Server thread/TRACE] [FML]:   Registry: 338 minecraft:reeds net.minecraft.item.ItemBlockSpecial@32f308c6
[22:38:58] [Server thread/TRACE] [FML]:   Registry: 339 minecraft:paper net.minecraft.item.Item@5f2b9da8
[22:38:58] [Server thread/TRACE] [FML]:   Registry: 340 minecraft:book net.minecraft.item.ItemBook@5909ae90
[22:38:58] [Server thread/TRACE] [FML]:   Registry: 341 minecraft:slime_ball net.minecraft.item.Item@4489f60f
[22:38:58] [Server thread/TRACE] [FML]:   Registry: 342 minecraft:chest_minecart net.minecraft.item.ItemMinecart@fe08eaf
[22:38:58] [Server thread/TRACE] [FML]:   Registry: 343 minecraft:furnace_minecart net.minecraft.item.ItemMinecart@6fd9dbe6
[22:38:58] [Server thread/TRACE] [FML]:   Registry: 344 minecraft:egg net.minecraft.item.ItemEgg@5a7a6d34
[22:38:58] [Server thread/TRACE] [FML]:   Registry: 345 minecraft:compass net.minecraft.item.ItemCompass@1aaf46e6
[22:38:58] [Server thread/TRACE] [FML]:   Registry: 346 minecraft:fishing_rod net.minecraft.item.ItemFishingRod@39acd1f1
[22:38:58] [Server thread/TRACE] [FML]:   Registry: 347 minecraft:clock net.minecraft.item.ItemClock@3a72e2e8
[22:38:58] [Server thread/TRACE] [FML]:   Registry: 348 minecraft:glowstone_dust net.minecraft.item.Item@42401b81
[22:38:58] [Server thread/TRACE] [FML]:   Registry: 349 minecraft:fish net.minecraft.item.ItemFishFood@4f20b022
[22:38:58] [Server thread/TRACE] [FML]:   Registry: 350 minecraft:cooked_fish net.minecraft.item.ItemFishFood@72a34537
[22:38:58] [Server thread/TRACE] [FML]:   Registry: 351 minecraft:dye net.minecraft.item.ItemDye@68821f6
[22:38:58] [Server thread/TRACE] [FML]:   Registry: 352 minecraft:bone net.minecraft.item.Item@3ba46845
[22:38:58] [Server thread/TRACE] [FML]:   Registry: 353 minecraft:sugar net.minecraft.item.Item@40a28bda
[22:38:58] [Server thread/TRACE] [FML]:   Registry: 354 minecraft:cake net.minecraft.item.ItemBlockSpecial@592cb470
[22:38:58] [Server thread/TRACE] [FML]:   Registry: 355 minecraft:bed net.minecraft.item.ItemBed@15d79b70
[22:38:58] [Server thread/TRACE] [FML]:   Registry: 356 minecraft:repeater net.minecraft.item.ItemBlockSpecial@33430fc
[22:38:58] [Server thread/TRACE] [FML]:   Registry: 357 minecraft:cookie net.minecraft.item.ItemFood@45424c0
[22:38:58] [Server thread/TRACE] [FML]:   Registry: 358 minecraft:filled_map net.minecraft.item.ItemMap@43423d40
[22:38:58] [Server thread/TRACE] [FML]:   Registry: 359 minecraft:shears net.minecraft.item.ItemShears@7a117dc2
[22:38:58] [Server thread/TRACE] [FML]:   Registry: 360 minecraft:melon net.minecraft.item.ItemFood@1d444652
[22:38:58] [Server thread/TRACE] [FML]:   Registry: 361 minecraft:pumpkin_seeds net.minecraft.item.ItemSeeds@669c2b07
[22:38:58] [Server thread/TRACE] [FML]:   Registry: 362 minecraft:melon_seeds net.minecraft.item.ItemSeeds@1b1ea1d9
[22:38:58] [Server thread/TRACE] [FML]:   Registry: 363 minecraft:beef net.minecraft.item.ItemFood@6a902015
[22:38:58] [Server thread/TRACE] [FML]:   Registry: 364 minecraft:cooked_beef net.minecraft.item.ItemFood@55d99dc3
[22:38:58] [Server thread/TRACE] [FML]:   Registry: 365 minecraft:chicken net.minecraft.item.ItemFood@7d18338b
[22:38:58] [Server thread/TRACE] [FML]:   Registry: 366 minecraft:cooked_chicken net.minecraft.item.ItemFood@3f4a605f
[22:38:58] [Server thread/TRACE] [FML]:   Registry: 367 minecraft:rotten_flesh net.minecraft.item.ItemFood@30c8c6ab
[22:38:58] [Server thread/TRACE] [FML]:   Registry: 368 minecraft:ender_pearl net.minecraft.item.ItemEnderPearl@7b8b07ae
[22:38:58] [Server thread/TRACE] [FML]:   Registry: 369 minecraft:blaze_rod net.minecraft.item.Item@19ec5357
[22:38:58] [Server thread/TRACE] [FML]:   Registry: 370 minecraft:ghast_tear net.minecraft.item.Item@351d93bd
[22:38:58] [Server thread/TRACE] [FML]:   Registry: 371 minecraft:gold_nugget net.minecraft.item.Item@61c5fd78
[22:38:58] [Server thread/TRACE] [FML]:   Registry: 372 minecraft:nether_wart net.minecraft.item.ItemSeeds@42503099
[22:38:58] [Server thread/TRACE] [FML]:   Registry: 373 minecraft:potion net.minecraft.item.ItemPotion@60844992
[22:38:58] [Server thread/TRACE] [FML]:   Registry: 374 minecraft:glass_bottle net.minecraft.item.ItemGlassBottle@77856cc5
[22:38:58] [Server thread/TRACE] [FML]:   Registry: 375 minecraft:spider_eye net.minecraft.item.ItemFood@1fbd5e0
[22:38:58] [Server thread/TRACE] [FML]:   Registry: 376 minecraft:fermented_spider_eye net.minecraft.item.Item@32d22650
[22:38:58] [Server thread/TRACE] [FML]:   Registry: 377 minecraft:blaze_powder net.minecraft.item.Item@135064ea
[22:38:58] [Server thread/TRACE] [FML]:   Registry: 378 minecraft:magma_cream net.minecraft.item.Item@4f6fd101
[22:38:58] [Server thread/TRACE] [FML]:   Registry: 379 minecraft:brewing_stand net.minecraft.item.ItemBlockSpecial@106459d9
[22:38:58] [Server thread/TRACE] [FML]:   Registry: 380 minecraft:cauldron net.minecraft.item.ItemBlockSpecial@33a71d23
[22:38:58] [Server thread/TRACE] [FML]:   Registry: 381 minecraft:ender_eye net.minecraft.item.ItemEnderEye@a55e82a
[22:38:58] [Server thread/TRACE] [FML]:   Registry: 382 minecraft:speckled_melon net.minecraft.item.Item@70ee9d31
[22:38:58] [Server thread/TRACE] [FML]:   Registry: 383 minecraft:spawn_egg net.minecraft.item.ItemMonsterPlacer@3ec082a1
[22:38:58] [Server thread/TRACE] [FML]:   Registry: 384 minecraft:experience_bottle net.minecraft.item.ItemExpBottle@2bb3f39e
[22:38:58] [Server thread/TRACE] [FML]:   Registry: 385 minecraft:fire_charge net.minecraft.item.ItemFireball@1a3b1f7e
[22:38:58] [Server thread/TRACE] [FML]:   Registry: 386 minecraft:writable_book net.minecraft.item.ItemWritableBook@636fccb0
[22:38:58] [Server thread/TRACE] [FML]:   Registry: 387 minecraft:written_book net.minecraft.item.ItemWrittenBook@428eb3d5
[22:38:58] [Server thread/TRACE] [FML]:   Registry: 388 minecraft:emerald net.minecraft.item.Item@5ddd84d2
[22:38:58] [Server thread/TRACE] [FML]:   Registry: 389 minecraft:item_frame net.minecraft.item.ItemHangingEntity@3fd5d679
[22:38:58] [Server thread/TRACE] [FML]:   Registry: 390 minecraft:flower_pot net.minecraft.item.ItemBlockSpecial@7aa15a80
[22:38:58] [Server thread/TRACE] [FML]:   Registry: 391 minecraft:carrot net.minecraft.item.ItemSeedFood@62b786dc
[22:38:58] [Server thread/TRACE] [FML]:   Registry: 392 minecraft:potato net.minecraft.item.ItemSeedFood@7ba1cdbe
[22:38:58] [Server thread/TRACE] [FML]:   Registry: 393 minecraft:baked_potato net.minecraft.item.ItemFood@48d5ca17
[22:38:58] [Server thread/TRACE] [FML]:   Registry: 394 minecraft:poisonous_potato net.minecraft.item.ItemFood@226e07e7
[22:38:58] [Server thread/TRACE] [FML]:   Registry: 395 minecraft:map net.minecraft.item.ItemEmptyMap@4e8afdad
[22:38:58] [Server thread/TRACE] [FML]:   Registry: 396 minecraft:golden_carrot net.minecraft.item.ItemFood@79b8ecb
[22:38:58] [Server thread/TRACE] [FML]:   Registry: 397 minecraft:skull net.minecraft.item.ItemSkull@2c1ea7be
[22:38:58] [Server thread/TRACE] [FML]:   Registry: 398 minecraft:carrot_on_a_stick net.minecraft.item.ItemCarrotOnAStick@2ce47652
[22:38:58] [Server thread/TRACE] [FML]:   Registry: 399 minecraft:nether_star net.minecraft.item.ItemSimpleFoiled@4db6348b
[22:38:58] [Server thread/TRACE] [FML]:   Registry: 400 minecraft:pumpkin_pie net.minecraft.item.ItemFood@7742a276
[22:38:58] [Server thread/TRACE] [FML]:   Registry: 401 minecraft:fireworks net.minecraft.item.ItemFirework@20231384
[22:38:58] [Server thread/TRACE] [FML]:   Registry: 402 minecraft:firework_charge net.minecraft.item.ItemFireworkCharge@73d91faf
[22:38:58] [Server thread/TRACE] [FML]:   Registry: 403 minecraft:enchanted_book net.minecraft.item.ItemEnchantedBook@6b751cb1
[22:38:58] [Server thread/TRACE] [FML]:   Registry: 404 minecraft:comparator net.minecraft.item.ItemBlockSpecial@df9d400
[22:38:58] [Server thread/TRACE] [FML]:   Registry: 405 minecraft:netherbrick net.minecraft.item.Item@4ec427
[22:38:58] [Server thread/TRACE] [FML]:   Registry: 406 minecraft:quartz net.minecraft.item.Item@4c8d45cf
[22:38:58] [Server thread/TRACE] [FML]:   Registry: 407 minecraft:tnt_minecart net.minecraft.item.ItemMinecart@fde487b
[22:38:58] [Server thread/TRACE] [FML]:   Registry: 408 minecraft:hopper_minecart net.minecraft.item.ItemMinecart@4cc4d454
[22:38:58] [Server thread/TRACE] [FML]:   Registry: 409 minecraft:prismarine_shard net.minecraft.item.Item@3add5e17
[22:38:58] [Server thread/TRACE] [FML]:   Registry: 410 minecraft:prismarine_crystals net.minecraft.item.Item@1c58d7be
[22:38:58] [Server thread/TRACE] [FML]:   Registry: 411 minecraft:rabbit net.minecraft.item.ItemFood@61b8c9de
[22:38:58] [Server thread/TRACE] [FML]:   Registry: 412 minecraft:cooked_rabbit net.minecraft.item.ItemFood@b34c7c9
[22:38:58] [Server thread/TRACE] [FML]:   Registry: 413 minecraft:rabbit_stew net.minecraft.item.ItemSoup@5b490d5e
[22:38:58] [Server thread/TRACE] [FML]:   Registry: 414 minecraft:rabbit_foot net.minecraft.item.Item@1f6c4ae
[22:38:58] [Server thread/TRACE] [FML]:   Registry: 415 minecraft:rabbit_hide net.minecraft.item.Item@26270b77
[22:38:58] [Server thread/TRACE] [FML]:   Registry: 416 minecraft:armor_stand net.minecraft.item.ItemArmorStand@2c56eba5
[22:38:58] [Server thread/TRACE] [FML]:   Registry: 417 minecraft:iron_horse_armor net.minecraft.item.Item@6231f77a
[22:38:58] [Server thread/TRACE] [FML]:   Registry: 418 minecraft:golden_horse_armor net.minecraft.item.Item@290c266c
[22:38:58] [Server thread/TRACE] [FML]:   Registry: 419 minecraft:diamond_horse_armor net.minecraft.item.Item@75b363c3
[22:38:58] [Server thread/TRACE] [FML]:   Registry: 420 minecraft:lead net.minecraft.item.ItemLead@58ebee9
[22:38:58] [Server thread/TRACE] [FML]:   Registry: 421 minecraft:name_tag net.minecraft.item.ItemNameTag@6be50b35
[22:38:58] [Server thread/TRACE] [FML]:   Registry: 422 minecraft:command_block_minecart net.minecraft.item.ItemMinecart@ce2eaa7
[22:38:58] [Server thread/TRACE] [FML]:   Registry: 423 minecraft:mutton net.minecraft.item.ItemFood@2166c48a
[22:38:58] [Server thread/TRACE] [FML]:   Registry: 424 minecraft:cooked_mutton net.minecraft.item.ItemFood@304744a1
[22:38:58] [Server thread/TRACE] [FML]:   Registry: 425 minecraft:banner net.minecraft.item.ItemBanner@4449a60b
[22:38:58] [Server thread/TRACE] [FML]:   Registry: 426 minecraft:end_crystal net.minecraft.item.ItemEndCrystal@6cd7f381
[22:38:58] [Server thread/TRACE] [FML]:   Registry: 427 minecraft:spruce_door net.minecraft.item.ItemDoor@7df3da0b
[22:38:58] [Server thread/TRACE] [FML]:   Registry: 428 minecraft:birch_door net.minecraft.item.ItemDoor@4e5d5ac1
[22:38:58] [Server thread/TRACE] [FML]:   Registry: 429 minecraft:jungle_door net.minecraft.item.ItemDoor@70777a65
[22:38:58] [Server thread/TRACE] [FML]:   Registry: 430 minecraft:acacia_door net.minecraft.item.ItemDoor@236fd411
[22:38:58] [Server thread/TRACE] [FML]:   Registry: 431 minecraft:dark_oak_door net.minecraft.item.ItemDoor@402f61f5
[22:38:58] [Server thread/TRACE] [FML]:   Registry: 432 minecraft:chorus_fruit net.minecraft.item.ItemChorusFruit@288409f0
[22:38:58] [Server thread/TRACE] [FML]:   Registry: 433 minecraft:chorus_fruit_popped net.minecraft.item.Item@7d685f4e
[22:38:58] [Server thread/TRACE] [FML]:   Registry: 434 minecraft:beetroot net.minecraft.item.ItemFood@61eab26b
[22:38:58] [Server thread/TRACE] [FML]:   Registry: 435 minecraft:beetroot_seeds net.minecraft.item.ItemSeeds@19ac93d2
[22:38:58] [Server thread/TRACE] [FML]:   Registry: 436 minecraft:beetroot_soup net.minecraft.item.ItemSoup@116fc29e
[22:38:58] [Server thread/TRACE] [FML]:   Registry: 437 minecraft:dragon_breath net.minecraft.item.Item@2e426dd2
[22:38:58] [Server thread/TRACE] [FML]:   Registry: 438 minecraft:splash_potion net.minecraft.item.ItemSplashPotion@2b9d4b0
[22:38:58] [Server thread/TRACE] [FML]:   Registry: 439 minecraft:spectral_arrow net.minecraft.item.ItemSpectralArrow@5b5b53c6
[22:38:58] [Server thread/TRACE] [FML]:   Registry: 440 minecraft:tipped_arrow net.minecraft.item.ItemTippedArrow@2e7a9db7
[22:38:58] [Server thread/TRACE] [FML]:   Registry: 441 minecraft:lingering_potion net.minecraft.item.ItemLingeringPotion@54234569
[22:38:58] [Server thread/TRACE] [FML]:   Registry: 442 minecraft:shield net.minecraft.item.ItemShield@4a453f8d
[22:38:58] [Server thread/TRACE] [FML]:   Registry: 443 minecraft:elytra net.minecraft.item.ItemElytra@59e0d521
[22:38:58] [Server thread/TRACE] [FML]:   Registry: 444 minecraft:spruce_boat net.minecraft.item.ItemBoat@2e3900dc
[22:38:58] [Server thread/TRACE] [FML]:   Registry: 445 minecraft:birch_boat net.minecraft.item.ItemBoat@5ad0c70a
[22:38:58] [Server thread/TRACE] [FML]:   Registry: 446 minecraft:jungle_boat net.minecraft.item.ItemBoat@2a16d4dc
[22:38:58] [Server thread/TRACE] [FML]:   Registry: 447 minecraft:acacia_boat net.minecraft.item.ItemBoat@75805562
[22:38:58] [Server thread/TRACE] [FML]:   Registry: 448 minecraft:dark_oak_boat net.minecraft.item.ItemBoat@13d984ee
[22:38:58] [Server thread/TRACE] [FML]:   Registry: 449 minecraft:totem_of_undying net.minecraft.item.Item@4fedf908
[22:38:58] [Server thread/TRACE] [FML]:   Registry: 450 minecraft:shulker_shell net.minecraft.item.Item@5341641d
[22:38:58] [Server thread/TRACE] [FML]:   Registry: 452 minecraft:iron_nugget net.minecraft.item.Item@241d1052
[22:38:58] [Server thread/TRACE] [FML]:   Registry: 453 minecraft:knowledge_book net.minecraft.item.ItemKnowledgeBook@5402612e
[22:38:58] [Server thread/TRACE] [FML]:   Registry: 2256 minecraft:record_13 net.minecraft.item.ItemRecord@3129299f
[22:38:58] [Server thread/TRACE] [FML]:   Registry: 2257 minecraft:record_cat net.minecraft.item.ItemRecord@2f73f0c7
[22:38:58] [Server thread/TRACE] [FML]:   Registry: 2258 minecraft:record_blocks net.minecraft.item.ItemRecord@4fdac2a7
[22:38:58] [Server thread/TRACE] [FML]:   Registry: 2259 minecraft:record_chirp net.minecraft.item.ItemRecord@8debe42
[22:38:58] [Server thread/TRACE] [FML]:   Registry: 2260 minecraft:record_far net.minecraft.item.ItemRecord@70c31b17
[22:38:58] [Server thread/TRACE] [FML]:   Registry: 2261 minecraft:record_mall net.minecraft.item.ItemRecord@40863800
[22:38:58] [Server thread/TRACE] [FML]:   Registry: 2262 minecraft:record_mellohi net.minecraft.item.ItemRecord@5950054d
[22:38:58] [Server thread/TRACE] [FML]:   Registry: 2263 minecraft:record_stal net.minecraft.item.ItemRecord@24018c8b
[22:38:58] [Server thread/TRACE] [FML]:   Registry: 2264 minecraft:record_strad net.minecraft.item.ItemRecord@4cf230bf
[22:38:58] [Server thread/TRACE] [FML]:   Registry: 2265 minecraft:record_ward net.minecraft.item.ItemRecord@3dc55719
[22:38:58] [Server thread/TRACE] [FML]:   Registry: 2266 minecraft:record_11 net.minecraft.item.ItemRecord@64665781
[22:38:58] [Server thread/TRACE] [FML]:   Registry: 2267 minecraft:record_wait net.minecraft.item.ItemRecord@4c2bea52
[22:38:58] [Server thread/TRACE] [FML]: Registry Name : minecraft:potions
[22:38:58] [Server thread/TRACE] [FML]:   Registry: 1 minecraft:speed net.minecraft.potion.Potion@4b32465
[22:38:58] [Server thread/TRACE] [FML]:   Registry: 2 minecraft:slowness net.minecraft.potion.Potion@146f3d22
[22:38:58] [Server thread/TRACE] [FML]:   Registry: 3 minecraft:haste net.minecraft.potion.Potion@66b6873f
[22:38:58] [Server thread/TRACE] [FML]:   Registry: 4 minecraft:mining_fatigue net.minecraft.potion.Potion@52285a5f
[22:38:58] [Server thread/TRACE] [FML]:   Registry: 5 minecraft:strength net.minecraft.potion.PotionAttackDamage@15e5246
[22:38:58] [Server thread/TRACE] [FML]:   Registry: 6 minecraft:instant_health net.minecraft.potion.PotionHealth@1bec1589
[22:38:58] [Server thread/TRACE] [FML]:   Registry: 7 minecraft:instant_damage net.minecraft.potion.PotionHealth@57f0bfc3
[22:38:58] [Server thread/TRACE] [FML]:   Registry: 8 minecraft:jump_boost net.minecraft.potion.Potion@14590fe2
[22:38:58] [Server thread/TRACE] [FML]:   Registry: 9 minecraft:nausea net.minecraft.potion.Potion@5922cff3
[22:38:58] [Server thread/TRACE] [FML]:   Registry: 10 minecraft:regeneration net.minecraft.potion.Potion@2299d903
[22:38:58] [Server thread/TRACE] [FML]:   Registry: 11 minecraft:resistance net.minecraft.potion.Potion@70c56434
[22:38:58] [Server thread/TRACE] [FML]:   Registry: 12 minecraft:fire_resistance net.minecraft.potion.Potion@2c3f43d1
[22:38:58] [Server thread/TRACE] [FML]:   Registry: 13 minecraft:water_breathing net.minecraft.potion.Potion@632d4cf2
[22:38:58] [Server thread/TRACE] [FML]:   Registry: 14 minecraft:invisibility net.minecraft.potion.Potion@f10d055
[22:38:58] [Server thread/TRACE] [FML]:   Registry: 15 minecraft:blindness net.minecraft.potion.Potion@542ff147
[22:38:58] [Server thread/TRACE] [FML]:   Registry: 16 minecraft:night_vision net.minecraft.potion.Potion@2d801d8
[22:38:58] [Server thread/TRACE] [FML]:   Registry: 17 minecraft:hunger net.minecraft.potion.Potion@b9b97ad
[22:38:58] [Server thread/TRACE] [FML]:   Registry: 18 minecraft:weakness net.minecraft.potion.PotionAttackDamage@2807cf3
[22:38:58] [Server thread/TRACE] [FML]:   Registry: 19 minecraft:poison net.minecraft.potion.Potion@298e002d
[22:38:58] [Server thread/TRACE] [FML]:   Registry: 20 minecraft:wither net.minecraft.potion.Potion@6b9a1205
[22:38:58] [Server thread/TRACE] [FML]:   Registry: 21 minecraft:health_boost net.minecraft.potion.PotionHealthBoost@3dd2b9c1
[22:38:58] [Server thread/TRACE] [FML]:   Registry: 22 minecraft:absorption net.minecraft.potion.PotionAbsorption@72f3f14c
[22:38:58] [Server thread/TRACE] [FML]:   Registry: 23 minecraft:saturation net.minecraft.potion.PotionHealth@4cb4c4cc
[22:38:58] [Server thread/TRACE] [FML]:   Registry: 24 minecraft:glowing net.minecraft.potion.Potion@4a122e68
[22:38:58] [Server thread/TRACE] [FML]:   Registry: 25 minecraft:levitation net.minecraft.potion.Potion@41be8db9
[22:38:58] [Server thread/TRACE] [FML]:   Registry: 26 minecraft:luck net.minecraft.potion.Potion@2c2a7d53
[22:38:58] [Server thread/TRACE] [FML]:   Registry: 27 minecraft:unluck net.minecraft.potion.Potion@46524ebe
[22:38:58] [Server thread/TRACE] [FML]: Registry Name : minecraft:biomes
[22:38:58] [Server thread/TRACE] [FML]:   Registry: 0 minecraft:ocean net.minecraft.world.biome.BiomeOcean@a6fc1bc
[22:38:58] [Server thread/TRACE] [FML]:   Registry: 1 minecraft:plains net.minecraft.world.biome.BiomePlains@360a3106
[22:38:58] [Server thread/TRACE] [FML]:   Registry: 2 minecraft:desert net.minecraft.world.biome.BiomeDesert@7e9a836
[22:38:58] [Server thread/TRACE] [FML]:   Registry: 3 minecraft:extreme_hills net.minecraft.world.biome.BiomeHills@50e1f3fc
[22:38:58] [Server thread/TRACE] [FML]:   Registry: 4 minecraft:forest net.minecraft.world.biome.BiomeForest@63a72cc6
[22:38:58] [Server thread/TRACE] [FML]:   Registry: 5 minecraft:taiga net.minecraft.world.biome.BiomeTaiga@70ce2fb2
[22:38:58] [Server thread/TRACE] [FML]:   Registry: 6 minecraft:swampland net.minecraft.world.biome.BiomeSwamp@4d525897
[22:38:58] [Server thread/TRACE] [FML]:   Registry: 7 minecraft:river net.minecraft.world.biome.BiomeRiver@24435620
[22:38:58] [Server thread/TRACE] [FML]:   Registry: 8 minecraft:hell net.minecraft.world.biome.BiomeHell@4feec184
[22:38:58] [Server thread/TRACE] [FML]:   Registry: 9 minecraft:sky net.minecraft.world.biome.BiomeEnd@291cbe70
[22:38:58] [Server thread/TRACE] [FML]:   Registry: 10 minecraft:frozen_ocean net.minecraft.world.biome.BiomeOcean@6be422da
[22:38:58] [Server thread/TRACE] [FML]:   Registry: 11 minecraft:frozen_river net.minecraft.world.biome.BiomeRiver@225ddf5f
[22:38:58] [Server thread/TRACE] [FML]:   Registry: 12 minecraft:ice_flats net.minecraft.world.biome.BiomeSnow@59b3f754
[22:38:58] [Server thread/TRACE] [FML]:   Registry: 13 minecraft:ice_mountains net.minecraft.world.biome.BiomeSnow@18dbc1b
[22:38:58] [Server thread/TRACE] [FML]:   Registry: 14 minecraft:mushroom_island net.minecraft.world.biome.BiomeMushroomIsland@8315e4a
[22:38:58] [Server thread/TRACE] [FML]:   Registry: 15 minecraft:mushroom_island_shore net.minecraft.world.biome.BiomeMushroomIsland@4efe014f
[22:38:58] [Server thread/TRACE] [FML]:   Registry: 16 minecraft:beaches net.minecraft.world.biome.BiomeBeach@7c5ac0
[22:38:58] [Server thread/TRACE] [FML]:   Registry: 17 minecraft:desert_hills net.minecraft.world.biome.BiomeDesert@23d978b
[22:38:58] [Server thread/TRACE] [FML]:   Registry: 18 minecraft:forest_hills net.minecraft.world.biome.BiomeForest@3cf70afa
[22:38:58] [Server thread/TRACE] [FML]:   Registry: 19 minecraft:taiga_hills net.minecraft.world.biome.BiomeTaiga@66dd04e2
[22:38:58] [Server thread/TRACE] [FML]:   Registry: 20 minecraft:smaller_extreme_hills net.minecraft.world.biome.BiomeHills@495e8a3
[22:38:58] [Server thread/TRACE] [FML]:   Registry: 21 minecraft:jungle net.minecraft.world.biome.BiomeJungle@74a74070
[22:38:58] [Server thread/TRACE] [FML]:   Registry: 22 minecraft:jungle_hills net.minecraft.world.biome.BiomeJungle@6c6919ff
[22:38:58] [Server thread/TRACE] [FML]:   Registry: 23 minecraft:jungle_edge net.minecraft.world.biome.BiomeJungle@5de335cf
[22:38:58] [Server thread/TRACE] [FML]:   Registry: 24 minecraft:deep_ocean net.minecraft.world.biome.BiomeOcean@1e029a04
[22:38:58] [Server thread/TRACE] [FML]:   Registry: 25 minecraft:stone_beach net.minecraft.world.biome.BiomeStoneBeach@74eab077
[22:38:58] [Server thread/TRACE] [FML]:   Registry: 26 minecraft:cold_beach net.minecraft.world.biome.BiomeBeach@3063be68
[22:38:58] [Server thread/TRACE] [FML]:   Registry: 27 minecraft:birch_forest net.minecraft.world.biome.BiomeForest@3a3bc0da
[22:38:58] [Server thread/TRACE] [FML]:   Registry: 28 minecraft:birch_forest_hills net.minecraft.world.biome.BiomeForest@2d2f09a4
[22:38:58] [Server thread/TRACE] [FML]:   Registry: 29 minecraft:roofed_forest net.minecraft.world.biome.BiomeForest@c677d7e
[22:38:58] [Server thread/TRACE] [FML]:   Registry: 30 minecraft:taiga_cold net.minecraft.world.biome.BiomeTaiga@215a0264
[22:38:58] [Server thread/TRACE] [FML]:   Registry: 31 minecraft:taiga_cold_hills net.minecraft.world.biome.BiomeTaiga@45832b85
[22:38:58] [Server thread/TRACE] [FML]:   Registry: 32 minecraft:redwood_taiga net.minecraft.world.biome.BiomeTaiga@103478b8
[22:38:58] [Server thread/TRACE] [FML]:   Registry: 33 minecraft:redwood_taiga_hills net.minecraft.world.biome.BiomeTaiga@270f7b4d
[22:38:58] [Server thread/TRACE] [FML]:   Registry: 34 minecraft:extreme_hills_with_trees net.minecraft.world.biome.BiomeHills@56b704ea
[22:38:58] [Server thread/TRACE] [FML]:   Registry: 35 minecraft:savanna net.minecraft.world.biome.BiomeSavanna@39f68aec
[22:38:58] [Server thread/TRACE] [FML]:   Registry: 36 minecraft:savanna_rock net.minecraft.world.biome.BiomeSavanna@65ff4b8c
[22:38:58] [Server thread/TRACE] [FML]:   Registry: 37 minecraft:mesa net.minecraft.world.biome.BiomeMesa@32069394
[22:38:58] [Server thread/TRACE] [FML]:   Registry: 38 minecraft:mesa_rock net.minecraft.world.biome.BiomeMesa@70421a08
[22:38:58] [Server thread/TRACE] [FML]:   Registry: 39 minecraft:mesa_clear_rock net.minecraft.world.biome.BiomeMesa@5dba3fdc
[22:38:58] [Server thread/TRACE] [FML]:   Registry: 127 minecraft:void net.minecraft.world.biome.BiomeVoid@3835d3fd
[22:38:58] [Server thread/TRACE] [FML]:   Registry: 129 minecraft:mutated_plains net.minecraft.world.biome.BiomePlains@2759749
[22:38:58] [Server thread/TRACE] [FML]:   Registry: 130 minecraft:mutated_desert net.minecraft.world.biome.BiomeDesert@4efed0e0
[22:38:58] [Server thread/TRACE] [FML]:   Registry: 131 minecraft:mutated_extreme_hills net.minecraft.world.biome.BiomeHills@4ac0ed65
[22:38:58] [Server thread/TRACE] [FML]:   Registry: 132 minecraft:mutated_forest net.minecraft.world.biome.BiomeForest@5c7c75fb
[22:38:58] [Server thread/TRACE] [FML]:   Registry: 133 minecraft:mutated_taiga net.minecraft.world.biome.BiomeTaiga@729d6ee2
[22:38:58] [Server thread/TRACE] [FML]:   Registry: 134 minecraft:mutated_swampland net.minecraft.world.biome.BiomeSwamp@4adcc981
[22:38:58] [Server thread/TRACE] [FML]:   Registry: 140 minecraft:mutated_ice_flats net.minecraft.world.biome.BiomeSnow@73aae7a
[22:38:58] [Server thread/TRACE] [FML]:   Registry: 149 minecraft:mutated_jungle net.minecraft.world.biome.BiomeJungle@3856d0cb
[22:38:58] [Server thread/TRACE] [FML]:   Registry: 151 minecraft:mutated_jungle_edge net.minecraft.world.biome.BiomeJungle@2125535d
[22:38:58] [Server thread/TRACE] [FML]:   Registry: 155 minecraft:mutated_birch_forest net.minecraft.world.biome.BiomeForestMutated@5f82209e
[22:38:58] [Server thread/TRACE] [FML]:   Registry: 156 minecraft:mutated_birch_forest_hills net.minecraft.world.biome.BiomeForestMutated@515c732d
[22:38:58] [Server thread/TRACE] [FML]:   Registry: 157 minecraft:mutated_roofed_forest net.minecraft.world.biome.BiomeForest@5ae87de0
[22:38:58] [Server thread/TRACE] [FML]:   Registry: 158 minecraft:mutated_taiga_cold net.minecraft.world.biome.BiomeTaiga@1f85904a
[22:38:58] [Server thread/TRACE] [FML]:   Registry: 160 minecraft:mutated_redwood_taiga net.minecraft.world.biome.BiomeTaiga@514dc5f4
[22:38:58] [Server thread/TRACE] [FML]:   Registry: 161 minecraft:mutated_redwood_taiga_hills net.minecraft.world.biome.BiomeTaiga@633a11eb
[22:38:58] [Server thread/TRACE] [FML]:   Registry: 162 minecraft:mutated_extreme_hills_with_trees net.minecraft.world.biome.BiomeHills@7a247711
[22:38:58] [Server thread/TRACE] [FML]:   Registry: 163 minecraft:mutated_savanna net.minecraft.world.biome.BiomeSavannaMutated@764db16c
[22:38:58] [Server thread/TRACE] [FML]:   Registry: 164 minecraft:mutated_savanna_rock net.minecraft.world.biome.BiomeSavannaMutated@45cb5307
[22:38:58] [Server thread/TRACE] [FML]:   Registry: 165 minecraft:mutated_mesa net.minecraft.world.biome.BiomeMesa@1c8e2850
[22:38:58] [Server thread/TRACE] [FML]:   Registry: 166 minecraft:mutated_mesa_rock net.minecraft.world.biome.BiomeMesa@50ac1249
[22:38:58] [Server thread/TRACE] [FML]:   Registry: 167 minecraft:mutated_mesa_clear_rock net.minecraft.world.biome.BiomeMesa@4bf10fe1
[22:38:58] [Server thread/TRACE] [FML]: Registry Name : minecraft:soundevents
[22:38:58] [Server thread/TRACE] [FML]:   Registry: 0 minecraft:ambient.cave net.minecraft.util.SoundEvent@70e94ecb
[22:38:58] [Server thread/TRACE] [FML]:   Registry: 1 minecraft:block.anvil.break net.minecraft.util.SoundEvent@6d5c2745
[22:38:58] [Server thread/TRACE] [FML]:   Registry: 2 minecraft:block.anvil.destroy net.minecraft.util.SoundEvent@44b29496
[22:38:58] [Server thread/TRACE] [FML]:   Registry: 3 minecraft:block.anvil.fall net.minecraft.util.SoundEvent@1947596f
[22:38:58] [Server thread/TRACE] [FML]:   Registry: 4 minecraft:block.anvil.hit net.minecraft.util.SoundEvent@3078cac
[22:38:58] [Server thread/TRACE] [FML]:   Registry: 5 minecraft:block.anvil.land net.minecraft.util.SoundEvent@f6de586
[22:38:58] [Server thread/TRACE] [FML]:   Registry: 6 minecraft:block.anvil.place net.minecraft.util.SoundEvent@5f2bd6d9
[22:38:58] [Server thread/TRACE] [FML]:   Registry: 7 minecraft:block.anvil.step net.minecraft.util.SoundEvent@7c847072
[22:38:58] [Server thread/TRACE] [FML]:   Registry: 8 minecraft:block.anvil.use net.minecraft.util.SoundEvent@43d9f1a2
[22:38:58] [Server thread/TRACE] [FML]:   Registry: 9 minecraft:block.brewing_stand.brew net.minecraft.util.SoundEvent@23f86d8a
[22:38:58] [Server thread/TRACE] [FML]:   Registry: 10 minecraft:block.chest.close net.minecraft.util.SoundEvent@2264ea32
[22:38:58] [Server thread/TRACE] [FML]:   Registry: 11 minecraft:block.chest.locked net.minecraft.util.SoundEvent@7d3c09ec
[22:38:58] [Server thread/TRACE] [FML]:   Registry: 12 minecraft:block.chest.open net.minecraft.util.SoundEvent@71e4b308
[22:38:58] [Server thread/TRACE] [FML]:   Registry: 13 minecraft:block.chorus_flower.death net.minecraft.util.SoundEvent@11900483
[22:38:58] [Server thread/TRACE] [FML]:   Registry: 14 minecraft:block.chorus_flower.grow net.minecraft.util.SoundEvent@14a049f9
[22:38:58] [Server thread/TRACE] [FML]:   Registry: 15 minecraft:block.cloth.break net.minecraft.util.SoundEvent@94e51e8
[22:38:58] [Server thread/TRACE] [FML]:   Registry: 16 minecraft:block.cloth.fall net.minecraft.util.SoundEvent@5de6cf3a
[22:38:58] [Server thread/TRACE] [FML]:   Registry: 17 minecraft:block.cloth.hit net.minecraft.util.SoundEvent@4cc36c19
[22:38:58] [Server thread/TRACE] [FML]:   Registry: 18 minecraft:block.cloth.place net.minecraft.util.SoundEvent@5a3a1bf9
[22:38:58] [Server thread/TRACE] [FML]:   Registry: 19 minecraft:block.cloth.step net.minecraft.util.SoundEvent@2100d047
[22:38:58] [Server thread/TRACE] [FML]:   Registry: 20 minecraft:block.comparator.click net.minecraft.util.SoundEvent@4af45442
[22:38:58] [Server thread/TRACE] [FML]:   Registry: 21 minecraft:block.dispenser.dispense net.minecraft.util.SoundEvent@1d805aa1
[22:38:58] [Server thread/TRACE] [FML]:   Registry: 22 minecraft:block.dispenser.fail net.minecraft.util.SoundEvent@176f7f3b
[22:38:58] [Server thread/TRACE] [FML]:   Registry: 23 minecraft:block.dispenser.launch net.minecraft.util.SoundEvent@30ca0779
[22:38:58] [Server thread/TRACE] [FML]:   Registry: 24 minecraft:block.enchantment_table.use net.minecraft.util.SoundEvent@58740366
[22:38:58] [Server thread/TRACE] [FML]:   Registry: 25 minecraft:block.end_gateway.spawn net.minecraft.util.SoundEvent@47be0f9b
[22:38:58] [Server thread/TRACE] [FML]:   Registry: 26 minecraft:block.end_portal.spawn net.minecraft.util.SoundEvent@2bc426f0
[22:38:58] [Server thread/TRACE] [FML]:   Registry: 27 minecraft:block.end_portal_frame.fill net.minecraft.util.SoundEvent@4bd51d3e
[22:38:58] [Server thread/TRACE] [FML]:   Registry: 28 minecraft:block.enderchest.close net.minecraft.util.SoundEvent@33425811
[22:38:58] [Server thread/TRACE] [FML]:   Registry: 29 minecraft:block.enderchest.open net.minecraft.util.SoundEvent@4b74b35
[22:38:58] [Server thread/TRACE] [FML]:   Registry: 30 minecraft:block.fence_gate.close net.minecraft.util.SoundEvent@e4e1ef5
[22:38:58] [Server thread/TRACE] [FML]:   Registry: 31 minecraft:block.fence_gate.open net.minecraft.util.SoundEvent@6d11ceef
[22:38:58] [Server thread/TRACE] [FML]:   Registry: 32 minecraft:block.fire.ambient net.minecraft.util.SoundEvent@4cb2918c
[22:38:58] [Server thread/TRACE] [FML]:   Registry: 33 minecraft:block.fire.extinguish net.minecraft.util.SoundEvent@72e295cc
[22:38:58] [Server thread/TRACE] [FML]:   Registry: 34 minecraft:block.furnace.fire_crackle net.minecraft.util.SoundEvent@c2584d3
[22:38:58] [Server thread/TRACE] [FML]:   Registry: 35 minecraft:block.glass.break net.minecraft.util.SoundEvent@6fa0450e
[22:38:58] [Server thread/TRACE] [FML]:   Registry: 36 minecraft:block.glass.fall net.minecraft.util.SoundEvent@37468787
[22:38:58] [Server thread/TRACE] [FML]:   Registry: 37 minecraft:block.glass.hit net.minecraft.util.SoundEvent@51ec2856
[22:38:58] [Server thread/TRACE] [FML]:   Registry: 38 minecraft:block.glass.place net.minecraft.util.SoundEvent@714f3da4
[22:38:58] [Server thread/TRACE] [FML]:   Registry: 39 minecraft:block.glass.step net.minecraft.util.SoundEvent@1caa9eb6
[22:38:58] [Server thread/TRACE] [FML]:   Registry: 40 minecraft:block.grass.break net.minecraft.util.SoundEvent@1f53481b
[22:38:58] [Server thread/TRACE] [FML]:   Registry: 41 minecraft:block.grass.fall net.minecraft.util.SoundEvent@2fcd7d3f
[22:38:58] [Server thread/TRACE] [FML]:   Registry: 42 minecraft:block.grass.hit net.minecraft.util.SoundEvent@27e7c77f
[22:38:58] [Server thread/TRACE] [FML]:   Registry: 43 minecraft:block.grass.place net.minecraft.util.SoundEvent@6f70a21b
[22:38:58] [Server thread/TRACE] [FML]:   Registry: 44 minecraft:block.grass.step net.minecraft.util.SoundEvent@6ae62c7e
[22:38:58] [Server thread/TRACE] [FML]:   Registry: 45 minecraft:block.gravel.break net.minecraft.util.SoundEvent@2e869098
[22:38:58] [Server thread/TRACE] [FML]:   Registry: 46 minecraft:block.gravel.fall net.minecraft.util.SoundEvent@37c36608
[22:38:58] [Server thread/TRACE] [FML]:   Registry: 47 minecraft:block.gravel.hit net.minecraft.util.SoundEvent@5d497a91
[22:38:58] [Server thread/TRACE] [FML]:   Registry: 48 minecraft:block.gravel.place net.minecraft.util.SoundEvent@617389a
[22:38:58] [Server thread/TRACE] [FML]:   Registry: 49 minecraft:block.gravel.step net.minecraft.util.SoundEvent@1c8f6a90
[22:38:58] [Server thread/TRACE] [FML]:   Registry: 50 minecraft:block.iron_door.close net.minecraft.util.SoundEvent@3050ac2f
[22:38:58] [Server thread/TRACE] [FML]:   Registry: 51 minecraft:block.iron_door.open net.minecraft.util.SoundEvent@265bd546
[22:38:58] [Server thread/TRACE] [FML]:   Registry: 52 minecraft:block.iron_trapdoor.close net.minecraft.util.SoundEvent@1937eaff
[22:38:58] [Server thread/TRACE] [FML]:   Registry: 53 minecraft:block.iron_trapdoor.open net.minecraft.util.SoundEvent@7e0bc8a3
[22:38:58] [Server thread/TRACE] [FML]:   Registry: 54 minecraft:block.ladder.break net.minecraft.util.SoundEvent@4b0f2299
[22:38:58] [Server thread/TRACE] [FML]:   Registry: 55 minecraft:block.ladder.fall net.minecraft.util.SoundEvent@33063f5b
[22:38:58] [Server thread/TRACE] [FML]:   Registry: 56 minecraft:block.ladder.hit net.minecraft.util.SoundEvent@15405bd6
[22:38:58] [Server thread/TRACE] [FML]:   Registry: 57 minecraft:block.ladder.place net.minecraft.util.SoundEvent@352ed70d
[22:38:58] [Server thread/TRACE] [FML]:   Registry: 58 minecraft:block.ladder.step net.minecraft.util.SoundEvent@70730db
[22:38:58] [Server thread/TRACE] [FML]:   Registry: 59 minecraft:block.lava.ambient net.minecraft.util.SoundEvent@5793b87
[22:38:58] [Server thread/TRACE] [FML]:   Registry: 60 minecraft:block.lava.extinguish net.minecraft.util.SoundEvent@12704e15
[22:38:58] [Server thread/TRACE] [FML]:   Registry: 61 minecraft:block.lava.pop net.minecraft.util.SoundEvent@512575e9
[22:38:58] [Server thread/TRACE] [FML]:   Registry: 62 minecraft:block.lever.click net.minecraft.util.SoundEvent@6f1a16fe
[22:38:58] [Server thread/TRACE] [FML]:   Registry: 63 minecraft:block.metal.break net.minecraft.util.SoundEvent@2373ad99
[22:38:58] [Server thread/TRACE] [FML]:   Registry: 64 minecraft:block.metal.fall net.minecraft.util.SoundEvent@33634f04
[22:38:58] [Server thread/TRACE] [FML]:   Registry: 65 minecraft:block.metal.hit net.minecraft.util.SoundEvent@4993febc
[22:38:58] [Server thread/TRACE] [FML]:   Registry: 66 minecraft:block.metal.place net.minecraft.util.SoundEvent@7601bc96
[22:38:58] [Server thread/TRACE] [FML]:   Registry: 67 minecraft:block.metal.step net.minecraft.util.SoundEvent@48a0c8aa
[22:38:58] [Server thread/TRACE] [FML]:   Registry: 68 minecraft:block.metal_pressureplate.click_off net.minecraft.util.SoundEvent@6192a5d5
[22:38:58] [Server thread/TRACE] [FML]:   Registry: 69 minecraft:block.metal_pressureplate.click_on net.minecraft.util.SoundEvent@3722c145
[22:38:58] [Server thread/TRACE] [FML]:   Registry: 70 minecraft:block.note.basedrum net.minecraft.util.SoundEvent@4cbc2e3b
[22:38:58] [Server thread/TRACE] [FML]:   Registry: 71 minecraft:block.note.bass net.minecraft.util.SoundEvent@2975a9e
[22:38:58] [Server thread/TRACE] [FML]:   Registry: 72 minecraft:block.note.bell net.minecraft.util.SoundEvent@765ffb14
[22:38:58] [Server thread/TRACE] [FML]:   Registry: 73 minecraft:block.note.chime net.minecraft.util.SoundEvent@57562473
[22:38:58] [Server thread/TRACE] [FML]:   Registry: 74 minecraft:block.note.flute net.minecraft.util.SoundEvent@7a360554
[22:38:58] [Server thread/TRACE] [FML]:   Registry: 75 minecraft:block.note.guitar net.minecraft.util.SoundEvent@424de326
[22:38:58] [Server thread/TRACE] [FML]:   Registry: 76 minecraft:block.note.harp net.minecraft.util.SoundEvent@4bc33720
[22:38:58] [Server thread/TRACE] [FML]:   Registry: 77 minecraft:block.note.hat net.minecraft.util.SoundEvent@2dd0f797
[22:38:58] [Server thread/TRACE] [FML]:   Registry: 78 minecraft:block.note.pling net.minecraft.util.SoundEvent@67064bdc
[22:38:58] [Server thread/TRACE] [FML]:   Registry: 79 minecraft:block.note.snare net.minecraft.util.SoundEvent@4a7fd0c9
[22:38:58] [Server thread/TRACE] [FML]:   Registry: 80 minecraft:block.note.xylophone net.minecraft.util.SoundEvent@18578491
[22:38:58] [Server thread/TRACE] [FML]:   Registry: 81 minecraft:block.piston.contract net.minecraft.util.SoundEvent@3291b443
[22:38:58] [Server thread/TRACE] [FML]:   Registry: 82 minecraft:block.piston.extend net.minecraft.util.SoundEvent@671c4166
[22:38:58] [Server thread/TRACE] [FML]:   Registry: 83 minecraft:block.portal.ambient net.minecraft.util.SoundEvent@53d13cd4
[22:38:58] [Server thread/TRACE] [FML]:   Registry: 84 minecraft:block.portal.travel net.minecraft.util.SoundEvent@77865933
[22:38:58] [Server thread/TRACE] [FML]:   Registry: 85 minecraft:block.portal.trigger net.minecraft.util.SoundEvent@480ad82c
[22:38:58] [Server thread/TRACE] [FML]:   Registry: 86 minecraft:block.redstone_torch.burnout net.minecraft.util.SoundEvent@4d18b73a
[22:38:58] [Server thread/TRACE] [FML]:   Registry: 87 minecraft:block.sand.break net.minecraft.util.SoundEvent@177515d1
[22:38:58] [Server thread/TRACE] [FML]:   Registry: 88 minecraft:block.sand.fall net.minecraft.util.SoundEvent@52ff99cd
[22:38:58] [Server thread/TRACE] [FML]:   Registry: 89 minecraft:block.sand.hit net.minecraft.util.SoundEvent@4c2af006
[22:38:58] [Server thread/TRACE] [FML]:   Registry: 90 minecraft:block.sand.place net.minecraft.util.SoundEvent@44032fde
[22:38:58] [Server thread/TRACE] [FML]:   Registry: 91 minecraft:block.sand.step net.minecraft.util.SoundEvent@7b676112
[22:38:58] [Server thread/TRACE] [FML]:   Registry: 92 minecraft:block.shulker_box.close net.minecraft.util.SoundEvent@5578be42
[22:38:58] [Server thread/TRACE] [FML]:   Registry: 93 minecraft:block.shulker_box.open net.minecraft.util.SoundEvent@4e49ce2b
[22:38:58] [Server thread/TRACE] [FML]:   Registry: 94 minecraft:block.slime.break net.minecraft.util.SoundEvent@136965e3
[22:38:58] [Server thread/TRACE] [FML]:   Registry: 95 minecraft:block.slime.fall net.minecraft.util.SoundEvent@53c6f96d
[22:38:58] [Server thread/TRACE] [FML]:   Registry: 96 minecraft:block.slime.hit net.minecraft.util.SoundEvent@435cc7f9
[22:38:58] [Server thread/TRACE] [FML]:   Registry: 97 minecraft:block.slime.place net.minecraft.util.SoundEvent@4364712f
[22:38:58] [Server thread/TRACE] [FML]:   Registry: 98 minecraft:block.slime.step net.minecraft.util.SoundEvent@1b7a52dd
[22:38:58] [Server thread/TRACE] [FML]:   Registry: 99 minecraft:block.snow.break net.minecraft.util.SoundEvent@7f93dd4e
[22:38:58] [Server thread/TRACE] [FML]:   Registry: 100 minecraft:block.snow.fall net.minecraft.util.SoundEvent@5ad5be4a
[22:38:58] [Server thread/TRACE] [FML]:   Registry: 101 minecraft:block.snow.hit net.minecraft.util.SoundEvent@3ad85136
[22:38:58] [Server thread/TRACE] [FML]:   Registry: 102 minecraft:block.snow.place net.minecraft.util.SoundEvent@737d100a
[22:38:58] [Server thread/TRACE] [FML]:   Registry: 103 minecraft:block.snow.step net.minecraft.util.SoundEvent@12e5da86
[22:38:58] [Server thread/TRACE] [FML]:   Registry: 104 minecraft:block.stone.break net.minecraft.util.SoundEvent@6535117e
[22:38:58] [Server thread/TRACE] [FML]:   Registry: 105 minecraft:block.stone.fall net.minecraft.util.SoundEvent@1d1cbd0f
[22:38:58] [Server thread/TRACE] [FML]:   Registry: 106 minecraft:block.stone.hit net.minecraft.util.SoundEvent@6fa13e6
[22:38:58] [Server thread/TRACE] [FML]:   Registry: 107 minecraft:block.stone.place net.minecraft.util.SoundEvent@3af7d855
[22:38:58] [Server thread/TRACE] [FML]:   Registry: 108 minecraft:block.stone.step net.minecraft.util.SoundEvent@77049094
[22:38:58] [Server thread/TRACE] [FML]:   Registry: 109 minecraft:block.stone_button.click_off net.minecraft.util.SoundEvent@f88bfbe
[22:38:58] [Server thread/TRACE] [FML]:   Registry: 110 minecraft:block.stone_button.click_on net.minecraft.util.SoundEvent@59bbe88a
[22:38:58] [Server thread/TRACE] [FML]:   Registry: 111 minecraft:block.stone_pressureplate.click_off net.minecraft.util.SoundEvent@5d8ab698
[22:38:58] [Server thread/TRACE] [FML]:   Registry: 112 minecraft:block.stone_pressureplate.click_on net.minecraft.util.SoundEvent@ed91d8d
[22:38:58] [Server thread/TRACE] [FML]:   Registry: 113 minecraft:block.tripwire.attach net.minecraft.util.SoundEvent@446626a7
[22:38:58] [Server thread/TRACE] [FML]:   Registry: 114 minecraft:block.tripwire.click_off net.minecraft.util.SoundEvent@429f7919
[22:38:58] [Server thread/TRACE] [FML]:   Registry: 115 minecraft:block.tripwire.click_on net.minecraft.util.SoundEvent@4a2929a4
[22:38:58] [Server thread/TRACE] [FML]:   Registry: 116 minecraft:block.tripwire.detach net.minecraft.util.SoundEvent@cda6019
[22:38:58] [Server thread/TRACE] [FML]:   Registry: 117 minecraft:block.water.ambient net.minecraft.util.SoundEvent@797c3c3b
[22:38:58] [Server thread/TRACE] [FML]:   Registry: 118 minecraft:block.waterlily.place net.minecraft.util.SoundEvent@4012d5bc
[22:38:58] [Server thread/TRACE] [FML]:   Registry: 119 minecraft:block.wood.break net.minecraft.util.SoundEvent@4375b013
[22:38:58] [Server thread/TRACE] [FML]:   Registry: 120 minecraft:block.wood.fall net.minecraft.util.SoundEvent@1cf0cacc
[22:38:58] [Server thread/TRACE] [FML]:   Registry: 121 minecraft:block.wood.hit net.minecraft.util.SoundEvent@4f5b08d
[22:38:58] [Server thread/TRACE] [FML]:   Registry: 122 minecraft:block.wood.place net.minecraft.util.SoundEvent@529c2a9a
[22:38:58] [Server thread/TRACE] [FML]:   Registry: 123 minecraft:block.wood.step net.minecraft.util.SoundEvent@3c87fdf2
[22:38:58] [Server thread/TRACE] [FML]:   Registry: 124 minecraft:block.wood_button.click_off net.minecraft.util.SoundEvent@26bbe604
[22:38:58] [Server thread/TRACE] [FML]:   Registry: 125 minecraft:block.wood_button.click_on net.minecraft.util.SoundEvent@fe34b86
[22:38:58] [Server thread/TRACE] [FML]:   Registry: 126 minecraft:block.wood_pressureplate.click_off net.minecraft.util.SoundEvent@3c98781a
[22:38:58] [Server thread/TRACE] [FML]:   Registry: 127 minecraft:block.wood_pressureplate.click_on net.minecraft.util.SoundEvent@3f736a16
[22:38:58] [Server thread/TRACE] [FML]:   Registry: 128 minecraft:block.wooden_door.close net.minecraft.util.SoundEvent@4601203a
[22:38:58] [Server thread/TRACE] [FML]:   Registry: 129 minecraft:block.wooden_door.open net.minecraft.util.SoundEvent@53abfc07
[22:38:58] [Server thread/TRACE] [FML]:   Registry: 130 minecraft:block.wooden_trapdoor.close net.minecraft.util.SoundEvent@2c8c16c0
[22:38:58] [Server thread/TRACE] [FML]:   Registry: 131 minecraft:block.wooden_trapdoor.open net.minecraft.util.SoundEvent@80bfa9d
[22:38:58] [Server thread/TRACE] [FML]:   Registry: 132 minecraft:enchant.thorns.hit net.minecraft.util.SoundEvent@47c40b56
[22:38:58] [Server thread/TRACE] [FML]:   Registry: 133 minecraft:entity.armorstand.break net.minecraft.util.SoundEvent@4b039c6d
[22:38:58] [Server thread/TRACE] [FML]:   Registry: 134 minecraft:entity.armorstand.fall net.minecraft.util.SoundEvent@7f5b9db
[22:38:58] [Server thread/TRACE] [FML]:   Registry: 135 minecraft:entity.armorstand.hit net.minecraft.util.SoundEvent@507d64aa
[22:38:58] [Server thread/TRACE] [FML]:   Registry: 136 minecraft:entity.armorstand.place net.minecraft.util.SoundEvent@37045b48
[22:38:58] [Server thread/TRACE] [FML]:   Registry: 137 minecraft:entity.arrow.hit net.minecraft.util.SoundEvent@60b34931
[22:38:58] [Server thread/TRACE] [FML]:   Registry: 138 minecraft:entity.arrow.hit_player net.minecraft.util.SoundEvent@4aa21f9d
[22:38:58] [Server thread/TRACE] [FML]:   Registry: 139 minecraft:entity.arrow.shoot net.minecraft.util.SoundEvent@71c17a57
[22:38:58] [Server thread/TRACE] [FML]:   Registry: 140 minecraft:entity.bat.ambient net.minecraft.util.SoundEvent@640ab13c
[22:38:58] [Server thread/TRACE] [FML]:   Registry: 141 minecraft:entity.bat.death net.minecraft.util.SoundEvent@1e0a864d
[22:38:58] [Server thread/TRACE] [FML]:   Registry: 142 minecraft:entity.bat.hurt net.minecraft.util.SoundEvent@440e3ce6
[22:38:58] [Server thread/TRACE] [FML]:   Registry: 143 minecraft:entity.bat.loop net.minecraft.util.SoundEvent@3e67f5f2
[22:38:58] [Server thread/TRACE] [FML]:   Registry: 144 minecraft:entity.bat.takeoff net.minecraft.util.SoundEvent@fd53053
[22:38:58] [Server thread/TRACE] [FML]:   Registry: 145 minecraft:entity.blaze.ambient net.minecraft.util.SoundEvent@4527f70a
[22:38:58] [Server thread/TRACE] [FML]:   Registry: 146 minecraft:entity.blaze.burn net.minecraft.util.SoundEvent@707b1a44
[22:38:58] [Server thread/TRACE] [FML]:   Registry: 147 minecraft:entity.blaze.death net.minecraft.util.SoundEvent@7132a9dc
[22:38:58] [Server thread/TRACE] [FML]:   Registry: 148 minecraft:entity.blaze.hurt net.minecraft.util.SoundEvent@57435801
[22:38:58] [Server thread/TRACE] [FML]:   Registry: 149 minecraft:entity.blaze.shoot net.minecraft.util.SoundEvent@2da66a44
[22:38:58] [Server thread/TRACE] [FML]:   Registry: 150 minecraft:entity.boat.paddle_land net.minecraft.util.SoundEvent@527fc8e
[22:38:58] [Server thread/TRACE] [FML]:   Registry: 151 minecraft:entity.boat.paddle_water net.minecraft.util.SoundEvent@61bfc9bf
[22:38:58] [Server thread/TRACE] [FML]:   Registry: 152 minecraft:entity.bobber.retrieve net.minecraft.util.SoundEvent@2c7106d9
[22:38:58] [Server thread/TRACE] [FML]:   Registry: 153 minecraft:entity.bobber.splash net.minecraft.util.SoundEvent@329bad59
[22:38:58] [Server thread/TRACE] [FML]:   Registry: 154 minecraft:entity.bobber.throw net.minecraft.util.SoundEvent@862f408
[22:38:58] [Server thread/TRACE] [FML]:   Registry: 155 minecraft:entity.cat.ambient net.minecraft.util.SoundEvent@178f268a
[22:38:58] [Server thread/TRACE] [FML]:   Registry: 156 minecraft:entity.cat.death net.minecraft.util.SoundEvent@33ecbd6c
[22:38:58] [Server thread/TRACE] [FML]:   Registry: 157 minecraft:entity.cat.hiss net.minecraft.util.SoundEvent@5c723f2d
[22:38:58] [Server thread/TRACE] [FML]:   Registry: 158 minecraft:entity.cat.hurt net.minecraft.util.SoundEvent@432f521f
[22:38:58] [Server thread/TRACE] [FML]:   Registry: 159 minecraft:entity.cat.purr net.minecraft.util.SoundEvent@2d7a9786
[22:38:58] [Server thread/TRACE] [FML]:   Registry: 160 minecraft:entity.cat.purreow net.minecraft.util.SoundEvent@7bab5898
[22:38:58] [Server thread/TRACE] [FML]:   Registry: 161 minecraft:entity.chicken.ambient net.minecraft.util.SoundEvent@366d8b97
[22:38:58] [Server thread/TRACE] [FML]:   Registry: 162 minecraft:entity.chicken.death net.minecraft.util.SoundEvent@feb98ef
[22:38:58] [Server thread/TRACE] [FML]:   Registry: 163 minecraft:entity.chicken.egg net.minecraft.util.SoundEvent@7654f833
[22:38:58] [Server thread/TRACE] [FML]:   Registry: 164 minecraft:entity.chicken.hurt net.minecraft.util.SoundEvent@571a01f9
[22:38:58] [Server thread/TRACE] [FML]:   Registry: 165 minecraft:entity.chicken.step net.minecraft.util.SoundEvent@d7109be
[22:38:58] [Server thread/TRACE] [FML]:   Registry: 166 minecraft:entity.cow.ambient net.minecraft.util.SoundEvent@5e0ec41f
[22:38:58] [Server thread/TRACE] [FML]:   Registry: 167 minecraft:entity.cow.death net.minecraft.util.SoundEvent@f4a3a8d
[22:38:58] [Server thread/TRACE] [FML]:   Registry: 168 minecraft:entity.cow.hurt net.minecraft.util.SoundEvent@8d8f754
[22:38:58] [Server thread/TRACE] [FML]:   Registry: 169 minecraft:entity.cow.milk net.minecraft.util.SoundEvent@d613308
[22:38:58] [Server thread/TRACE] [FML]:   Registry: 170 minecraft:entity.cow.step net.minecraft.util.SoundEvent@25673087
[22:38:58] [Server thread/TRACE] [FML]:   Registry: 171 minecraft:entity.creeper.death net.minecraft.util.SoundEvent@7b27e8f4
[22:38:58] [Server thread/TRACE] [FML]:   Registry: 172 minecraft:entity.creeper.hurt net.minecraft.util.SoundEvent@348ad293
[22:38:58] [Server thread/TRACE] [FML]:   Registry: 173 minecraft:entity.creeper.primed net.minecraft.util.SoundEvent@30f74e79
[22:38:58] [Server thread/TRACE] [FML]:   Registry: 174 minecraft:entity.donkey.ambient net.minecraft.util.SoundEvent@2c88a3e8
[22:38:58] [Server thread/TRACE] [FML]:   Registry: 175 minecraft:entity.donkey.angry net.minecraft.util.SoundEvent@68ac9ec5
[22:38:58] [Server thread/TRACE] [FML]:   Registry: 176 minecraft:entity.donkey.chest net.minecraft.util.SoundEvent@a50d709
[22:38:58] [Server thread/TRACE] [FML]:   Registry: 177 minecraft:entity.donkey.death net.minecraft.util.SoundEvent@5ed4bc
[22:38:58] [Server thread/TRACE] [FML]:   Registry: 178 minecraft:entity.donkey.hurt net.minecraft.util.SoundEvent@6920b0bc
[22:38:58] [Server thread/TRACE] [FML]:   Registry: 179 minecraft:entity.egg.throw net.minecraft.util.SoundEvent@65f651eb
[22:38:58] [Server thread/TRACE] [FML]:   Registry: 180 minecraft:entity.elder_guardian.ambient net.minecraft.util.SoundEvent@69923ac3
[22:38:58] [Server thread/TRACE] [FML]:   Registry: 181 minecraft:entity.elder_guardian.ambient_land net.minecraft.util.SoundEvent@1f1ff879
[22:38:58] [Server thread/TRACE] [FML]:   Registry: 182 minecraft:entity.elder_guardian.curse net.minecraft.util.SoundEvent@73d60e76
[22:38:58] [Server thread/TRACE] [FML]:   Registry: 183 minecraft:entity.elder_guardian.death net.minecraft.util.SoundEvent@24f870ee
[22:38:58] [Server thread/TRACE] [FML]:   Registry: 184 minecraft:entity.elder_guardian.death_land net.minecraft.util.SoundEvent@5c441290
[22:38:58] [Server thread/TRACE] [FML]:   Registry: 185 minecraft:entity.elder_guardian.flop net.minecraft.util.SoundEvent@3c78e551
[22:38:58] [Server thread/TRACE] [FML]:   Registry: 186 minecraft:entity.elder_guardian.hurt net.minecraft.util.SoundEvent@7f1ef916
[22:38:58] [Server thread/TRACE] [FML]:   Registry: 187 minecraft:entity.elder_guardian.hurt_land net.minecraft.util.SoundEvent@1886991b
[22:38:58] [Server thread/TRACE] [FML]:   Registry: 188 minecraft:entity.enderdragon.ambient net.minecraft.util.SoundEvent@64aad809
[22:38:58] [Server thread/TRACE] [FML]:   Registry: 189 minecraft:entity.enderdragon.death net.minecraft.util.SoundEvent@1f03fba0
[22:38:58] [Server thread/TRACE] [FML]:   Registry: 190 minecraft:entity.enderdragon.flap net.minecraft.util.SoundEvent@17dd671f
[22:38:58] [Server thread/TRACE] [FML]:   Registry: 191 minecraft:entity.enderdragon.growl net.minecraft.util.SoundEvent@3bbf6abe
[22:38:58] [Server thread/TRACE] [FML]:   Registry: 192 minecraft:entity.enderdragon.hurt net.minecraft.util.SoundEvent@9679750
[22:38:58] [Server thread/TRACE] [FML]:   Registry: 193 minecraft:entity.enderdragon.shoot net.minecraft.util.SoundEvent@9b9a327
[22:38:58] [Server thread/TRACE] [FML]:   Registry: 194 minecraft:entity.enderdragon_fireball.explode net.minecraft.util.SoundEvent@75a0c890
[22:38:58] [Server thread/TRACE] [FML]:   Registry: 195 minecraft:entity.endereye.death net.minecraft.util.SoundEvent@358ab600
[22:38:58] [Server thread/TRACE] [FML]:   Registry: 196 minecraft:entity.endereye.launch net.minecraft.util.SoundEvent@e26af6
[22:38:58] [Server thread/TRACE] [FML]:   Registry: 197 minecraft:entity.endermen.ambient net.minecraft.util.SoundEvent@44065156
[22:38:58] [Server thread/TRACE] [FML]:   Registry: 198 minecraft:entity.endermen.death net.minecraft.util.SoundEvent@3791f50e
[22:38:58] [Server thread/TRACE] [FML]:   Registry: 199 minecraft:entity.endermen.hurt net.minecraft.util.SoundEvent@574b7f4a
[22:38:58] [Server thread/TRACE] [FML]:   Registry: 200 minecraft:entity.endermen.scream net.minecraft.util.SoundEvent@44ed0a8f
[22:38:58] [Server thread/TRACE] [FML]:   Registry: 201 minecraft:entity.endermen.stare net.minecraft.util.SoundEvent@32177fa5
[22:38:58] [Server thread/TRACE] [FML]:   Registry: 202 minecraft:entity.endermen.teleport net.minecraft.util.SoundEvent@a96d56c
[22:38:58] [Server thread/TRACE] [FML]:   Registry: 203 minecraft:entity.endermite.ambient net.minecraft.util.SoundEvent@6ab4a5b
[22:38:58] [Server thread/TRACE] [FML]:   Registry: 204 minecraft:entity.endermite.death net.minecraft.util.SoundEvent@2abe9173
[22:38:58] [Server thread/TRACE] [FML]:   Registry: 205 minecraft:entity.endermite.hurt net.minecraft.util.SoundEvent@235d29d6
[22:38:58] [Server thread/TRACE] [FML]:   Registry: 206 minecraft:entity.endermite.step net.minecraft.util.SoundEvent@1fdca564
[22:38:58] [Server thread/TRACE] [FML]:   Registry: 207 minecraft:entity.enderpearl.throw net.minecraft.util.SoundEvent@43f9dd56
[22:38:58] [Server thread/TRACE] [FML]:   Registry: 208 minecraft:entity.evocation_fangs.attack net.minecraft.util.SoundEvent@1d12e953
[22:38:58] [Server thread/TRACE] [FML]:   Registry: 209 minecraft:entity.evocation_illager.ambient net.minecraft.util.SoundEvent@57cb70be
[22:38:58] [Server thread/TRACE] [FML]:   Registry: 210 minecraft:entity.evocation_illager.cast_spell net.minecraft.util.SoundEvent@2d4608a6
[22:38:58] [Server thread/TRACE] [FML]:   Registry: 211 minecraft:entity.evocation_illager.death net.minecraft.util.SoundEvent@20d87335
[22:38:58] [Server thread/TRACE] [FML]:   Registry: 212 minecraft:entity.evocation_illager.hurt net.minecraft.util.SoundEvent@2a8a4e0c
[22:38:58] [Server thread/TRACE] [FML]:   Registry: 213 minecraft:entity.evocation_illager.prepare_attack net.minecraft.util.SoundEvent@26c89563
[22:38:58] [Server thread/TRACE] [FML]:   Registry: 214 minecraft:entity.evocation_illager.prepare_summon net.minecraft.util.SoundEvent@3bd6ba24
[22:38:58] [Server thread/TRACE] [FML]:   Registry: 215 minecraft:entity.evocation_illager.prepare_wololo net.minecraft.util.SoundEvent@58f437b0
[22:38:58] [Server thread/TRACE] [FML]:   Registry: 216 minecraft:entity.experience_bottle.throw net.minecraft.util.SoundEvent@20f6f88c
[22:38:58] [Server thread/TRACE] [FML]:   Registry: 217 minecraft:entity.experience_orb.pickup net.minecraft.util.SoundEvent@4277127c
[22:38:58] [Server thread/TRACE] [FML]:   Registry: 218 minecraft:entity.firework.blast net.minecraft.util.SoundEvent@4c7e978c
[22:38:58] [Server thread/TRACE] [FML]:   Registry: 219 minecraft:entity.firework.blast_far net.minecraft.util.SoundEvent@354e7004
[22:38:58] [Server thread/TRACE] [FML]:   Registry: 220 minecraft:entity.firework.large_blast net.minecraft.util.SoundEvent@22ebccb9
[22:38:58] [Server thread/TRACE] [FML]:   Registry: 221 minecraft:entity.firework.large_blast_far net.minecraft.util.SoundEvent@5875de6a
[22:38:58] [Server thread/TRACE] [FML]:   Registry: 222 minecraft:entity.firework.launch net.minecraft.util.SoundEvent@608fe01f
[22:38:58] [Server thread/TRACE] [FML]:   Registry: 223 minecraft:entity.firework.shoot net.minecraft.util.SoundEvent@2687725a
[22:38:58] [Server thread/TRACE] [FML]:   Registry: 224 minecraft:entity.firework.twinkle net.minecraft.util.SoundEvent@5a75ec37
[22:38:58] [Server thread/TRACE] [FML]:   Registry: 225 minecraft:entity.firework.twinkle_far net.minecraft.util.SoundEvent@2c05ff9d
[22:38:58] [Server thread/TRACE] [FML]:   Registry: 226 minecraft:entity.generic.big_fall net.minecraft.util.SoundEvent@33956d1a
[22:38:58] [Server thread/TRACE] [FML]:   Registry: 227 minecraft:entity.generic.burn net.minecraft.util.SoundEvent@2e1ddc90
[22:38:58] [Server thread/TRACE] [FML]:   Registry: 228 minecraft:entity.generic.death net.minecraft.util.SoundEvent@5b7c8930
[22:38:58] [Server thread/TRACE] [FML]:   Registry: 229 minecraft:entity.generic.drink net.minecraft.util.SoundEvent@58867cd5
[22:38:58] [Server thread/TRACE] [FML]:   Registry: 230 minecraft:entity.generic.eat net.minecraft.util.SoundEvent@40e32762
[22:38:58] [Server thread/TRACE] [FML]:   Registry: 231 minecraft:entity.generic.explode net.minecraft.util.SoundEvent@5a8ab2
[22:38:58] [Server thread/TRACE] [FML]:   Registry: 232 minecraft:entity.generic.extinguish_fire net.minecraft.util.SoundEvent@3f50b680
[22:38:58] [Server thread/TRACE] [FML]:   Registry: 233 minecraft:entity.generic.hurt net.minecraft.util.SoundEvent@54db056b
[22:38:58] [Server thread/TRACE] [FML]:   Registry: 234 minecraft:entity.generic.small_fall net.minecraft.util.SoundEvent@d5af0a5
[22:38:58] [Server thread/TRACE] [FML]:   Registry: 235 minecraft:entity.generic.splash net.minecraft.util.SoundEvent@5981f4a6
[22:38:58] [Server thread/TRACE] [FML]:   Registry: 236 minecraft:entity.generic.swim net.minecraft.util.SoundEvent@63dfada0
[22:38:58] [Server thread/TRACE] [FML]:   Registry: 237 minecraft:entity.ghast.ambient net.minecraft.util.SoundEvent@6f231ced
[22:38:58] [Server thread/TRACE] [FML]:   Registry: 238 minecraft:entity.ghast.death net.minecraft.util.SoundEvent@35a60674
[22:38:58] [Server thread/TRACE] [FML]:   Registry: 239 minecraft:entity.ghast.hurt net.minecraft.util.SoundEvent@63d4f0a2
[22:38:58] [Server thread/TRACE] [FML]:   Registry: 240 minecraft:entity.ghast.scream net.minecraft.util.SoundEvent@7d78f3d5
[22:38:58] [Server thread/TRACE] [FML]:   Registry: 241 minecraft:entity.ghast.shoot net.minecraft.util.SoundEvent@a4b5ce3
[22:38:58] [Server thread/TRACE] [FML]:   Registry: 242 minecraft:entity.ghast.warn net.minecraft.util.SoundEvent@f5b6e78
[22:38:58] [Server thread/TRACE] [FML]:   Registry: 243 minecraft:entity.guardian.ambient net.minecraft.util.SoundEvent@4b4eced1
[22:38:58] [Server thread/TRACE] [FML]:   Registry: 244 minecraft:entity.guardian.ambient_land net.minecraft.util.SoundEvent@71926a36
[22:38:58] [Server thread/TRACE] [FML]:   Registry: 245 minecraft:entity.guardian.attack net.minecraft.util.SoundEvent@216e9ca3
[22:38:58] [Server thread/TRACE] [FML]:   Registry: 246 minecraft:entity.guardian.death net.minecraft.util.SoundEvent@75120e58
[22:38:58] [Server thread/TRACE] [FML]:   Registry: 247 minecraft:entity.guardian.death_land net.minecraft.util.SoundEvent@48976e6d
[22:38:58] [Server thread/TRACE] [FML]:   Registry: 248 minecraft:entity.guardian.flop net.minecraft.util.SoundEvent@2a367e93
[22:38:58] [Server thread/TRACE] [FML]:   Registry: 249 minecraft:entity.guardian.hurt net.minecraft.util.SoundEvent@7f6874f2
[22:38:58] [Server thread/TRACE] [FML]:   Registry: 250 minecraft:entity.guardian.hurt_land net.minecraft.util.SoundEvent@1a6dc589
[22:38:58] [Server thread/TRACE] [FML]:   Registry: 251 minecraft:entity.horse.ambient net.minecraft.util.SoundEvent@697a34af
[22:38:58] [Server thread/TRACE] [FML]:   Registry: 252 minecraft:entity.horse.angry net.minecraft.util.SoundEvent@70211df5
[22:38:58] [Server thread/TRACE] [FML]:   Registry: 253 minecraft:entity.horse.armor net.minecraft.util.SoundEvent@4c5228e7
[22:38:58] [Server thread/TRACE] [FML]:   Registry: 254 minecraft:entity.horse.breathe net.minecraft.util.SoundEvent@38e7ed69
[22:38:58] [Server thread/TRACE] [FML]:   Registry: 255 minecraft:entity.horse.death net.minecraft.util.SoundEvent@806996
[22:38:58] [Server thread/TRACE] [FML]:   Registry: 256 minecraft:entity.horse.eat net.minecraft.util.SoundEvent@78b612c6
[22:38:58] [Server thread/TRACE] [FML]:   Registry: 257 minecraft:entity.horse.gallop net.minecraft.util.SoundEvent@257e0827
[22:38:58] [Server thread/TRACE] [FML]:   Registry: 258 minecraft:entity.horse.hurt net.minecraft.util.SoundEvent@22752544
[22:38:58] [Server thread/TRACE] [FML]:   Registry: 259 minecraft:entity.horse.jump net.minecraft.util.SoundEvent@21ba2445
[22:38:58] [Server thread/TRACE] [FML]:   Registry: 260 minecraft:entity.horse.land net.minecraft.util.SoundEvent@69d23296
[22:38:58] [Server thread/TRACE] [FML]:   Registry: 261 minecraft:entity.horse.saddle net.minecraft.util.SoundEvent@3c3820bb
[22:38:58] [Server thread/TRACE] [FML]:   Registry: 262 minecraft:entity.horse.step net.minecraft.util.SoundEvent@376c7d7d
[22:38:58] [Server thread/TRACE] [FML]:   Registry: 263 minecraft:entity.horse.step_wood net.minecraft.util.SoundEvent@4784efd9
[22:38:58] [Server thread/TRACE] [FML]:   Registry: 264 minecraft:entity.hostile.big_fall net.minecraft.util.SoundEvent@3fba233d
[22:38:58] [Server thread/TRACE] [FML]:   Registry: 265 minecraft:entity.hostile.death net.minecraft.util.SoundEvent@427ae189
[22:38:58] [Server thread/TRACE] [FML]:   Registry: 266 minecraft:entity.hostile.hurt net.minecraft.util.SoundEvent@16a9eb2e
[22:38:58] [Server thread/TRACE] [FML]:   Registry: 267 minecraft:entity.hostile.small_fall net.minecraft.util.SoundEvent@76332405
[22:38:58] [Server thread/TRACE] [FML]:   Registry: 268 minecraft:entity.hostile.splash net.minecraft.util.SoundEvent@187e5235
[22:38:58] [Server thread/TRACE] [FML]:   Registry: 269 minecraft:entity.hostile.swim net.minecraft.util.SoundEvent@d1d8e1a
[22:38:58] [Server thread/TRACE] [FML]:   Registry: 270 minecraft:entity.husk.ambient net.minecraft.util.SoundEvent@5434e40c
[22:38:58] [Server thread/TRACE] [FML]:   Registry: 271 minecraft:entity.husk.death net.minecraft.util.SoundEvent@3b48e183
[22:38:58] [Server thread/TRACE] [FML]:   Registry: 272 minecraft:entity.husk.hurt net.minecraft.util.SoundEvent@514de325
[22:38:58] [Server thread/TRACE] [FML]:   Registry: 273 minecraft:entity.husk.step net.minecraft.util.SoundEvent@30c1da48
[22:38:58] [Server thread/TRACE] [FML]:   Registry: 274 minecraft:entity.illusion_illager.ambient net.minecraft.util.SoundEvent@43a65cd8
[22:38:58] [Server thread/TRACE] [FML]:   Registry: 275 minecraft:entity.illusion_illager.cast_spell net.minecraft.util.SoundEvent@3f1ef9d6
[22:38:58] [Server thread/TRACE] [FML]:   Registry: 276 minecraft:entity.illusion_illager.death net.minecraft.util.SoundEvent@17461db
[22:38:58] [Server thread/TRACE] [FML]:   Registry: 277 minecraft:entity.illusion_illager.hurt net.minecraft.util.SoundEvent@3fd9e827
[22:38:58] [Server thread/TRACE] [FML]:   Registry: 278 minecraft:entity.illusion_illager.mirror_move net.minecraft.util.SoundEvent@4e682398
[22:38:58] [Server thread/TRACE] [FML]:   Registry: 279 minecraft:entity.illusion_illager.prepare_blindness net.minecraft.util.SoundEvent@670b3ca
[22:38:58] [Server thread/TRACE] [FML]:   Registry: 280 minecraft:entity.illusion_illager.prepare_mirror net.minecraft.util.SoundEvent@24a86066
[22:38:58] [Server thread/TRACE] [FML]:   Registry: 281 minecraft:entity.irongolem.attack net.minecraft.util.SoundEvent@54402c04
[22:38:58] [Server thread/TRACE] [FML]:   Registry: 282 minecraft:entity.irongolem.death net.minecraft.util.SoundEvent@5b3bb1f7
[22:38:58] [Server thread/TRACE] [FML]:   Registry: 283 minecraft:entity.irongolem.hurt net.minecraft.util.SoundEvent@58d6b7b9
[22:38:58] [Server thread/TRACE] [FML]:   Registry: 284 minecraft:entity.irongolem.step net.minecraft.util.SoundEvent@3f1a4795
[22:38:58] [Server thread/TRACE] [FML]:   Registry: 285 minecraft:entity.item.break net.minecraft.util.SoundEvent@6a6f6c7e
[22:38:58] [Server thread/TRACE] [FML]:   Registry: 286 minecraft:entity.item.pickup net.minecraft.util.SoundEvent@6c5ddccd
[22:38:58] [Server thread/TRACE] [FML]:   Registry: 287 minecraft:entity.itemframe.add_item net.minecraft.util.SoundEvent@1dbd580
[22:38:58] [Server thread/TRACE] [FML]:   Registry: 288 minecraft:entity.itemframe.break net.minecraft.util.SoundEvent@6c101cc1
[22:38:58] [Server thread/TRACE] [FML]:   Registry: 289 minecraft:entity.itemframe.place net.minecraft.util.SoundEvent@7d0d91a1
[22:38:58] [Server thread/TRACE] [FML]:   Registry: 290 minecraft:entity.itemframe.remove_item net.minecraft.util.SoundEvent@7fb48179
[22:38:58] [Server thread/TRACE] [FML]:   Registry: 291 minecraft:entity.itemframe.rotate_item net.minecraft.util.SoundEvent@201c3cda
[22:38:58] [Server thread/TRACE] [FML]:   Registry: 292 minecraft:entity.leashknot.break net.minecraft.util.SoundEvent@4c86da0c
[22:38:58] [Server thread/TRACE] [FML]:   Registry: 293 minecraft:entity.leashknot.place net.minecraft.util.SoundEvent@5d97caa4
[22:38:58] [Server thread/TRACE] [FML]:   Registry: 294 minecraft:entity.lightning.impact net.minecraft.util.SoundEvent@6732726
[22:38:58] [Server thread/TRACE] [FML]:   Registry: 295 minecraft:entity.lightning.thunder net.minecraft.util.SoundEvent@474821de
[22:38:58] [Server thread/TRACE] [FML]:   Registry: 296 minecraft:entity.lingeringpotion.throw net.minecraft.util.SoundEvent@3d64c581
[22:38:58] [Server thread/TRACE] [FML]:   Registry: 297 minecraft:entity.llama.ambient net.minecraft.util.SoundEvent@5ec5ea63
[22:38:58] [Server thread/TRACE] [FML]:   Registry: 298 minecraft:entity.llama.angry net.minecraft.util.SoundEvent@4190bc8a
[22:38:58] [Server thread/TRACE] [FML]:   Registry: 299 minecraft:entity.llama.chest net.minecraft.util.SoundEvent@47d023b7
[22:38:58] [Server thread/TRACE] [FML]:   Registry: 300 minecraft:entity.llama.death net.minecraft.util.SoundEvent@5c83ae01
[22:38:58] [Server thread/TRACE] [FML]:   Registry: 301 minecraft:entity.llama.eat net.minecraft.util.SoundEvent@2d64c100
[22:38:58] [Server thread/TRACE] [FML]:   Registry: 302 minecraft:entity.llama.hurt net.minecraft.util.SoundEvent@69d45cca
[22:38:58] [Server thread/TRACE] [FML]:   Registry: 303 minecraft:entity.llama.spit net.minecraft.util.SoundEvent@2fdf17dc
[22:38:58] [Server thread/TRACE] [FML]:   Registry: 304 minecraft:entity.llama.step net.minecraft.util.SoundEvent@6e6d4780
[22:38:58] [Server thread/TRACE] [FML]:   Registry: 305 minecraft:entity.llama.swag net.minecraft.util.SoundEvent@650ae78c
[22:38:58] [Server thread/TRACE] [FML]:   Registry: 306 minecraft:entity.magmacube.death net.minecraft.util.SoundEvent@2e73d5eb
[22:38:58] [Server thread/TRACE] [FML]:   Registry: 307 minecraft:entity.magmacube.hurt net.minecraft.util.SoundEvent@79c5460e
[22:38:58] [Server thread/TRACE] [FML]:   Registry: 308 minecraft:entity.magmacube.jump net.minecraft.util.SoundEvent@7d904ff1
[22:38:58] [Server thread/TRACE] [FML]:   Registry: 309 minecraft:entity.magmacube.squish net.minecraft.util.SoundEvent@4f94e148
[22:38:58] [Server thread/TRACE] [FML]:   Registry: 310 minecraft:entity.minecart.inside net.minecraft.util.SoundEvent@7ff8a9dc
[22:38:58] [Server thread/TRACE] [FML]:   Registry: 311 minecraft:entity.minecart.riding net.minecraft.util.SoundEvent@2cde651b
[22:38:58] [Server thread/TRACE] [FML]:   Registry: 312 minecraft:entity.mooshroom.shear net.minecraft.util.SoundEvent@534e58b6
[22:38:58] [Server thread/TRACE] [FML]:   Registry: 313 minecraft:entity.mule.ambient net.minecraft.util.SoundEvent@3bb87d36
[22:38:58] [Server thread/TRACE] [FML]:   Registry: 314 minecraft:entity.mule.chest net.minecraft.util.SoundEvent@1b495d4
[22:38:58] [Server thread/TRACE] [FML]:   Registry: 315 minecraft:entity.mule.death net.minecraft.util.SoundEvent@5e1dde44
[22:38:58] [Server thread/TRACE] [FML]:   Registry: 316 minecraft:entity.mule.hurt net.minecraft.util.SoundEvent@7f37b6d9
[22:38:58] [Server thread/TRACE] [FML]:   Registry: 317 minecraft:entity.painting.break net.minecraft.util.SoundEvent@71e35c4
[22:38:58] [Server thread/TRACE] [FML]:   Registry: 318 minecraft:entity.painting.place net.minecraft.util.SoundEvent@22a10ac6
[22:38:58] [Server thread/TRACE] [FML]:   Registry: 319 minecraft:entity.parrot.ambient net.minecraft.util.SoundEvent@12fe1f28
[22:38:58] [Server thread/TRACE] [FML]:   Registry: 320 minecraft:entity.parrot.death net.minecraft.util.SoundEvent@503df2d0
[22:38:58] [Server thread/TRACE] [FML]:   Registry: 321 minecraft:entity.parrot.eat net.minecraft.util.SoundEvent@26fb4d06
[22:38:58] [Server thread/TRACE] [FML]:   Registry: 322 minecraft:entity.parrot.fly net.minecraft.util.SoundEvent@c269425
[22:38:58] [Server thread/TRACE] [FML]:   Registry: 323 minecraft:entity.parrot.hurt net.minecraft.util.SoundEvent@6e43ddd6
[22:38:58] [Server thread/TRACE] [FML]:   Registry: 324 minecraft:entity.parrot.imitate.blaze net.minecraft.util.SoundEvent@51d719bc
[22:38:58] [Server thread/TRACE] [FML]:   Registry: 325 minecraft:entity.parrot.imitate.creeper net.minecraft.util.SoundEvent@2d38edfd
[22:38:58] [Server thread/TRACE] [FML]:   Registry: 326 minecraft:entity.parrot.imitate.elder_guardian net.minecraft.util.SoundEvent@1507c3c3
[22:38:58] [Server thread/TRACE] [FML]:   Registry: 327 minecraft:entity.parrot.imitate.enderdragon net.minecraft.util.SoundEvent@655a01d8
[22:38:58] [Server thread/TRACE] [FML]:   Registry: 328 minecraft:entity.parrot.imitate.enderman net.minecraft.util.SoundEvent@c29fe36
[22:38:58] [Server thread/TRACE] [FML]:   Registry: 329 minecraft:entity.parrot.imitate.endermite net.minecraft.util.SoundEvent@6614bd4b
[22:38:58] [Server thread/TRACE] [FML]:   Registry: 330 minecraft:entity.parrot.imitate.evocation_illager net.minecraft.util.SoundEvent@4d266391
[22:38:58] [Server thread/TRACE] [FML]:   Registry: 331 minecraft:entity.parrot.imitate.ghast net.minecraft.util.SoundEvent@7847ef2c
[22:38:58] [Server thread/TRACE] [FML]:   Registry: 332 minecraft:entity.parrot.imitate.husk net.minecraft.util.SoundEvent@3b5c665c
[22:38:58] [Server thread/TRACE] [FML]:   Registry: 333 minecraft:entity.parrot.imitate.illusion_illager net.minecraft.util.SoundEvent@78e17a99
[22:38:58] [Server thread/TRACE] [FML]:   Registry: 334 minecraft:entity.parrot.imitate.magmacube net.minecraft.util.SoundEvent@625a4ff
[22:38:58] [Server thread/TRACE] [FML]:   Registry: 335 minecraft:entity.parrot.imitate.polar_bear net.minecraft.util.SoundEvent@41dc0598
[22:38:58] [Server thread/TRACE] [FML]:   Registry: 336 minecraft:entity.parrot.imitate.shulker net.minecraft.util.SoundEvent@196ae579
[22:38:58] [Server thread/TRACE] [FML]:   Registry: 337 minecraft:entity.parrot.imitate.silverfish net.minecraft.util.SoundEvent@6a2c717f
[22:38:58] [Server thread/TRACE] [FML]:   Registry: 338 minecraft:entity.parrot.imitate.skeleton net.minecraft.util.SoundEvent@41853299
[22:38:58] [Server thread/TRACE] [FML]:   Registry: 339 minecraft:entity.parrot.imitate.slime net.minecraft.util.SoundEvent@60d40ff4
[22:38:58] [Server thread/TRACE] [FML]:   Registry: 340 minecraft:entity.parrot.imitate.spider net.minecraft.util.SoundEvent@2e5b7fba
[22:38:58] [Server thread/TRACE] [FML]:   Registry: 341 minecraft:entity.parrot.imitate.stray net.minecraft.util.SoundEvent@27755487
[22:38:58] [Server thread/TRACE] [FML]:   Registry: 342 minecraft:entity.parrot.imitate.vex net.minecraft.util.SoundEvent@4f0cab0a
[22:38:58] [Server thread/TRACE] [FML]:   Registry: 343 minecraft:entity.parrot.imitate.vindication_illager net.minecraft.util.SoundEvent@fe7b6b0
[22:38:58] [Server thread/TRACE] [FML]:   Registry: 344 minecraft:entity.parrot.imitate.witch net.minecraft.util.SoundEvent@7ab4ae59
[22:38:58] [Server thread/TRACE] [FML]:   Registry: 345 minecraft:entity.parrot.imitate.wither net.minecraft.util.SoundEvent@77681ce4
[22:38:58] [Server thread/TRACE] [FML]:   Registry: 346 minecraft:entity.parrot.imitate.wither_skeleton net.minecraft.util.SoundEvent@5d96bdf8
[22:38:58] [Server thread/TRACE] [FML]:   Registry: 347 minecraft:entity.parrot.imitate.wolf net.minecraft.util.SoundEvent@6f76c2cc
[22:38:58] [Server thread/TRACE] [FML]:   Registry: 348 minecraft:entity.parrot.imitate.zombie net.minecraft.util.SoundEvent@306f6f1d
[22:38:58] [Server thread/TRACE] [FML]:   Registry: 349 minecraft:entity.parrot.imitate.zombie_pigman net.minecraft.util.SoundEvent@7d7cac8
[22:38:58] [Server thread/TRACE] [FML]:   Registry: 350 minecraft:entity.parrot.imitate.zombie_villager net.minecraft.util.SoundEvent@6fc6deb7
[22:38:58] [Server thread/TRACE] [FML]:   Registry: 351 minecraft:entity.parrot.step net.minecraft.util.SoundEvent@367f0121
[22:38:58] [Server thread/TRACE] [FML]:   Registry: 352 minecraft:entity.pig.ambient net.minecraft.util.SoundEvent@7da39774
[22:38:58] [Server thread/TRACE] [FML]:   Registry: 353 minecraft:entity.pig.death net.minecraft.util.SoundEvent@441b8382
[22:38:58] [Server thread/TRACE] [FML]:   Registry: 354 minecraft:entity.pig.hurt net.minecraft.util.SoundEvent@1df1ced0
[22:38:58] [Server thread/TRACE] [FML]:   Registry: 355 minecraft:entity.pig.saddle net.minecraft.util.SoundEvent@5349b246
[22:38:58] [Server thread/TRACE] [FML]:   Registry: 356 minecraft:entity.pig.step net.minecraft.util.SoundEvent@32b0876c
[22:38:58] [Server thread/TRACE] [FML]:   Registry: 357 minecraft:entity.player.attack.crit net.minecraft.util.SoundEvent@2aaf152b
[22:38:58] [Server thread/TRACE] [FML]:   Registry: 358 minecraft:entity.player.attack.knockback net.minecraft.util.SoundEvent@39bbd9e0
[22:38:58] [Server thread/TRACE] [FML]:   Registry: 359 minecraft:entity.player.attack.nodamage net.minecraft.util.SoundEvent@27fe9713
[22:38:58] [Server thread/TRACE] [FML]:   Registry: 360 minecraft:entity.player.attack.strong net.minecraft.util.SoundEvent@11c3ff67
[22:38:58] [Server thread/TRACE] [FML]:   Registry: 361 minecraft:entity.player.attack.sweep net.minecraft.util.SoundEvent@4397a639
[22:38:58] [Server thread/TRACE] [FML]:   Registry: 362 minecraft:entity.player.attack.weak net.minecraft.util.SoundEvent@24841372
[22:38:58] [Server thread/TRACE] [FML]:   Registry: 363 minecraft:entity.player.big_fall net.minecraft.util.SoundEvent@77114efe
[22:38:58] [Server thread/TRACE] [FML]:   Registry: 364 minecraft:entity.player.breath net.minecraft.util.SoundEvent@79a7bfbc
[22:38:58] [Server thread/TRACE] [FML]:   Registry: 365 minecraft:entity.player.burp net.minecraft.util.SoundEvent@77f68df
[22:38:58] [Server thread/TRACE] [FML]:   Registry: 366 minecraft:entity.player.death net.minecraft.util.SoundEvent@3e4e4c1
[22:38:58] [Server thread/TRACE] [FML]:   Registry: 367 minecraft:entity.player.hurt net.minecraft.util.SoundEvent@7e7f3cfd
[22:38:58] [Server thread/TRACE] [FML]:   Registry: 368 minecraft:entity.player.hurt_drown net.minecraft.util.SoundEvent@3ae126d1
[22:38:58] [Server thread/TRACE] [FML]:   Registry: 369 minecraft:entity.player.hurt_on_fire net.minecraft.util.SoundEvent@46a488c2
[22:38:58] [Server thread/TRACE] [FML]:   Registry: 370 minecraft:entity.player.levelup net.minecraft.util.SoundEvent@6242ae3b
[22:38:58] [Server thread/TRACE] [FML]:   Registry: 371 minecraft:entity.player.small_fall net.minecraft.util.SoundEvent@65ddee5a
[22:38:58] [Server thread/TRACE] [FML]:   Registry: 372 minecraft:entity.player.splash net.minecraft.util.SoundEvent@56399b9e
[22:38:58] [Server thread/TRACE] [FML]:   Registry: 373 minecraft:entity.player.swim net.minecraft.util.SoundEvent@34b9eb03
[22:38:58] [Server thread/TRACE] [FML]:   Registry: 374 minecraft:entity.polar_bear.ambient net.minecraft.util.SoundEvent@43fda8d9
[22:38:58] [Server thread/TRACE] [FML]:   Registry: 375 minecraft:entity.polar_bear.baby_ambient net.minecraft.util.SoundEvent@49d831c2
[22:38:58] [Server thread/TRACE] [FML]:   Registry: 376 minecraft:entity.polar_bear.death net.minecraft.util.SoundEvent@53a7a60c
[22:38:58] [Server thread/TRACE] [FML]:   Registry: 377 minecraft:entity.polar_bear.hurt net.minecraft.util.SoundEvent@28bdbe88
[22:38:58] [Server thread/TRACE] [FML]:   Registry: 378 minecraft:entity.polar_bear.step net.minecraft.util.SoundEvent@6a87026
[22:38:58] [Server thread/TRACE] [FML]:   Registry: 379 minecraft:entity.polar_bear.warning net.minecraft.util.SoundEvent@ef60710
[22:38:58] [Server thread/TRACE] [FML]:   Registry: 380 minecraft:entity.rabbit.ambient net.minecraft.util.SoundEvent@600f5704
[22:38:58] [Server thread/TRACE] [FML]:   Registry: 381 minecraft:entity.rabbit.attack net.minecraft.util.SoundEvent@2503ec73
[22:38:58] [Server thread/TRACE] [FML]:   Registry: 382 minecraft:entity.rabbit.death net.minecraft.util.SoundEvent@606f81b5
[22:38:58] [Server thread/TRACE] [FML]:   Registry: 383 minecraft:entity.rabbit.hurt net.minecraft.util.SoundEvent@5e1fc42f
[22:38:58] [Server thread/TRACE] [FML]:   Registry: 384 minecraft:entity.rabbit.jump net.minecraft.util.SoundEvent@44b21f9f
[22:38:58] [Server thread/TRACE] [FML]:   Registry: 385 minecraft:entity.sheep.ambient net.minecraft.util.SoundEvent@7ee8130e
[22:38:58] [Server thread/TRACE] [FML]:   Registry: 386 minecraft:entity.sheep.death net.minecraft.util.SoundEvent@6296474f
[22:38:58] [Server thread/TRACE] [FML]:   Registry: 387 minecraft:entity.sheep.hurt net.minecraft.util.SoundEvent@4288d98e
[22:38:58] [Server thread/TRACE] [FML]:   Registry: 388 minecraft:entity.sheep.shear net.minecraft.util.SoundEvent@169268a7
[22:38:58] [Server thread/TRACE] [FML]:   Registry: 389 minecraft:entity.sheep.step net.minecraft.util.SoundEvent@285c6918
[22:38:58] [Server thread/TRACE] [FML]:   Registry: 390 minecraft:entity.shulker.ambient net.minecraft.util.SoundEvent@78a0ff63
[22:38:58] [Server thread/TRACE] [FML]:   Registry: 391 minecraft:entity.shulker.close net.minecraft.util.SoundEvent@7c601d50
[22:38:58] [Server thread/TRACE] [FML]:   Registry: 392 minecraft:entity.shulker.death net.minecraft.util.SoundEvent@79b2852b
[22:38:58] [Server thread/TRACE] [FML]:   Registry: 393 minecraft:entity.shulker.hurt net.minecraft.util.SoundEvent@326d27ac
[22:38:58] [Server thread/TRACE] [FML]:   Registry: 394 minecraft:entity.shulker.hurt_closed net.minecraft.util.SoundEvent@4d499d65
[22:38:58] [Server thread/TRACE] [FML]:   Registry: 395 minecraft:entity.shulker.open net.minecraft.util.SoundEvent@313f8301
[22:38:58] [Server thread/TRACE] [FML]:   Registry: 396 minecraft:entity.shulker.shoot net.minecraft.util.SoundEvent@5cc9d3d0
[22:38:58] [Server thread/TRACE] [FML]:   Registry: 397 minecraft:entity.shulker.teleport net.minecraft.util.SoundEvent@7c2dfa2
[22:38:58] [Server thread/TRACE] [FML]:   Registry: 398 minecraft:entity.shulker_bullet.hit net.minecraft.util.SoundEvent@661d88a
[22:38:58] [Server thread/TRACE] [FML]:   Registry: 399 minecraft:entity.shulker_bullet.hurt net.minecraft.util.SoundEvent@4b0b64cc
[22:38:58] [Server thread/TRACE] [FML]:   Registry: 400 minecraft:entity.silverfish.ambient net.minecraft.util.SoundEvent@59ce792e
[22:38:58] [Server thread/TRACE] [FML]:   Registry: 401 minecraft:entity.silverfish.death net.minecraft.util.SoundEvent@4860827a
[22:38:58] [Server thread/TRACE] [FML]:   Registry: 402 minecraft:entity.silverfish.hurt net.minecraft.util.SoundEvent@404db674
[22:38:58] [Server thread/TRACE] [FML]:   Registry: 403 minecraft:entity.silverfish.step net.minecraft.util.SoundEvent@50f097b5
[22:38:58] [Server thread/TRACE] [FML]:   Registry: 404 minecraft:entity.skeleton.ambient net.minecraft.util.SoundEvent@7add838c
[22:38:58] [Server thread/TRACE] [FML]:   Registry: 405 minecraft:entity.skeleton.death net.minecraft.util.SoundEvent@3662bdff
[22:38:58] [Server thread/TRACE] [FML]:   Registry: 406 minecraft:entity.skeleton.hurt net.minecraft.util.SoundEvent@1bb15351
[22:38:58] [Server thread/TRACE] [FML]:   Registry: 407 minecraft:entity.skeleton.shoot net.minecraft.util.SoundEvent@4fa822ad
[22:38:58] [Server thread/TRACE] [FML]:   Registry: 408 minecraft:entity.skeleton.step net.minecraft.util.SoundEvent@597f0937
[22:38:58] [Server thread/TRACE] [FML]:   Registry: 409 minecraft:entity.skeleton_horse.ambient net.minecraft.util.SoundEvent@7ad1caa2
[22:38:58] [Server thread/TRACE] [FML]:   Registry: 410 minecraft:entity.skeleton_horse.death net.minecraft.util.SoundEvent@6b6b3572
[22:38:58] [Server thread/TRACE] [FML]:   Registry: 411 minecraft:entity.skeleton_horse.hurt net.minecraft.util.SoundEvent@65d8dff8
[22:38:58] [Server thread/TRACE] [FML]:   Registry: 412 minecraft:entity.slime.attack net.minecraft.util.SoundEvent@444f44c5
[22:38:58] [Server thread/TRACE] [FML]:   Registry: 413 minecraft:entity.slime.death net.minecraft.util.SoundEvent@303f1234
[22:38:58] [Server thread/TRACE] [FML]:   Registry: 414 minecraft:entity.slime.hurt net.minecraft.util.SoundEvent@24d61e4
[22:38:58] [Server thread/TRACE] [FML]:   Registry: 415 minecraft:entity.slime.jump net.minecraft.util.SoundEvent@2149594a
[22:38:58] [Server thread/TRACE] [FML]:   Registry: 416 minecraft:entity.slime.squish net.minecraft.util.SoundEvent@1f1e58ca
[22:38:58] [Server thread/TRACE] [FML]:   Registry: 417 minecraft:entity.small_magmacube.death net.minecraft.util.SoundEvent@57f847af
[22:38:58] [Server thread/TRACE] [FML]:   Registry: 418 minecraft:entity.small_magmacube.hurt net.minecraft.util.SoundEvent@3ed34ef5
[22:38:58] [Server thread/TRACE] [FML]:   Registry: 419 minecraft:entity.small_magmacube.squish net.minecraft.util.SoundEvent@553bc36c
[22:38:58] [Server thread/TRACE] [FML]:   Registry: 420 minecraft:entity.small_slime.death net.minecraft.util.SoundEvent@380e1909
[22:38:58] [Server thread/TRACE] [FML]:   Registry: 421 minecraft:entity.small_slime.hurt net.minecraft.util.SoundEvent@2d5ef498
[22:38:58] [Server thread/TRACE] [FML]:   Registry: 422 minecraft:entity.small_slime.jump net.minecraft.util.SoundEvent@95eb320
[22:38:58] [Server thread/TRACE] [FML]:   Registry: 423 minecraft:entity.small_slime.squish net.minecraft.util.SoundEvent@2f521c4
[22:38:58] [Server thread/TRACE] [FML]:   Registry: 424 minecraft:entity.snowball.throw net.minecraft.util.SoundEvent@4afbb6c2
[22:38:58] [Server thread/TRACE] [FML]:   Registry: 425 minecraft:entity.snowman.ambient net.minecraft.util.SoundEvent@10db6131
[22:38:58] [Server thread/TRACE] [FML]:   Registry: 426 minecraft:entity.snowman.death net.minecraft.util.SoundEvent@6c6017b9
[22:38:58] [Server thread/TRACE] [FML]:   Registry: 427 minecraft:entity.snowman.hurt net.minecraft.util.SoundEvent@4730e0f0
[22:38:58] [Server thread/TRACE] [FML]:   Registry: 428 minecraft:entity.snowman.shoot net.minecraft.util.SoundEvent@506a1372
[22:38:58] [Server thread/TRACE] [FML]:   Registry: 429 minecraft:entity.spider.ambient net.minecraft.util.SoundEvent@1b7332a7
[22:38:58] [Server thread/TRACE] [FML]:   Registry: 430 minecraft:entity.spider.death net.minecraft.util.SoundEvent@77c233af
[22:38:58] [Server thread/TRACE] [FML]:   Registry: 431 minecraft:entity.spider.hurt net.minecraft.util.SoundEvent@37b56ac7
[22:38:58] [Server thread/TRACE] [FML]:   Registry: 432 minecraft:entity.spider.step net.minecraft.util.SoundEvent@37c41ec0
[22:38:58] [Server thread/TRACE] [FML]:   Registry: 433 minecraft:entity.splash_potion.break net.minecraft.util.SoundEvent@35a0e495
[22:38:58] [Server thread/TRACE] [FML]:   Registry: 434 minecraft:entity.splash_potion.throw net.minecraft.util.SoundEvent@5399f6c5
[22:38:58] [Server thread/TRACE] [FML]:   Registry: 435 minecraft:entity.squid.ambient net.minecraft.util.SoundEvent@4fe64d23
[22:38:58] [Server thread/TRACE] [FML]:   Registry: 436 minecraft:entity.squid.death net.minecraft.util.SoundEvent@58437801
[22:38:58] [Server thread/TRACE] [FML]:   Registry: 437 minecraft:entity.squid.hurt net.minecraft.util.SoundEvent@6af5bbd0
[22:38:58] [Server thread/TRACE] [FML]:   Registry: 438 minecraft:entity.stray.ambient net.minecraft.util.SoundEvent@76464795
[22:38:58] [Server thread/TRACE] [FML]:   Registry: 439 minecraft:entity.stray.death net.minecraft.util.SoundEvent@b34832b
[22:38:58] [Server thread/TRACE] [FML]:   Registry: 440 minecraft:entity.stray.hurt net.minecraft.util.SoundEvent@48f4713c
[22:38:58] [Server thread/TRACE] [FML]:   Registry: 441 minecraft:entity.stray.step net.minecraft.util.SoundEvent@f1868c9
[22:38:58] [Server thread/TRACE] [FML]:   Registry: 442 minecraft:entity.tnt.primed net.minecraft.util.SoundEvent@4ba6ec50
[22:38:58] [Server thread/TRACE] [FML]:   Registry: 443 minecraft:entity.vex.ambient net.minecraft.util.SoundEvent@642413d4
[22:38:58] [Server thread/TRACE] [FML]:   Registry: 444 minecraft:entity.vex.charge net.minecraft.util.SoundEvent@fb2e3fd
[22:38:58] [Server thread/TRACE] [FML]:   Registry: 445 minecraft:entity.vex.death net.minecraft.util.SoundEvent@43a09ce2
[22:38:58] [Server thread/TRACE] [FML]:   Registry: 446 minecraft:entity.vex.hurt net.minecraft.util.SoundEvent@3f183caa
[22:38:58] [Server thread/TRACE] [FML]:   Registry: 447 minecraft:entity.villager.ambient net.minecraft.util.SoundEvent@7b66322e
[22:38:58] [Server thread/TRACE] [FML]:   Registry: 448 minecraft:entity.villager.death net.minecraft.util.SoundEvent@63538bb4
[22:38:58] [Server thread/TRACE] [FML]:   Registry: 449 minecraft:entity.villager.hurt net.minecraft.util.SoundEvent@24534cb0
[22:38:58] [Server thread/TRACE] [FML]:   Registry: 450 minecraft:entity.villager.no net.minecraft.util.SoundEvent@5a50d9fc
[22:38:58] [Server thread/TRACE] [FML]:   Registry: 451 minecraft:entity.villager.trading net.minecraft.util.SoundEvent@106d77da
[22:38:58] [Server thread/TRACE] [FML]:   Registry: 452 minecraft:entity.villager.yes net.minecraft.util.SoundEvent@6f9c5048
[22:38:58] [Server thread/TRACE] [FML]:   Registry: 453 minecraft:entity.vindication_illager.ambient net.minecraft.util.SoundEvent@5114b7c7
[22:38:58] [Server thread/TRACE] [FML]:   Registry: 454 minecraft:entity.vindication_illager.death net.minecraft.util.SoundEvent@dd71b20
[22:38:58] [Server thread/TRACE] [FML]:   Registry: 455 minecraft:entity.vindication_illager.hurt net.minecraft.util.SoundEvent@767f6ee7
[22:38:58] [Server thread/TRACE] [FML]:   Registry: 456 minecraft:entity.witch.ambient net.minecraft.util.SoundEvent@7b6c6e70
[22:38:58] [Server thread/TRACE] [FML]:   Registry: 457 minecraft:entity.witch.death net.minecraft.util.SoundEvent@f324455
[22:38:58] [Server thread/TRACE] [FML]:   Registry: 458 minecraft:entity.witch.drink net.minecraft.util.SoundEvent@3a894088
[22:38:58] [Server thread/TRACE] [FML]:   Registry: 459 minecraft:entity.witch.hurt net.minecraft.util.SoundEvent@370c1968
[22:38:58] [Server thread/TRACE] [FML]:   Registry: 460 minecraft:entity.witch.throw net.minecraft.util.SoundEvent@2f0bfe17
[22:38:58] [Server thread/TRACE] [FML]:   Registry: 461 minecraft:entity.wither.ambient net.minecraft.util.SoundEvent@3206174f
[22:38:58] [Server thread/TRACE] [FML]:   Registry: 462 minecraft:entity.wither.break_block net.minecraft.util.SoundEvent@42fb8c87
[22:38:58] [Server thread/TRACE] [FML]:   Registry: 463 minecraft:entity.wither.death net.minecraft.util.SoundEvent@15eb0ae9
[22:38:58] [Server thread/TRACE] [FML]:   Registry: 464 minecraft:entity.wither.hurt net.minecraft.util.SoundEvent@65e0b505
[22:38:58] [Server thread/TRACE] [FML]:   Registry: 465 minecraft:entity.wither.shoot net.minecraft.util.SoundEvent@67de7a99
[22:38:58] [Server thread/TRACE] [FML]:   Registry: 466 minecraft:entity.wither.spawn net.minecraft.util.SoundEvent@795f5d51
[22:38:58] [Server thread/TRACE] [FML]:   Registry: 467 minecraft:entity.wither_skeleton.ambient net.minecraft.util.SoundEvent@34aeacd1
[22:38:58] [Server thread/TRACE] [FML]:   Registry: 468 minecraft:entity.wither_skeleton.death net.minecraft.util.SoundEvent@54067fdc
[22:38:58] [Server thread/TRACE] [FML]:   Registry: 469 minecraft:entity.wither_skeleton.hurt net.minecraft.util.SoundEvent@4098dd77
[22:38:58] [Server thread/TRACE] [FML]:   Registry: 470 minecraft:entity.wither_skeleton.step net.minecraft.util.SoundEvent@43aeb5e0
[22:38:58] [Server thread/TRACE] [FML]:   Registry: 471 minecraft:entity.wolf.ambient net.minecraft.util.SoundEvent@2274160
[22:38:58] [Server thread/TRACE] [FML]:   Registry: 472 minecraft:entity.wolf.death net.minecraft.util.SoundEvent@65383667
[22:38:58] [Server thread/TRACE] [FML]:   Registry: 473 minecraft:entity.wolf.growl net.minecraft.util.SoundEvent@63cd2cd2
[22:38:58] [Server thread/TRACE] [FML]:   Registry: 474 minecraft:entity.wolf.howl net.minecraft.util.SoundEvent@557a84fe
[22:38:58] [Server thread/TRACE] [FML]:   Registry: 475 minecraft:entity.wolf.hurt net.minecraft.util.SoundEvent@6deee370
[22:38:58] [Server thread/TRACE] [FML]:   Registry: 476 minecraft:entity.wolf.pant net.minecraft.util.SoundEvent@49c17ba4
[22:38:58] [Server thread/TRACE] [FML]:   Registry: 477 minecraft:entity.wolf.shake net.minecraft.util.SoundEvent@43e065f2
[22:38:58] [Server thread/TRACE] [FML]:   Registry: 478 minecraft:entity.wolf.step net.minecraft.util.SoundEvent@423c5404
[22:38:58] [Server thread/TRACE] [FML]:   Registry: 479 minecraft:entity.wolf.whine net.minecraft.util.SoundEvent@5853ca50
[22:38:58] [Server thread/TRACE] [FML]:   Registry: 480 minecraft:entity.zombie.ambient net.minecraft.util.SoundEvent@1a0d96a5
[22:38:58] [Server thread/TRACE] [FML]:   Registry: 481 minecraft:entity.zombie.attack_door_wood net.minecraft.util.SoundEvent@5a02bfe3
[22:38:58] [Server thread/TRACE] [FML]:   Registry: 482 minecraft:entity.zombie.attack_iron_door net.minecraft.util.SoundEvent@7a3e5cd3
[22:38:58] [Server thread/TRACE] [FML]:   Registry: 483 minecraft:entity.zombie.break_door_wood net.minecraft.util.SoundEvent@3c79088e
[22:38:58] [Server thread/TRACE] [FML]:   Registry: 484 minecraft:entity.zombie.death net.minecraft.util.SoundEvent@4a37191a
[22:38:58] [Server thread/TRACE] [FML]:   Registry: 485 minecraft:entity.zombie.hurt net.minecraft.util.SoundEvent@5854a18
[22:38:58] [Server thread/TRACE] [FML]:   Registry: 486 minecraft:entity.zombie.infect net.minecraft.util.SoundEvent@d5556bf
[22:38:58] [Server thread/TRACE] [FML]:   Registry: 487 minecraft:entity.zombie.step net.minecraft.util.SoundEvent@791c12e3
[22:38:58] [Server thread/TRACE] [FML]:   Registry: 488 minecraft:entity.zombie_horse.ambient net.minecraft.util.SoundEvent@b112b13
[22:38:58] [Server thread/TRACE] [FML]:   Registry: 489 minecraft:entity.zombie_horse.death net.minecraft.util.SoundEvent@24eb65e3
[22:38:58] [Server thread/TRACE] [FML]:   Registry: 490 minecraft:entity.zombie_horse.hurt net.minecraft.util.SoundEvent@3ac3f6f
[22:38:58] [Server thread/TRACE] [FML]:   Registry: 491 minecraft:entity.zombie_pig.ambient net.minecraft.util.SoundEvent@1abebef3
[22:38:58] [Server thread/TRACE] [FML]:   Registry: 492 minecraft:entity.zombie_pig.angry net.minecraft.util.SoundEvent@18f55704
[22:38:58] [Server thread/TRACE] [FML]:   Registry: 493 minecraft:entity.zombie_pig.death net.minecraft.util.SoundEvent@67cefd84
[22:38:58] [Server thread/TRACE] [FML]:   Registry: 494 minecraft:entity.zombie_pig.hurt net.minecraft.util.SoundEvent@5fbe155
[22:38:58] [Server thread/TRACE] [FML]:   Registry: 495 minecraft:entity.zombie_villager.ambient net.minecraft.util.SoundEvent@6add8e3f
[22:38:58] [Server thread/TRACE] [FML]:   Registry: 496 minecraft:entity.zombie_villager.converted net.minecraft.util.SoundEvent@58a2b917
[22:38:58] [Server thread/TRACE] [FML]:   Registry: 497 minecraft:entity.zombie_villager.cure net.minecraft.util.SoundEvent@48904d5a
[22:38:58] [Server thread/TRACE] [FML]:   Registry: 498 minecraft:entity.zombie_villager.death net.minecraft.util.SoundEvent@12bbfc54
[22:38:58] [Server thread/TRACE] [FML]:   Registry: 499 minecraft:entity.zombie_villager.hurt net.minecraft.util.SoundEvent@1491344a
[22:38:58] [Server thread/TRACE] [FML]:   Registry: 500 minecraft:entity.zombie_villager.step net.minecraft.util.SoundEvent@59b65dce
[22:38:58] [Server thread/TRACE] [FML]:   Registry: 501 minecraft:item.armor.equip_chain net.minecraft.util.SoundEvent@1386313f
[22:38:58] [Server thread/TRACE] [FML]:   Registry: 502 minecraft:item.armor.equip_diamond net.minecraft.util.SoundEvent@5e922647
[22:38:58] [Server thread/TRACE] [FML]:   Registry: 503 minecraft:item.armor.equip_elytra net.minecraft.util.SoundEvent@433c6abb
[22:38:58] [Server thread/TRACE] [FML]:   Registry: 504 minecraft:item.armor.equip_generic net.minecraft.util.SoundEvent@288f173f
[22:38:58] [Server thread/TRACE] [FML]:   Registry: 505 minecraft:item.armor.equip_gold net.minecraft.util.SoundEvent@a22c4d8
[22:38:58] [Server thread/TRACE] [FML]:   Registry: 506 minecraft:item.armor.equip_iron net.minecraft.util.SoundEvent@45cd7bc5
[22:38:58] [Server thread/TRACE] [FML]:   Registry: 507 minecraft:item.armor.equip_leather net.minecraft.util.SoundEvent@6504a875
[22:38:58] [Server thread/TRACE] [FML]:   Registry: 508 minecraft:item.bottle.empty net.minecraft.util.SoundEvent@35e26d05
[22:38:58] [Server thread/TRACE] [FML]:   Registry: 509 minecraft:item.bottle.fill net.minecraft.util.SoundEvent@29fa6b65
[22:38:58] [Server thread/TRACE] [FML]:   Registry: 510 minecraft:item.bottle.fill_dragonbreath net.minecraft.util.SoundEvent@7c72ecc
[22:38:58] [Server thread/TRACE] [FML]:   Registry: 511 minecraft:item.bucket.empty net.minecraft.util.SoundEvent@47406941
[22:38:58] [Server thread/TRACE] [FML]:   Registry: 512 minecraft:item.bucket.empty_lava net.minecraft.util.SoundEvent@61ecbee9
[22:38:58] [Server thread/TRACE] [FML]:   Registry: 513 minecraft:item.bucket.fill net.minecraft.util.SoundEvent@1bb740f2
[22:38:58] [Server thread/TRACE] [FML]:   Registry: 514 minecraft:item.bucket.fill_lava net.minecraft.util.SoundEvent@2538bc06
[22:38:58] [Server thread/TRACE] [FML]:   Registry: 515 minecraft:item.chorus_fruit.teleport net.minecraft.util.SoundEvent@61f6d381
[22:38:58] [Server thread/TRACE] [FML]:   Registry: 516 minecraft:item.elytra.flying net.minecraft.util.SoundEvent@656922a0
[22:38:58] [Server thread/TRACE] [FML]:   Registry: 517 minecraft:item.firecharge.use net.minecraft.util.SoundEvent@44784e2f
[22:38:58] [Server thread/TRACE] [FML]:   Registry: 518 minecraft:item.flintandsteel.use net.minecraft.util.SoundEvent@2440022a
[22:38:58] [Server thread/TRACE] [FML]:   Registry: 519 minecraft:item.hoe.till net.minecraft.util.SoundEvent@737db7f8
[22:38:58] [Server thread/TRACE] [FML]:   Registry: 520 minecraft:item.shield.block net.minecraft.util.SoundEvent@5f2de715
[22:38:58] [Server thread/TRACE] [FML]:   Registry: 521 minecraft:item.shield.break net.minecraft.util.SoundEvent@5922d3e9
[22:38:58] [Server thread/TRACE] [FML]:   Registry: 522 minecraft:item.shovel.flatten net.minecraft.util.SoundEvent@7d57dbb5
[22:38:58] [Server thread/TRACE] [FML]:   Registry: 523 minecraft:item.totem.use net.minecraft.util.SoundEvent@630b6190
[22:38:58] [Server thread/TRACE] [FML]:   Registry: 524 minecraft:music.creative net.minecraft.util.SoundEvent@532e27ab
[22:38:58] [Server thread/TRACE] [FML]:   Registry: 525 minecraft:music.credits net.minecraft.util.SoundEvent@1cdc1bbc
[22:38:58] [Server thread/TRACE] [FML]:   Registry: 526 minecraft:music.dragon net.minecraft.util.SoundEvent@5f95f1e1
[22:38:58] [Server thread/TRACE] [FML]:   Registry: 527 minecraft:music.end net.minecraft.util.SoundEvent@672a1c62
[22:38:58] [Server thread/TRACE] [FML]:   Registry: 528 minecraft:music.game net.minecraft.util.SoundEvent@459b6c53
[22:38:58] [Server thread/TRACE] [FML]:   Registry: 529 minecraft:music.menu net.minecraft.util.SoundEvent@39e69ea7
[22:38:58] [Server thread/TRACE] [FML]:   Registry: 530 minecraft:music.nether net.minecraft.util.SoundEvent@490c7a83
[22:38:58] [Server thread/TRACE] [FML]:   Registry: 531 minecraft:record.11 net.minecraft.util.SoundEvent@7e72a6cc
[22:38:58] [Server thread/TRACE] [FML]:   Registry: 532 minecraft:record.13 net.minecraft.util.SoundEvent@6015a4a5
[22:38:58] [Server thread/TRACE] [FML]:   Registry: 533 minecraft:record.blocks net.minecraft.util.SoundEvent@6d0b0da6
[22:38:58] [Server thread/TRACE] [FML]:   Registry: 534 minecraft:record.cat net.minecraft.util.SoundEvent@4779aae6
[22:38:58] [Server thread/TRACE] [FML]:   Registry: 535 minecraft:record.chirp net.minecraft.util.SoundEvent@2cd62003
[22:38:58] [Server thread/TRACE] [FML]:   Registry: 536 minecraft:record.far net.minecraft.util.SoundEvent@61ab89b0
[22:38:58] [Server thread/TRACE] [FML]:   Registry: 537 minecraft:record.mall net.minecraft.util.SoundEvent@5478ce1e
[22:38:58] [Server thread/TRACE] [FML]:   Registry: 538 minecraft:record.mellohi net.minecraft.util.SoundEvent@5edc70ed
[22:38:58] [Server thread/TRACE] [FML]:   Registry: 539 minecraft:record.stal net.minecraft.util.SoundEvent@4317850d
[22:38:58] [Server thread/TRACE] [FML]:   Registry: 540 minecraft:record.strad net.minecraft.util.SoundEvent@7e4c72d6
[22:38:58] [Server thread/TRACE] [FML]:   Registry: 541 minecraft:record.wait net.minecraft.util.SoundEvent@6cd64b3f
[22:38:58] [Server thread/TRACE] [FML]:   Registry: 542 minecraft:record.ward net.minecraft.util.SoundEvent@51b01550
[22:38:58] [Server thread/TRACE] [FML]:   Registry: 543 minecraft:ui.button.click net.minecraft.util.SoundEvent@2ef0dd86
[22:38:58] [Server thread/TRACE] [FML]:   Registry: 544 minecraft:ui.toast.in net.minecraft.util.SoundEvent@3337d04c
[22:38:58] [Server thread/TRACE] [FML]:   Registry: 545 minecraft:ui.toast.out net.minecraft.util.SoundEvent@6de6faa6
[22:38:58] [Server thread/TRACE] [FML]:   Registry: 546 minecraft:ui.toast.challenge_complete net.minecraft.util.SoundEvent@3cad68df
[22:38:58] [Server thread/TRACE] [FML]:   Registry: 547 minecraft:weather.rain net.minecraft.util.SoundEvent@14998e21
[22:38:58] [Server thread/TRACE] [FML]:   Registry: 548 minecraft:weather.rain.above net.minecraft.util.SoundEvent@1921994e
[22:38:58] [Server thread/TRACE] [FML]: Registry Name : minecraft:potiontypes
[22:38:58] [Server thread/TRACE] [FML]:   Registry: 0 minecraft:empty net.minecraft.potion.PotionType@11015ca0
[22:38:58] [Server thread/TRACE] [FML]:   Registry: 1 minecraft:water net.minecraft.potion.PotionType@6ebbc06
[22:38:58] [Server thread/TRACE] [FML]:   Registry: 2 minecraft:mundane net.minecraft.potion.PotionType@50672905
[22:38:58] [Server thread/TRACE] [FML]:   Registry: 3 minecraft:thick net.minecraft.potion.PotionType@430d3021
[22:38:58] [Server thread/TRACE] [FML]:   Registry: 4 minecraft:awkward net.minecraft.potion.PotionType@58f290bc
[22:38:58] [Server thread/TRACE] [FML]:   Registry: 5 minecraft:night_vision net.minecraft.potion.PotionType@3220c28
[22:38:58] [Server thread/TRACE] [FML]:   Registry: 6 minecraft:long_night_vision net.minecraft.potion.PotionType@6ae42248
[22:38:58] [Server thread/TRACE] [FML]:   Registry: 7 minecraft:invisibility net.minecraft.potion.PotionType@40c28b0d
[22:38:58] [Server thread/TRACE] [FML]:   Registry: 8 minecraft:long_invisibility net.minecraft.potion.PotionType@cf984d9
[22:38:58] [Server thread/TRACE] [FML]:   Registry: 9 minecraft:leaping net.minecraft.potion.PotionType@1fa98a22
[22:38:58] [Server thread/TRACE] [FML]:   Registry: 10 minecraft:long_leaping net.minecraft.potion.PotionType@54941dfd
[22:38:58] [Server thread/TRACE] [FML]:   Registry: 11 minecraft:strong_leaping net.minecraft.potion.PotionType@5a7e81
[22:38:58] [Server thread/TRACE] [FML]:   Registry: 12 minecraft:fire_resistance net.minecraft.potion.PotionType@4045fd1f
[22:38:58] [Server thread/TRACE] [FML]:   Registry: 13 minecraft:long_fire_resistance net.minecraft.potion.PotionType@13ee97af
[22:38:58] [Server thread/TRACE] [FML]:   Registry: 14 minecraft:swiftness net.minecraft.potion.PotionType@67e11bda
[22:38:58] [Server thread/TRACE] [FML]:   Registry: 15 minecraft:long_swiftness net.minecraft.potion.PotionType@341ccfd1
[22:38:58] [Server thread/TRACE] [FML]:   Registry: 16 minecraft:strong_swiftness net.minecraft.potion.PotionType@5bde6148
[22:38:58] [Server thread/TRACE] [FML]:   Registry: 17 minecraft:slowness net.minecraft.potion.PotionType@3cead673
[22:38:58] [Server thread/TRACE] [FML]:   Registry: 18 minecraft:long_slowness net.minecraft.potion.PotionType@53ba25ff
[22:38:58] [Server thread/TRACE] [FML]:   Registry: 19 minecraft:water_breathing net.minecraft.potion.PotionType@10a0a1e
[22:38:58] [Server thread/TRACE] [FML]:   Registry: 20 minecraft:long_water_breathing net.minecraft.potion.PotionType@2976ef56
[22:38:58] [Server thread/TRACE] [FML]:   Registry: 21 minecraft:healing net.minecraft.potion.PotionType@4345fd45
[22:38:58] [Server thread/TRACE] [FML]:   Registry: 22 minecraft:strong_healing net.minecraft.potion.PotionType@4152bd0f
[22:38:58] [Server thread/TRACE] [FML]:   Registry: 23 minecraft:harming net.minecraft.potion.PotionType@10d905c1
[22:38:58] [Server thread/TRACE] [FML]:   Registry: 24 minecraft:strong_harming net.minecraft.potion.PotionType@e4b54d3
[22:38:58] [Server thread/TRACE] [FML]:   Registry: 25 minecraft:poison net.minecraft.potion.PotionType@62883f8a
[22:38:58] [Server thread/TRACE] [FML]:   Registry: 26 minecraft:long_poison net.minecraft.potion.PotionType@36665c11
[22:38:58] [Server thread/TRACE] [FML]:   Registry: 27 minecraft:strong_poison net.minecraft.potion.PotionType@6e49b011
[22:38:58] [Server thread/TRACE] [FML]:   Registry: 28 minecraft:regeneration net.minecraft.potion.PotionType@3a709cc7
[22:38:58] [Server thread/TRACE] [FML]:   Registry: 29 minecraft:long_regeneration net.minecraft.potion.PotionType@19a7906c
[22:38:58] [Server thread/TRACE] [FML]:   Registry: 30 minecraft:strong_regeneration net.minecraft.potion.PotionType@1da5c19d
[22:38:58] [Server thread/TRACE] [FML]:   Registry: 31 minecraft:strength net.minecraft.potion.PotionType@3e4f2300
[22:38:58] [Server thread/TRACE] [FML]:   Registry: 32 minecraft:long_strength net.minecraft.potion.PotionType@e706aa
[22:38:58] [Server thread/TRACE] [FML]:   Registry: 33 minecraft:strong_strength net.minecraft.potion.PotionType@25e6c22a
[22:38:58] [Server thread/TRACE] [FML]:   Registry: 34 minecraft:weakness net.minecraft.potion.PotionType@16fc5622
[22:38:58] [Server thread/TRACE] [FML]:   Registry: 35 minecraft:long_weakness net.minecraft.potion.PotionType@516c20de
[22:38:58] [Server thread/TRACE] [FML]:   Registry: 36 minecraft:luck net.minecraft.potion.PotionType@6906be0f
[22:38:58] [Server thread/TRACE] [FML]: Registry Name : minecraft:enchantments
[22:38:58] [Server thread/TRACE] [FML]:   Registry: 0 minecraft:protection net.minecraft.enchantment.EnchantmentProtection@65af05b2
[22:38:58] [Server thread/TRACE] [FML]:   Registry: 1 minecraft:fire_protection net.minecraft.enchantment.EnchantmentProtection@11ad095c
[22:38:58] [Server thread/TRACE] [FML]:   Registry: 2 minecraft:feather_falling net.minecraft.enchantment.EnchantmentProtection@2c2a903f
[22:38:58] [Server thread/TRACE] [FML]:   Registry: 3 minecraft:blast_protection net.minecraft.enchantment.EnchantmentProtection@7d537616
[22:38:58] [Server thread/TRACE] [FML]:   Registry: 4 minecraft:projectile_protection net.minecraft.enchantment.EnchantmentProtection@604c7e9b
[22:38:58] [Server thread/TRACE] [FML]:   Registry: 5 minecraft:respiration net.minecraft.enchantment.EnchantmentOxygen@e06ec83
[22:38:58] [Server thread/TRACE] [FML]:   Registry: 6 minecraft:aqua_affinity net.minecraft.enchantment.EnchantmentWaterWorker@29f3185c
[22:38:58] [Server thread/TRACE] [FML]:   Registry: 7 minecraft:thorns net.minecraft.enchantment.EnchantmentThorns@a0d875d
[22:38:58] [Server thread/TRACE] [FML]:   Registry: 8 minecraft:depth_strider net.minecraft.enchantment.EnchantmentWaterWalker@28ce75ec
[22:38:58] [Server thread/TRACE] [FML]:   Registry: 9 minecraft:frost_walker net.minecraft.enchantment.EnchantmentFrostWalker@3ff8a3ad
[22:38:58] [Server thread/TRACE] [FML]:   Registry: 10 minecraft:binding_curse net.minecraft.enchantment.EnchantmentBindingCurse@ff21443
[22:38:58] [Server thread/TRACE] [FML]:   Registry: 16 minecraft:sharpness net.minecraft.enchantment.EnchantmentDamage@16ccd2bc
[22:38:58] [Server thread/TRACE] [FML]:   Registry: 17 minecraft:smite net.minecraft.enchantment.EnchantmentDamage@12f8682a
[22:38:58] [Server thread/TRACE] [FML]:   Registry: 18 minecraft:bane_of_arthropods net.minecraft.enchantment.EnchantmentDamage@6f7a20da
[22:38:58] [Server thread/TRACE] [FML]:   Registry: 19 minecraft:knockback net.minecraft.enchantment.EnchantmentKnockback@9e50283
[22:38:58] [Server thread/TRACE] [FML]:   Registry: 20 minecraft:fire_aspect net.minecraft.enchantment.EnchantmentFireAspect@4cd7e993
[22:38:58] [Server thread/TRACE] [FML]:   Registry: 21 minecraft:looting net.minecraft.enchantment.EnchantmentLootBonus@2673487b
[22:38:58] [Server thread/TRACE] [FML]:   Registry: 22 minecraft:sweeping net.minecraft.enchantment.EnchantmentSweepingEdge@350f18a6
[22:38:58] [Server thread/TRACE] [FML]:   Registry: 32 minecraft:efficiency net.minecraft.enchantment.EnchantmentDigging@74bdfa0b
[22:38:58] [Server thread/TRACE] [FML]:   Registry: 33 minecraft:silk_touch net.minecraft.enchantment.EnchantmentUntouching@44492c06
[22:38:58] [Server thread/TRACE] [FML]:   Registry: 34 minecraft:unbreaking net.minecraft.enchantment.EnchantmentDurability@18db3b3c
[22:38:58] [Server thread/TRACE] [FML]:   Registry: 35 minecraft:fortune net.minecraft.enchantment.EnchantmentLootBonus@318e3942
[22:38:58] [Server thread/TRACE] [FML]:   Registry: 48 minecraft:power net.minecraft.enchantment.EnchantmentArrowDamage@2f99d8c
[22:38:58] [Server thread/TRACE] [FML]:   Registry: 49 minecraft:punch net.minecraft.enchantment.EnchantmentArrowKnockback@1224e1b6
[22:38:58] [Server thread/TRACE] [FML]:   Registry: 50 minecraft:flame net.minecraft.enchantment.EnchantmentArrowFire@3e4afd10
[22:38:58] [Server thread/TRACE] [FML]:   Registry: 51 minecraft:infinity net.minecraft.enchantment.EnchantmentArrowInfinite@48277712
[22:38:58] [Server thread/TRACE] [FML]:   Registry: 61 minecraft:luck_of_the_sea net.minecraft.enchantment.EnchantmentLootBonus@3d53e876
[22:38:58] [Server thread/TRACE] [FML]:   Registry: 62 minecraft:lure net.minecraft.enchantment.EnchantmentFishingSpeed@311a0b3e
[22:38:58] [Server thread/TRACE] [FML]:   Registry: 70 minecraft:mending net.minecraft.enchantment.EnchantmentMending@16a09809
[22:38:58] [Server thread/TRACE] [FML]:   Registry: 71 minecraft:vanishing_curse net.minecraft.enchantment.EnchantmentVanishingCurse@5f7cd50e
[22:38:58] [Server thread/TRACE] [FML]: Registry Name : minecraft:recipes
[22:38:58] [Server thread/TRACE] [FML]:   Registry: 0 minecraft:armordye net.minecraft.item.crafting.RecipesArmorDyes@6fefc5ea
[22:38:58] [Server thread/TRACE] [FML]:   Registry: 1 minecraft:bookcloning net.minecraft.item.crafting.RecipeBookCloning@86bf90b
[22:38:58] [Server thread/TRACE] [FML]:   Registry: 2 minecraft:mapcloning net.minecraft.item.crafting.RecipesMapCloning@519b0f00
[22:38:58] [Server thread/TRACE] [FML]:   Registry: 3 minecraft:mapextending net.minecraft.item.crafting.RecipesMapExtending@46fa2a7e
[22:38:58] [Server thread/TRACE] [FML]:   Registry: 4 minecraft:fireworks net.minecraft.item.crafting.RecipeFireworks@441aa7ae
[22:38:58] [Server thread/TRACE] [FML]:   Registry: 5 minecraft:repairitem net.minecraft.item.crafting.RecipeRepairItem@50d666a2
[22:38:58] [Server thread/TRACE] [FML]:   Registry: 6 minecraft:tippedarrow net.minecraft.item.crafting.RecipeTippedArrow@d229912
[22:38:58] [Server thread/TRACE] [FML]:   Registry: 7 minecraft:bannerduplicate net.minecraft.item.crafting.RecipesBanners$RecipeDuplicatePattern@493968a9
[22:38:58] [Server thread/TRACE] [FML]:   Registry: 8 minecraft:banneraddpattern net.minecraft.item.crafting.RecipesBanners$RecipeAddPattern@104bc677
[22:38:58] [Server thread/TRACE] [FML]:   Registry: 9 minecraft:shielddecoration net.minecraft.item.crafting.ShieldRecipes$Decoration@538905d2
[22:38:58] [Server thread/TRACE] [FML]:   Registry: 10 minecraft:shulkerboxcoloring net.minecraft.item.crafting.ShulkerBoxRecipes$ShulkerBoxColoring@7ec5aad
[22:38:58] [Server thread/TRACE] [FML]:   Registry: 11 minecraft:yellow_wool net.minecraft.item.crafting.ShapelessRecipes@229749f0
[22:38:58] [Server thread/TRACE] [FML]:   Registry: 12 minecraft:yellow_stained_hardened_clay net.minecraft.item.crafting.ShapedRecipes@24010875
[22:38:58] [Server thread/TRACE] [FML]:   Registry: 13 minecraft:yellow_stained_glass_pane net.minecraft.item.crafting.ShapedRecipes@4e030feb
[22:38:58] [Server thread/TRACE] [FML]:   Registry: 14 minecraft:yellow_stained_glass net.minecraft.item.crafting.ShapedRecipes@669580e2
[22:38:58] [Server thread/TRACE] [FML]:   Registry: 15 minecraft:yellow_dye_from_sunflower net.minecraft.item.crafting.ShapelessRecipes@1013871e
[22:38:58] [Server thread/TRACE] [FML]:   Registry: 16 minecraft:yellow_dye_from_dandelion net.minecraft.item.crafting.ShapelessRecipes@7c0ff7a0
[22:38:58] [Server thread/TRACE] [FML]:   Registry: 17 minecraft:yellow_concrete_powder net.minecraft.item.crafting.ShapelessRecipes@5831989d
[22:38:58] [Server thread/TRACE] [FML]:   Registry: 18 minecraft:yellow_carpet net.minecraft.item.crafting.ShapedRecipes@5f8df69
[22:38:58] [Server thread/TRACE] [FML]:   Registry: 19 minecraft:yellow_bed_from_white_bed net.minecraft.item.crafting.ShapelessRecipes@3b42b729
[22:38:58] [Server thread/TRACE] [FML]:   Registry: 20 minecraft:yellow_bed net.minecraft.item.crafting.ShapedRecipes@5ba63110
[22:38:58] [Server thread/TRACE] [FML]:   Registry: 21 minecraft:yellow_banner net.minecraft.item.crafting.ShapedRecipes@5897aae1
[22:38:58] [Server thread/TRACE] [FML]:   Registry: 22 minecraft:writable_book net.minecraft.item.crafting.ShapelessRecipes@17a77a7e
[22:38:58] [Server thread/TRACE] [FML]:   Registry: 23 minecraft:wooden_sword net.minecraft.item.crafting.ShapedRecipes@2f262474
[22:38:58] [Server thread/TRACE] [FML]:   Registry: 24 minecraft:wooden_shovel net.minecraft.item.crafting.ShapedRecipes@6aadb092
[22:38:58] [Server thread/TRACE] [FML]:   Registry: 25 minecraft:wooden_pressure_plate net.minecraft.item.crafting.ShapedRecipes@5abb7a8f
[22:38:58] [Server thread/TRACE] [FML]:   Registry: 26 minecraft:wooden_pickaxe net.minecraft.item.crafting.ShapedRecipes@656c5818
[22:38:58] [Server thread/TRACE] [FML]:   Registry: 27 minecraft:wooden_hoe net.minecraft.item.crafting.ShapedRecipes@5ea9373e
[22:38:58] [Server thread/TRACE] [FML]:   Registry: 28 minecraft:wooden_door net.minecraft.item.crafting.ShapedRecipes@774304ca
[22:38:58] [Server thread/TRACE] [FML]:   Registry: 29 minecraft:wooden_button net.minecraft.item.crafting.ShapedRecipes@65a80fdb
[22:38:58] [Server thread/TRACE] [FML]:   Registry: 30 minecraft:wooden_axe net.minecraft.item.crafting.ShapedRecipes@7294a684
[22:38:58] [Server thread/TRACE] [FML]:   Registry: 31 minecraft:white_stained_hardened_clay net.minecraft.item.crafting.ShapedRecipes@7bc8ffbc
[22:38:58] [Server thread/TRACE] [FML]:   Registry: 32 minecraft:white_stained_glass_pane net.minecraft.item.crafting.ShapedRecipes@40b70f31
[22:38:58] [Server thread/TRACE] [FML]:   Registry: 33 minecraft:white_stained_glass net.minecraft.item.crafting.ShapedRecipes@559c4e06
[22:38:58] [Server thread/TRACE] [FML]:   Registry: 34 minecraft:white_concrete_powder net.minecraft.item.crafting.ShapelessRecipes@784212
[22:38:58] [Server thread/TRACE] [FML]:   Registry: 35 minecraft:white_carpet net.minecraft.item.crafting.ShapedRecipes@1edac3b4
[22:38:58] [Server thread/TRACE] [FML]:   Registry: 36 minecraft:white_bed net.minecraft.item.crafting.ShapedRecipes@2059f785
[22:38:58] [Server thread/TRACE] [FML]:   Registry: 37 minecraft:white_banner net.minecraft.item.crafting.ShapedRecipes@e5864c2
[22:38:58] [Server thread/TRACE] [FML]:   Registry: 38 minecraft:wheat net.minecraft.item.crafting.ShapedRecipes@24842b8e
[22:38:58] [Server thread/TRACE] [FML]:   Registry: 39 minecraft:tripwire_hook net.minecraft.item.crafting.ShapedRecipes@2361365c
[22:38:58] [Server thread/TRACE] [FML]:   Registry: 40 minecraft:trapped_chest net.minecraft.item.crafting.ShapelessRecipes@3636f2a7
[22:38:58] [Server thread/TRACE] [FML]:   Registry: 41 minecraft:trapdoor net.minecraft.item.crafting.ShapedRecipes@57f725b8
[22:38:58] [Server thread/TRACE] [FML]:   Registry: 42 minecraft:torch net.minecraft.item.crafting.ShapedRecipes@12bcf7c6
[22:38:58] [Server thread/TRACE] [FML]:   Registry: 43 minecraft:tnt_minecart net.minecraft.item.crafting.ShapedRecipes@b2d8dcd
[22:38:58] [Server thread/TRACE] [FML]:   Registry: 44 minecraft:tnt net.minecraft.item.crafting.ShapedRecipes@6b899971
[22:38:58] [Server thread/TRACE] [FML]:   Registry: 45 minecraft:sugar net.minecraft.item.crafting.ShapedRecipes@205f52ea
[22:38:58] [Server thread/TRACE] [FML]:   Registry: 46 minecraft:string_to_wool net.minecraft.item.crafting.ShapedRecipes@24b8a393
[22:38:58] [Server thread/TRACE] [FML]:   Registry: 47 minecraft:stonebrick net.minecraft.item.crafting.ShapedRecipes@20be793a
[22:38:58] [Server thread/TRACE] [FML]:   Registry: 48 minecraft:stone_sword net.minecraft.item.crafting.ShapedRecipes@b842275
[22:38:58] [Server thread/TRACE] [FML]:   Registry: 49 minecraft:stone_stairs net.minecraft.item.crafting.ShapedRecipes@6cb662e8
[22:38:58] [Server thread/TRACE] [FML]:   Registry: 50 minecraft:stone_slab net.minecraft.item.crafting.ShapedRecipes@52a75c12
[22:38:58] [Server thread/TRACE] [FML]:   Registry: 51 minecraft:stone_shovel net.minecraft.item.crafting.ShapedRecipes@3b8d2abe
[22:38:58] [Server thread/TRACE] [FML]:   Registry: 52 minecraft:stone_pressure_plate net.minecraft.item.crafting.ShapedRecipes@400008bf
[22:38:58] [Server thread/TRACE] [FML]:   Registry: 53 minecraft:stone_pickaxe net.minecraft.item.crafting.ShapedRecipes@1b732dd
[22:38:58] [Server thread/TRACE] [FML]:   Registry: 54 minecraft:stone_hoe net.minecraft.item.crafting.ShapedRecipes@13c18bba
[22:38:58] [Server thread/TRACE] [FML]:   Registry: 55 minecraft:stone_button net.minecraft.item.crafting.ShapedRecipes@5bdb9c69
[22:38:58] [Server thread/TRACE] [FML]:   Registry: 56 minecraft:stone_brick_stairs net.minecraft.item.crafting.ShapedRecipes@369fb99a
[22:38:58] [Server thread/TRACE] [FML]:   Registry: 57 minecraft:stone_brick_slab net.minecraft.item.crafting.ShapedRecipes@751bb780
[22:38:58] [Server thread/TRACE] [FML]:   Registry: 58 minecraft:stone_axe net.minecraft.item.crafting.ShapedRecipes@de0c402
[22:38:58] [Server thread/TRACE] [FML]:   Registry: 59 minecraft:sticky_piston net.minecraft.item.crafting.ShapedRecipes@71d0b8a4
[22:38:58] [Server thread/TRACE] [FML]:   Registry: 60 minecraft:stick net.minecraft.item.crafting.ShapedRecipes@4acc27fd
[22:38:58] [Server thread/TRACE] [FML]:   Registry: 61 minecraft:spruce_wooden_slab net.minecraft.item.crafting.ShapedRecipes@19f1be04
[22:38:58] [Server thread/TRACE] [FML]:   Registry: 62 minecraft:spruce_stairs net.minecraft.item.crafting.ShapedRecipes@2cacd55e
[22:38:58] [Server thread/TRACE] [FML]:   Registry: 63 minecraft:spruce_planks net.minecraft.item.crafting.ShapedRecipes@3f3a6091
[22:38:58] [Server thread/TRACE] [FML]:   Registry: 64 minecraft:spruce_fence_gate net.minecraft.item.crafting.ShapedRecipes@5a57cf90
[22:38:58] [Server thread/TRACE] [FML]:   Registry: 65 minecraft:spruce_fence net.minecraft.item.crafting.ShapedRecipes@2a16d393
[22:38:58] [Server thread/TRACE] [FML]:   Registry: 66 minecraft:spruce_door net.minecraft.item.crafting.ShapedRecipes@1786150f
[22:38:58] [Server thread/TRACE] [FML]:   Registry: 67 minecraft:spruce_boat net.minecraft.item.crafting.ShapedRecipes@14499b52
[22:38:58] [Server thread/TRACE] [FML]:   Registry: 68 minecraft:spectral_arrow net.minecraft.item.crafting.ShapedRecipes@53d808ea
[22:38:58] [Server thread/TRACE] [FML]:   Registry: 69 minecraft:speckled_melon net.minecraft.item.crafting.ShapedRecipes@2586e878
[22:38:58] [Server thread/TRACE] [FML]:   Registry: 70 minecraft:snow_layer net.minecraft.item.crafting.ShapedRecipes@1c2fb9e8
[22:38:58] [Server thread/TRACE] [FML]:   Registry: 71 minecraft:snow net.minecraft.item.crafting.ShapedRecipes@35d0749
[22:38:58] [Server thread/TRACE] [FML]:   Registry: 72 minecraft:smooth_sandstone net.minecraft.item.crafting.ShapedRecipes@3c62f69a
[22:38:58] [Server thread/TRACE] [FML]:   Registry: 73 minecraft:smooth_red_sandstone net.minecraft.item.crafting.ShapedRecipes@54ae1240
[22:38:58] [Server thread/TRACE] [FML]:   Registry: 74 minecraft:slime_ball net.minecraft.item.crafting.ShapedRecipes@7d49a1a0
[22:38:58] [Server thread/TRACE] [FML]:   Registry: 75 minecraft:slime net.minecraft.item.crafting.ShapedRecipes@3514237f
[22:38:58] [Server thread/TRACE] [FML]:   Registry: 76 minecraft:sign net.minecraft.item.crafting.ShapedRecipes@27210a3b
[22:38:58] [Server thread/TRACE] [FML]:   Registry: 77 minecraft:shield net.minecraft.item.crafting.ShapedRecipes@720ffab4
[22:38:58] [Server thread/TRACE] [FML]:   Registry: 78 minecraft:shears net.minecraft.item.crafting.ShapedRecipes@71df5f30
[22:38:58] [Server thread/TRACE] [FML]:   Registry: 79 minecraft:sea_lantern net.minecraft.item.crafting.ShapedRecipes@3428420d
[22:38:58] [Server thread/TRACE] [FML]:   Registry: 80 minecraft:sandstone_stairs net.minecraft.item.crafting.ShapedRecipes@40aad17d
[22:38:58] [Server thread/TRACE] [FML]:   Registry: 81 minecraft:sandstone_slab net.minecraft.item.crafting.ShapedRecipes@5d2e65bd
[22:38:58] [Server thread/TRACE] [FML]:   Registry: 82 minecraft:sandstone net.minecraft.item.crafting.ShapedRecipes@5ad50b02
[22:38:58] [Server thread/TRACE] [FML]:   Registry: 83 minecraft:repeater net.minecraft.item.crafting.ShapedRecipes@7aa63f50
[22:38:58] [Server thread/TRACE] [FML]:   Registry: 84 minecraft:redstone_torch net.minecraft.item.crafting.ShapedRecipes@321b7b9e
[22:38:58] [Server thread/TRACE] [FML]:   Registry: 85 minecraft:redstone_lamp net.minecraft.item.crafting.ShapedRecipes@6bc62bb9
[22:38:58] [Server thread/TRACE] [FML]:   Registry: 86 minecraft:redstone_block net.minecraft.item.crafting.ShapedRecipes@6315bb4
[22:38:58] [Server thread/TRACE] [FML]:   Registry: 87 minecraft:redstone net.minecraft.item.crafting.ShapedRecipes@66716959
[22:38:58] [Server thread/TRACE] [FML]:   Registry: 88 minecraft:red_wool net.minecraft.item.crafting.ShapelessRecipes@4738131e
[22:38:58] [Server thread/TRACE] [FML]:   Registry: 89 minecraft:red_stained_hardened_clay net.minecraft.item.crafting.ShapedRecipes@6595ffce
[22:38:58] [Server thread/TRACE] [FML]:   Registry: 90 minecraft:red_stained_glass_pane net.minecraft.item.crafting.ShapedRecipes@e18d2a2
[22:38:58] [Server thread/TRACE] [FML]:   Registry: 91 minecraft:red_stained_glass net.minecraft.item.crafting.ShapedRecipes@2db3675a
[22:38:58] [Server thread/TRACE] [FML]:   Registry: 92 minecraft:red_sandstone_stairs net.minecraft.item.crafting.ShapedRecipes@64508788
[22:38:58] [Server thread/TRACE] [FML]:   Registry: 93 minecraft:red_sandstone_slab net.minecraft.item.crafting.ShapedRecipes@71f8ce0e
[22:38:58] [Server thread/TRACE] [FML]:   Registry: 94 minecraft:red_sandstone net.minecraft.item.crafting.ShapedRecipes@1fcc3461
[22:38:58] [Server thread/TRACE] [FML]:   Registry: 95 minecraft:red_nether_brick net.minecraft.item.crafting.ShapedRecipes@1a8b22b5
[22:38:58] [Server thread/TRACE] [FML]:   Registry: 96 minecraft:red_dye_from_tulip net.minecraft.item.crafting.ShapelessRecipes@681b42d3
[22:38:58] [Server thread/TRACE] [FML]:   Registry: 97 minecraft:red_dye_from_rose_bush net.minecraft.item.crafting.ShapelessRecipes@65a2755e
[22:38:58] [Server thread/TRACE] [FML]:   Registry: 98 minecraft:red_dye_from_poppy net.minecraft.item.crafting.ShapelessRecipes@5d8e4fa8
[22:38:58] [Server thread/TRACE] [FML]:   Registry: 99 minecraft:red_dye_from_beetroot net.minecraft.item.crafting.ShapelessRecipes@6796a873
[22:38:58] [Server thread/TRACE] [FML]:   Registry: 100 minecraft:red_concrete_powder net.minecraft.item.crafting.ShapelessRecipes@26f204a4
[22:38:58] [Server thread/TRACE] [FML]:   Registry: 101 minecraft:red_carpet net.minecraft.item.crafting.ShapedRecipes@74a1d60e
[22:38:58] [Server thread/TRACE] [FML]:   Registry: 102 minecraft:red_bed_from_white_bed net.minecraft.item.crafting.ShapelessRecipes@b3a8455
[22:38:58] [Server thread/TRACE] [FML]:   Registry: 103 minecraft:red_bed net.minecraft.item.crafting.ShapedRecipes@60ee7a51
[22:38:58] [Server thread/TRACE] [FML]:   Registry: 104 minecraft:red_banner net.minecraft.item.crafting.ShapedRecipes@787a0fd6
[22:38:58] [Server thread/TRACE] [FML]:   Registry: 105 minecraft:rail net.minecraft.item.crafting.ShapedRecipes@41492479
[22:38:58] [Server thread/TRACE] [FML]:   Registry: 106 minecraft:rabbit_stew_from_red_mushroom net.minecraft.item.crafting.ShapedRecipes@3aeb267
[22:38:58] [Server thread/TRACE] [FML]:   Registry: 107 minecraft:rabbit_stew_from_brown_mushroom net.minecraft.item.crafting.ShapedRecipes@47ae6c18
[22:38:58] [Server thread/TRACE] [FML]:   Registry: 108 minecraft:quartz_stairs net.minecraft.item.crafting.ShapedRecipes@61d6c8c4
[22:38:58] [Server thread/TRACE] [FML]:   Registry: 109 minecraft:quartz_slab net.minecraft.item.crafting.ShapedRecipes@2d8087da
[22:38:58] [Server thread/TRACE] [FML]:   Registry: 110 minecraft:quartz_block net.minecraft.item.crafting.ShapedRecipes@3cacc87
[22:38:58] [Server thread/TRACE] [FML]:   Registry: 111 minecraft:purpur_stairs net.minecraft.item.crafting.ShapedRecipes@15bb8ed5
[22:38:58] [Server thread/TRACE] [FML]:   Registry: 112 minecraft:purpur_slab net.minecraft.item.crafting.ShapedRecipes@7178d811
[22:38:58] [Server thread/TRACE] [FML]:   Registry: 113 minecraft:purpur_pillar net.minecraft.item.crafting.ShapedRecipes@430106cf
[22:38:58] [Server thread/TRACE] [FML]:   Registry: 114 minecraft:purpur_block net.minecraft.item.crafting.ShapedRecipes@625db0e0
[22:38:58] [Server thread/TRACE] [FML]:   Registry: 115 minecraft:purple_wool net.minecraft.item.crafting.ShapelessRecipes@aa633e6
[22:38:58] [Server thread/TRACE] [FML]:   Registry: 116 minecraft:purple_stained_hardened_clay net.minecraft.item.crafting.ShapedRecipes@25e796fe
[22:38:58] [Server thread/TRACE] [FML]:   Registry: 117 minecraft:purple_stained_glass_pane net.minecraft.item.crafting.ShapedRecipes@516b84d1
[22:38:58] [Server thread/TRACE] [FML]:   Registry: 118 minecraft:purple_stained_glass net.minecraft.item.crafting.ShapedRecipes@2524d07a
[22:38:58] [Server thread/TRACE] [FML]:   Registry: 119 minecraft:purple_shulker_box net.minecraft.item.crafting.ShapedRecipes@7d6019d5
[22:38:58] [Server thread/TRACE] [FML]:   Registry: 120 minecraft:purple_dye net.minecraft.item.crafting.ShapelessRecipes@5badeda0
[22:38:58] [Server thread/TRACE] [FML]:   Registry: 121 minecraft:purple_concrete_powder net.minecraft.item.crafting.ShapelessRecipes@665ed71a
[22:38:58] [Server thread/TRACE] [FML]:   Registry: 122 minecraft:purple_carpet net.minecraft.item.crafting.ShapedRecipes@7a587e84
[22:38:58] [Server thread/TRACE] [FML]:   Registry: 123 minecraft:purple_bed_from_white_bed net.minecraft.item.crafting.ShapelessRecipes@73316a0a
[22:38:58] [Server thread/TRACE] [FML]:   Registry: 124 minecraft:purple_bed net.minecraft.item.crafting.ShapedRecipes@53df7e67
[22:38:58] [Server thread/TRACE] [FML]:   Registry: 125 minecraft:purple_banner net.minecraft.item.crafting.ShapedRecipes@3f87780b
[22:38:58] [Server thread/TRACE] [FML]:   Registry: 126 minecraft:pumpkin_seeds net.minecraft.item.crafting.ShapedRecipes@240f2efd
[22:38:58] [Server thread/TRACE] [FML]:   Registry: 127 minecraft:pumpkin_pie net.minecraft.item.crafting.ShapelessRecipes@10fc1a22
[22:38:58] [Server thread/TRACE] [FML]:   Registry: 128 minecraft:prismarine_bricks net.minecraft.item.crafting.ShapedRecipes@7eebb316
[22:38:58] [Server thread/TRACE] [FML]:   Registry: 129 minecraft:prismarine net.minecraft.item.crafting.ShapedRecipes@33a3e5db
[22:38:58] [Server thread/TRACE] [FML]:   Registry: 130 minecraft:polished_granite net.minecraft.item.crafting.ShapedRecipes@47ffa248
[22:38:58] [Server thread/TRACE] [FML]:   Registry: 131 minecraft:polished_diorite net.minecraft.item.crafting.ShapedRecipes@248d2cec
[22:38:58] [Server thread/TRACE] [FML]:   Registry: 132 minecraft:polished_andesite net.minecraft.item.crafting.ShapedRecipes@57167ccb
[22:38:58] [Server thread/TRACE] [FML]:   Registry: 133 minecraft:piston net.minecraft.item.crafting.ShapedRecipes@78d61f17
[22:38:58] [Server thread/TRACE] [FML]:   Registry: 134 minecraft:pink_wool net.minecraft.item.crafting.ShapelessRecipes@47d4e28a
[22:38:58] [Server thread/TRACE] [FML]:   Registry: 135 minecraft:pink_stained_hardened_clay net.minecraft.item.crafting.ShapedRecipes@1f12d5e0
[22:38:58] [Server thread/TRACE] [FML]:   Registry: 136 minecraft:pink_stained_glass_pane net.minecraft.item.crafting.ShapedRecipes@c89e263
[22:38:58] [Server thread/TRACE] [FML]:   Registry: 137 minecraft:pink_stained_glass net.minecraft.item.crafting.ShapedRecipes@4fef5792
[22:38:58] [Server thread/TRACE] [FML]:   Registry: 138 minecraft:pink_dye_from_red_bonemeal net.minecraft.item.crafting.ShapelessRecipes@552ffa44
[22:38:58] [Server thread/TRACE] [FML]:   Registry: 139 minecraft:pink_dye_from_pink_tulip net.minecraft.item.crafting.ShapelessRecipes@45abbd24
[22:38:58] [Server thread/TRACE] [FML]:   Registry: 140 minecraft:pink_dye_from_peony net.minecraft.item.crafting.ShapelessRecipes@434ee422
[22:38:58] [Server thread/TRACE] [FML]:   Registry: 141 minecraft:pink_concrete_powder net.minecraft.item.crafting.ShapelessRecipes@77cf329d
[22:38:58] [Server thread/TRACE] [FML]:   Registry: 142 minecraft:pink_carpet net.minecraft.item.crafting.ShapedRecipes@47d81427
[22:38:58] [Server thread/TRACE] [FML]:   Registry: 143 minecraft:pink_bed_from_white_bed net.minecraft.item.crafting.ShapelessRecipes@4cded2cd
[22:38:58] [Server thread/TRACE] [FML]:   Registry: 144 minecraft:pink_bed net.minecraft.item.crafting.ShapedRecipes@6f921e32
[22:38:58] [Server thread/TRACE] [FML]:   Registry: 145 minecraft:pink_banner net.minecraft.item.crafting.ShapedRecipes@7b2dd35d
[22:38:58] [Server thread/TRACE] [FML]:   Registry: 146 minecraft:pillar_quartz_block net.minecraft.item.crafting.ShapedRecipes@4d8522ff
[22:38:58] [Server thread/TRACE] [FML]:   Registry: 147 minecraft:paper net.minecraft.item.crafting.ShapedRecipes@391b01c5
[22:38:58] [Server thread/TRACE] [FML]:   Registry: 148 minecraft:painting net.minecraft.item.crafting.ShapedRecipes@36120a8b
[22:38:58] [Server thread/TRACE] [FML]:   Registry: 149 minecraft:orange_wool net.minecraft.item.crafting.ShapelessRecipes@5521407f
[22:38:58] [Server thread/TRACE] [FML]:   Registry: 150 minecraft:orange_stained_hardened_clay net.minecraft.item.crafting.ShapedRecipes@5151accb
[22:38:58] [Server thread/TRACE] [FML]:   Registry: 151 minecraft:orange_stained_glass_pane net.minecraft.item.crafting.ShapedRecipes@418d1c03
[22:38:58] [Server thread/TRACE] [FML]:   Registry: 152 minecraft:orange_stained_glass net.minecraft.item.crafting.ShapedRecipes@443253a6
[22:38:58] [Server thread/TRACE] [FML]:   Registry: 153 minecraft:orange_dye_from_red_yellow net.minecraft.item.crafting.ShapelessRecipes@6723e6b3
[22:38:58] [Server thread/TRACE] [FML]:   Registry: 154 minecraft:orange_dye_from_orange_tulip net.minecraft.item.crafting.ShapelessRecipes@58f97013
[22:38:58] [Server thread/TRACE] [FML]:   Registry: 155 minecraft:orange_concrete_powder net.minecraft.item.crafting.ShapelessRecipes@4e80960a
[22:38:58] [Server thread/TRACE] [FML]:   Registry: 156 minecraft:orange_carpet net.minecraft.item.crafting.ShapedRecipes@1136122a
[22:38:58] [Server thread/TRACE] [FML]:   Registry: 157 minecraft:orange_bed_from_white_bed net.minecraft.item.crafting.ShapelessRecipes@2ee095c9
[22:38:58] [Server thread/TRACE] [FML]:   Registry: 158 minecraft:orange_bed net.minecraft.item.crafting.ShapedRecipes@6c19769c
[22:38:58] [Server thread/TRACE] [FML]:   Registry: 159 minecraft:orange_banner net.minecraft.item.crafting.ShapedRecipes@41ddec69
[22:38:58] [Server thread/TRACE] [FML]:   Registry: 160 minecraft:observer net.minecraft.item.crafting.ShapedRecipes@62de20d3
[22:38:58] [Server thread/TRACE] [FML]:   Registry: 161 minecraft:oak_wooden_slab net.minecraft.item.crafting.ShapedRecipes@1324e70a
[22:38:58] [Server thread/TRACE] [FML]:   Registry: 162 minecraft:oak_stairs net.minecraft.item.crafting.ShapedRecipes@4f2d8175
[22:38:58] [Server thread/TRACE] [FML]:   Registry: 163 minecraft:oak_planks net.minecraft.item.crafting.ShapedRecipes@5a6af2c4
[22:38:58] [Server thread/TRACE] [FML]:   Registry: 164 minecraft:noteblock net.minecraft.item.crafting.ShapedRecipes@6f785a27
[22:38:58] [Server thread/TRACE] [FML]:   Registry: 165 minecraft:nether_wart_block net.minecraft.item.crafting.ShapedRecipes@2dd08ff1
[22:38:58] [Server thread/TRACE] [FML]:   Registry: 166 minecraft:nether_brick_stairs net.minecraft.item.crafting.ShapedRecipes@30a791a6
[22:38:58] [Server thread/TRACE] [FML]:   Registry: 167 minecraft:nether_brick_slab net.minecraft.item.crafting.ShapedRecipes@45451333
[22:38:58] [Server thread/TRACE] [FML]:   Registry: 168 minecraft:nether_brick_fence net.minecraft.item.crafting.ShapedRecipes@70cd122
[22:38:58] [Server thread/TRACE] [FML]:   Registry: 169 minecraft:nether_brick net.minecraft.item.crafting.ShapedRecipes@3855b27e
[22:38:58] [Server thread/TRACE] [FML]:   Registry: 170 minecraft:mushroom_stew net.minecraft.item.crafting.ShapelessRecipes@6f430ea8
[22:38:58] [Server thread/TRACE] [FML]:   Registry: 171 minecraft:mossy_stonebrick net.minecraft.item.crafting.ShapelessRecipes@771afdd5
[22:38:58] [Server thread/TRACE] [FML]:   Registry: 172 minecraft:mossy_cobblestone_wall net.minecraft.item.crafting.ShapedRecipes@667dd150
[22:38:58] [Server thread/TRACE] [FML]:   Registry: 173 minecraft:mossy_cobblestone net.minecraft.item.crafting.ShapelessRecipes@7816454d
[22:38:58] [Server thread/TRACE] [FML]:   Registry: 174 minecraft:minecart net.minecraft.item.crafting.ShapedRecipes@58e5fbe5
[22:38:58] [Server thread/TRACE] [FML]:   Registry: 175 minecraft:melon_seeds net.minecraft.item.crafting.ShapedRecipes@11a67420
[22:38:58] [Server thread/TRACE] [FML]:   Registry: 176 minecraft:melon_block net.minecraft.item.crafting.ShapedRecipes@9cb927e
[22:38:58] [Server thread/TRACE] [FML]:   Registry: 177 minecraft:map net.minecraft.item.crafting.ShapedRecipes@504c415c
[22:38:58] [Server thread/TRACE] [FML]:   Registry: 178 minecraft:magma_cream net.minecraft.item.crafting.ShapelessRecipes@7de2bdc7
[22:38:58] [Server thread/TRACE] [FML]:   Registry: 179 minecraft:magma net.minecraft.item.crafting.ShapedRecipes@1554eaa4
[22:38:58] [Server thread/TRACE] [FML]:   Registry: 180 minecraft:magenta_wool net.minecraft.item.crafting.ShapelessRecipes@5bdb6ea8
[22:38:58] [Server thread/TRACE] [FML]:   Registry: 181 minecraft:magenta_stained_hardened_clay net.minecraft.item.crafting.ShapedRecipes@3cc2e3e
[22:38:58] [Server thread/TRACE] [FML]:   Registry: 182 minecraft:magenta_stained_glass_pane net.minecraft.item.crafting.ShapedRecipes@5807ea46
[22:38:58] [Server thread/TRACE] [FML]:   Registry: 183 minecraft:magenta_stained_glass net.minecraft.item.crafting.ShapedRecipes@33e4068
[22:38:58] [Server thread/TRACE] [FML]:   Registry: 184 minecraft:magenta_dye_from_purple_and_pink net.minecraft.item.crafting.ShapelessRecipes@4ec616d6
[22:38:58] [Server thread/TRACE] [FML]:   Registry: 185 minecraft:magenta_dye_from_lilac net.minecraft.item.crafting.ShapelessRecipes@3b77940f
[22:38:58] [Server thread/TRACE] [FML]:   Registry: 186 minecraft:magenta_dye_from_lapis_red_pink net.minecraft.item.crafting.ShapelessRecipes@52035328
[22:38:58] [Server thread/TRACE] [FML]:   Registry: 187 minecraft:magenta_dye_from_lapis_ink_bonemeal net.minecraft.item.crafting.ShapelessRecipes@349aeec4
[22:38:58] [Server thread/TRACE] [FML]:   Registry: 188 minecraft:magenta_dye_from_allium net.minecraft.item.crafting.ShapelessRecipes@2d3bb944
[22:38:58] [Server thread/TRACE] [FML]:   Registry: 189 minecraft:magenta_concrete_powder net.minecraft.item.crafting.ShapelessRecipes@6068cda1
[22:38:58] [Server thread/TRACE] [FML]:   Registry: 190 minecraft:magenta_carpet net.minecraft.item.crafting.ShapedRecipes@118e2487
[22:38:58] [Server thread/TRACE] [FML]:   Registry: 191 minecraft:magenta_bed_from_white_bed net.minecraft.item.crafting.ShapelessRecipes@7b423f90
[22:38:58] [Server thread/TRACE] [FML]:   Registry: 192 minecraft:magenta_bed net.minecraft.item.crafting.ShapedRecipes@40fcaae7
[22:38:58] [Server thread/TRACE] [FML]:   Registry: 193 minecraft:magenta_banner net.minecraft.item.crafting.ShapedRecipes@2de7fe0e
[22:38:58] [Server thread/TRACE] [FML]:   Registry: 194 minecraft:lit_pumpkin net.minecraft.item.crafting.ShapedRecipes@547052
[22:38:58] [Server thread/TRACE] [FML]:   Registry: 195 minecraft:lime_wool net.minecraft.item.crafting.ShapelessRecipes@20723ee
[22:38:58] [Server thread/TRACE] [FML]:   Registry: 196 minecraft:lime_stained_hardened_clay net.minecraft.item.crafting.ShapedRecipes@1fd0ae78
[22:38:58] [Server thread/TRACE] [FML]:   Registry: 197 minecraft:lime_stained_glass_pane net.minecraft.item.crafting.ShapedRecipes@637d111d
[22:38:58] [Server thread/TRACE] [FML]:   Registry: 198 minecraft:lime_stained_glass net.minecraft.item.crafting.ShapedRecipes@7b8d6c66
[22:38:58] [Server thread/TRACE] [FML]:   Registry: 199 minecraft:lime_dye net.minecraft.item.crafting.ShapelessRecipes@7097d921
[22:38:58] [Server thread/TRACE] [FML]:   Registry: 200 minecraft:lime_concrete_powder net.minecraft.item.crafting.ShapelessRecipes@6fd97fd1
[22:38:58] [Server thread/TRACE] [FML]:   Registry: 201 minecraft:lime_carpet net.minecraft.item.crafting.ShapedRecipes@361fa478
[22:38:58] [Server thread/TRACE] [FML]:   Registry: 202 minecraft:lime_bed_from_white_bed net.minecraft.item.crafting.ShapelessRecipes@6247c08c
[22:38:58] [Server thread/TRACE] [FML]:   Registry: 203 minecraft:lime_bed net.minecraft.item.crafting.ShapedRecipes@79e16dd9
[22:38:58] [Server thread/TRACE] [FML]:   Registry: 204 minecraft:lime_banner net.minecraft.item.crafting.ShapedRecipes@18b30951
[22:38:58] [Server thread/TRACE] [FML]:   Registry: 205 minecraft:light_weighted_pressure_plate net.minecraft.item.crafting.ShapedRecipes@53c40ed6
[22:38:58] [Server thread/TRACE] [FML]:   Registry: 206 minecraft:light_gray_wool net.minecraft.item.crafting.ShapelessRecipes@fe13916
[22:38:58] [Server thread/TRACE] [FML]:   Registry: 207 minecraft:light_gray_stained_hardened_clay net.minecraft.item.crafting.ShapedRecipes@780a91d0
[22:38:58] [Server thread/TRACE] [FML]:   Registry: 208 minecraft:light_gray_stained_glass_pane net.minecraft.item.crafting.ShapedRecipes@6b278b17
[22:38:58] [Server thread/TRACE] [FML]:   Registry: 209 minecraft:light_gray_stained_glass net.minecraft.item.crafting.ShapedRecipes@5a58db42
[22:38:58] [Server thread/TRACE] [FML]:   Registry: 210 minecraft:light_gray_dye_from_white_tulip net.minecraft.item.crafting.ShapelessRecipes@ba86c53
[22:38:58] [Server thread/TRACE] [FML]:   Registry: 211 minecraft:light_gray_dye_from_oxeye_daisy net.minecraft.item.crafting.ShapelessRecipes@53ddabc6
[22:38:58] [Server thread/TRACE] [FML]:   Registry: 212 minecraft:light_gray_dye_from_ink_bonemeal net.minecraft.item.crafting.ShapelessRecipes@7cd8831c
[22:38:58] [Server thread/TRACE] [FML]:   Registry: 213 minecraft:light_gray_dye_from_gray_bonemeal net.minecraft.item.crafting.ShapelessRecipes@1e9d721
[22:38:58] [Server thread/TRACE] [FML]:   Registry: 214 minecraft:light_gray_dye_from_azure_bluet net.minecraft.item.crafting.ShapelessRecipes@1f70bce5
[22:38:58] [Server thread/TRACE] [FML]:   Registry: 215 minecraft:light_gray_concrete_powder net.minecraft.item.crafting.ShapelessRecipes@3a4cb483
[22:38:58] [Server thread/TRACE] [FML]:   Registry: 216 minecraft:light_gray_carpet net.minecraft.item.crafting.ShapedRecipes@58ac0823
[22:38:58] [Server thread/TRACE] [FML]:   Registry: 217 minecraft:light_gray_bed_from_white_bed net.minecraft.item.crafting.ShapelessRecipes@62c46e53
[22:38:58] [Server thread/TRACE] [FML]:   Registry: 218 minecraft:light_gray_bed net.minecraft.item.crafting.ShapedRecipes@5d94ac8a
[22:38:58] [Server thread/TRACE] [FML]:   Registry: 219 minecraft:light_gray_banner net.minecraft.item.crafting.ShapedRecipes@582ea164
[22:38:58] [Server thread/TRACE] [FML]:   Registry: 220 minecraft:light_blue_wool net.minecraft.item.crafting.ShapelessRecipes@72646d16
[22:38:58] [Server thread/TRACE] [FML]:   Registry: 221 minecraft:light_blue_stained_hardened_clay net.minecraft.item.crafting.ShapedRecipes@2f39b534
[22:38:58] [Server thread/TRACE] [FML]:   Registry: 222 minecraft:light_blue_stained_glass_pane net.minecraft.item.crafting.ShapedRecipes@3de383f7
[22:38:58] [Server thread/TRACE] [FML]:   Registry: 223 minecraft:light_blue_stained_glass net.minecraft.item.crafting.ShapedRecipes@51b59d58
[22:38:58] [Server thread/TRACE] [FML]:   Registry: 224 minecraft:light_blue_dye_from_lapis_bonemeal net.minecraft.item.crafting.ShapelessRecipes@154b0748
[22:38:58] [Server thread/TRACE] [FML]:   Registry: 225 minecraft:light_blue_dye_from_blue_orchid net.minecraft.item.crafting.ShapelessRecipes@20556566
[22:38:58] [Server thread/TRACE] [FML]:   Registry: 226 minecraft:light_blue_concrete_powder net.minecraft.item.crafting.ShapelessRecipes@10e4ee33
[22:38:58] [Server thread/TRACE] [FML]:   Registry: 227 minecraft:light_blue_carpet net.minecraft.item.crafting.ShapedRecipes@69c227fd
[22:38:58] [Server thread/TRACE] [FML]:   Registry: 228 minecraft:light_blue_bed_from_white_bed net.minecraft.item.crafting.ShapelessRecipes@5d4a34ff
[22:38:58] [Server thread/TRACE] [FML]:   Registry: 229 minecraft:light_blue_bed net.minecraft.item.crafting.ShapedRecipes@2b19b346
[22:38:58] [Server thread/TRACE] [FML]:   Registry: 230 minecraft:light_blue_banner net.minecraft.item.crafting.ShapedRecipes@4e789704
[22:38:58] [Server thread/TRACE] [FML]:   Registry: 231 minecraft:lever net.minecraft.item.crafting.ShapedRecipes@4b240276
[22:38:58] [Server thread/TRACE] [FML]:   Registry: 232 minecraft:leather_leggings net.minecraft.item.crafting.ShapedRecipes@1835b783
[22:38:58] [Server thread/TRACE] [FML]:   Registry: 233 minecraft:leather_helmet net.minecraft.item.crafting.ShapedRecipes@2bd7f686
[22:38:58] [Server thread/TRACE] [FML]:   Registry: 234 minecraft:leather_chestplate net.minecraft.item.crafting.ShapedRecipes@f6bc75c
[22:38:58] [Server thread/TRACE] [FML]:   Registry: 235 minecraft:leather_boots net.minecraft.item.crafting.ShapedRecipes@22854f2b
[22:38:58] [Server thread/TRACE] [FML]:   Registry: 236 minecraft:leather net.minecraft.item.crafting.ShapedRecipes@fcd3a6f
[22:38:58] [Server thread/TRACE] [FML]:   Registry: 237 minecraft:lead net.minecraft.item.crafting.ShapedRecipes@27d6267e
[22:38:58] [Server thread/TRACE] [FML]:   Registry: 238 minecraft:lapis_lazuli net.minecraft.item.crafting.ShapedRecipes@637506d8
[22:38:58] [Server thread/TRACE] [FML]:   Registry: 239 minecraft:lapis_block net.minecraft.item.crafting.ShapedRecipes@18f4086e
[22:38:58] [Server thread/TRACE] [FML]:   Registry: 240 minecraft:ladder net.minecraft.item.crafting.ShapedRecipes@5cf3a7f9
[22:38:58] [Server thread/TRACE] [FML]:   Registry: 241 minecraft:jungle_wooden_slab net.minecraft.item.crafting.ShapedRecipes@2d0778d0
[22:38:58] [Server thread/TRACE] [FML]:   Registry: 242 minecraft:jungle_stairs net.minecraft.item.crafting.ShapedRecipes@631678e6
[22:38:58] [Server thread/TRACE] [FML]:   Registry: 243 minecraft:jungle_planks net.minecraft.item.crafting.ShapedRecipes@4b916cc2
[22:38:58] [Server thread/TRACE] [FML]:   Registry: 244 minecraft:jungle_fence_gate net.minecraft.item.crafting.ShapedRecipes@652a1a17
[22:38:58] [Server thread/TRACE] [FML]:   Registry: 245 minecraft:jungle_fence net.minecraft.item.crafting.ShapedRecipes@7affee54
[22:38:58] [Server thread/TRACE] [FML]:   Registry: 246 minecraft:jungle_door net.minecraft.item.crafting.ShapedRecipes@43719e98
[22:38:58] [Server thread/TRACE] [FML]:   Registry: 247 minecraft:jungle_boat net.minecraft.item.crafting.ShapedRecipes@147059f8
[22:38:58] [Server thread/TRACE] [FML]:   Registry: 248 minecraft:jukebox net.minecraft.item.crafting.ShapedRecipes@18209303
[22:38:58] [Server thread/TRACE] [FML]:   Registry: 249 minecraft:item_frame net.minecraft.item.crafting.ShapedRecipes@3b046e64
[22:38:58] [Server thread/TRACE] [FML]:   Registry: 250 minecraft:iron_trapdoor net.minecraft.item.crafting.ShapedRecipes@3921135e
[22:38:58] [Server thread/TRACE] [FML]:   Registry: 251 minecraft:iron_sword net.minecraft.item.crafting.ShapedRecipes@3211cc84
[22:38:58] [Server thread/TRACE] [FML]:   Registry: 252 minecraft:iron_shovel net.minecraft.item.crafting.ShapedRecipes@2ab7f649
[22:38:58] [Server thread/TRACE] [FML]:   Registry: 253 minecraft:iron_pickaxe net.minecraft.item.crafting.ShapedRecipes@5f4df55e
[22:38:58] [Server thread/TRACE] [FML]:   Registry: 254 minecraft:iron_nugget net.minecraft.item.crafting.ShapedRecipes@5296f00c
[22:38:58] [Server thread/TRACE] [FML]:   Registry: 255 minecraft:iron_leggings net.minecraft.item.crafting.ShapedRecipes@5b2ff4df
[22:38:58] [Server thread/TRACE] [FML]:   Registry: 256 minecraft:iron_ingot_from_nuggets net.minecraft.item.crafting.ShapedRecipes@33765d22
[22:38:58] [Server thread/TRACE] [FML]:   Registry: 257 minecraft:iron_ingot_from_block net.minecraft.item.crafting.ShapedRecipes@5d00b469
[22:38:58] [Server thread/TRACE] [FML]:   Registry: 258 minecraft:iron_hoe net.minecraft.item.crafting.ShapedRecipes@228958a
[22:38:58] [Server thread/TRACE] [FML]:   Registry: 259 minecraft:iron_helmet net.minecraft.item.crafting.ShapedRecipes@43de9fc9
[22:38:58] [Server thread/TRACE] [FML]:   Registry: 260 minecraft:iron_door net.minecraft.item.crafting.ShapedRecipes@2cc97e47
[22:38:58] [Server thread/TRACE] [FML]:   Registry: 261 minecraft:iron_chestplate net.minecraft.item.crafting.ShapedRecipes@c335b9
[22:38:58] [Server thread/TRACE] [FML]:   Registry: 262 minecraft:iron_boots net.minecraft.item.crafting.ShapedRecipes@7112fa5
[22:38:58] [Server thread/TRACE] [FML]:   Registry: 263 minecraft:iron_block net.minecraft.item.crafting.ShapedRecipes@26feccf7
[22:38:58] [Server thread/TRACE] [FML]:   Registry: 264 minecraft:iron_bars net.minecraft.item.crafting.ShapedRecipes@253b1cbd
[22:38:58] [Server thread/TRACE] [FML]:   Registry: 265 minecraft:iron_axe net.minecraft.item.crafting.ShapedRecipes@6a63ff31
[22:38:58] [Server thread/TRACE] [FML]:   Registry: 266 minecraft:hopper_minecart net.minecraft.item.crafting.ShapedRecipes@44de3b46
[22:38:58] [Server thread/TRACE] [FML]:   Registry: 267 minecraft:hopper net.minecraft.item.crafting.ShapedRecipes@10301d6f
[22:38:58] [Server thread/TRACE] [FML]:   Registry: 268 minecraft:heavy_weighted_pressure_plate net.minecraft.item.crafting.ShapedRecipes@71fb1da3
[22:38:58] [Server thread/TRACE] [FML]:   Registry: 269 minecraft:hay_block net.minecraft.item.crafting.ShapedRecipes@21d3d6ec
[22:38:58] [Server thread/TRACE] [FML]:   Registry: 270 minecraft:green_wool net.minecraft.item.crafting.ShapelessRecipes@17e2835c
[22:38:58] [Server thread/TRACE] [FML]:   Registry: 271 minecraft:green_stained_hardened_clay net.minecraft.item.crafting.ShapedRecipes@3c82bac3
[22:38:58] [Server thread/TRACE] [FML]:   Registry: 272 minecraft:green_stained_glass_pane net.minecraft.item.crafting.ShapedRecipes@4b76251c
[22:38:58] [Server thread/TRACE] [FML]:   Registry: 273 minecraft:green_stained_glass net.minecraft.item.crafting.ShapedRecipes@446a692f
[22:38:58] [Server thread/TRACE] [FML]:   Registry: 274 minecraft:green_concrete_powder net.minecraft.item.crafting.ShapelessRecipes@2ac3d530
[22:38:58] [Server thread/TRACE] [FML]:   Registry: 275 minecraft:green_carpet net.minecraft.item.crafting.ShapedRecipes@239d73ff
[22:38:58] [Server thread/TRACE] [FML]:   Registry: 276 minecraft:green_bed_from_white_bed net.minecraft.item.crafting.ShapelessRecipes@5edd9b4f
[22:38:58] [Server thread/TRACE] [FML]:   Registry: 277 minecraft:green_bed net.minecraft.item.crafting.ShapedRecipes@6694fb1b
[22:38:58] [Server thread/TRACE] [FML]:   Registry: 278 minecraft:green_banner net.minecraft.item.crafting.ShapedRecipes@2dcd451f
[22:38:58] [Server thread/TRACE] [FML]:   Registry: 279 minecraft:gray_wool net.minecraft.item.crafting.ShapelessRecipes@718d6b7c
[22:38:58] [Server thread/TRACE] [FML]:   Registry: 280 minecraft:gray_stained_hardened_clay net.minecraft.item.crafting.ShapedRecipes@5016f1a
[22:38:58] [Server thread/TRACE] [FML]:   Registry: 281 minecraft:gray_stained_glass_pane net.minecraft.item.crafting.ShapedRecipes@455d04d2
[22:38:58] [Server thread/TRACE] [FML]:   Registry: 282 minecraft:gray_stained_glass net.minecraft.item.crafting.ShapedRecipes@4e02f17d
[22:38:58] [Server thread/TRACE] [FML]:   Registry: 283 minecraft:gray_dye net.minecraft.item.crafting.ShapelessRecipes@52bb3dcd
[22:38:58] [Server thread/TRACE] [FML]:   Registry: 284 minecraft:gray_concrete_powder net.minecraft.item.crafting.ShapelessRecipes@362b384c
[22:38:58] [Server thread/TRACE] [FML]:   Registry: 285 minecraft:gray_carpet net.minecraft.item.crafting.ShapedRecipes@52c6e959
[22:38:58] [Server thread/TRACE] [FML]:   Registry: 286 minecraft:gray_bed_from_white_bed net.minecraft.item.crafting.ShapelessRecipes@19d9ba89
[22:38:58] [Server thread/TRACE] [FML]:   Registry: 287 minecraft:gray_bed net.minecraft.item.crafting.ShapedRecipes@3f40568e
[22:38:58] [Server thread/TRACE] [FML]:   Registry: 288 minecraft:gray_banner net.minecraft.item.crafting.ShapedRecipes@1bbb48dd
[22:38:58] [Server thread/TRACE] [FML]:   Registry: 289 minecraft:granite net.minecraft.item.crafting.ShapelessRecipes@5dc9d25a
[22:38:58] [Server thread/TRACE] [FML]:   Registry: 290 minecraft:golden_sword net.minecraft.item.crafting.ShapedRecipes@4d79d187
[22:38:58] [Server thread/TRACE] [FML]:   Registry: 291 minecraft:golden_shovel net.minecraft.item.crafting.ShapedRecipes@4fa6fb7f
[22:38:58] [Server thread/TRACE] [FML]:   Registry: 292 minecraft:golden_rail net.minecraft.item.crafting.ShapedRecipes@206bd7a0
[22:38:58] [Server thread/TRACE] [FML]:   Registry: 293 minecraft:golden_pickaxe net.minecraft.item.crafting.ShapedRecipes@575c23f1
[22:38:58] [Server thread/TRACE] [FML]:   Registry: 294 minecraft:golden_leggings net.minecraft.item.crafting.ShapedRecipes@6a299b9d
[22:38:58] [Server thread/TRACE] [FML]:   Registry: 295 minecraft:golden_hoe net.minecraft.item.crafting.ShapedRecipes@5a31abe9
[22:38:58] [Server thread/TRACE] [FML]:   Registry: 296 minecraft:golden_helmet net.minecraft.item.crafting.ShapedRecipes@40fee459
[22:38:58] [Server thread/TRACE] [FML]:   Registry: 297 minecraft:golden_chestplate net.minecraft.item.crafting.ShapedRecipes@24a7d3d3
[22:38:58] [Server thread/TRACE] [FML]:   Registry: 298 minecraft:golden_carrot net.minecraft.item.crafting.ShapedRecipes@5977bdea
[22:38:58] [Server thread/TRACE] [FML]:   Registry: 299 minecraft:golden_boots net.minecraft.item.crafting.ShapedRecipes@2cd52eda
[22:38:58] [Server thread/TRACE] [FML]:   Registry: 300 minecraft:golden_axe net.minecraft.item.crafting.ShapedRecipes@105dc246
[22:38:58] [Server thread/TRACE] [FML]:   Registry: 301 minecraft:golden_apple net.minecraft.item.crafting.ShapedRecipes@62c6db99
[22:38:58] [Server thread/TRACE] [FML]:   Registry: 302 minecraft:gold_nugget net.minecraft.item.crafting.ShapedRecipes@5c316230
[22:38:58] [Server thread/TRACE] [FML]:   Registry: 303 minecraft:gold_ingot_from_nuggets net.minecraft.item.crafting.ShapedRecipes@3494a35e
[22:38:58] [Server thread/TRACE] [FML]:   Registry: 304 minecraft:gold_ingot_from_block net.minecraft.item.crafting.ShapedRecipes@1885dc2b
[22:38:58] [Server thread/TRACE] [FML]:   Registry: 305 minecraft:gold_block net.minecraft.item.crafting.ShapedRecipes@27bbe773
[22:38:58] [Server thread/TRACE] [FML]:   Registry: 306 minecraft:glowstone net.minecraft.item.crafting.ShapedRecipes@ea84346
[22:38:58] [Server thread/TRACE] [FML]:   Registry: 307 minecraft:glass_pane net.minecraft.item.crafting.ShapedRecipes@2157889c
[22:38:58] [Server thread/TRACE] [FML]:   Registry: 308 minecraft:glass_bottle net.minecraft.item.crafting.ShapedRecipes@343727b5
[22:38:58] [Server thread/TRACE] [FML]:   Registry: 309 minecraft:furnace_minecart net.minecraft.item.crafting.ShapedRecipes@83e5898
[22:38:58] [Server thread/TRACE] [FML]:   Registry: 310 minecraft:furnace net.minecraft.item.crafting.ShapedRecipes@4c91a008
[22:38:58] [Server thread/TRACE] [FML]:   Registry: 311 minecraft:flower_pot net.minecraft.item.crafting.ShapedRecipes@582ca1e2
[22:38:58] [Server thread/TRACE] [FML]:   Registry: 312 minecraft:flint_and_steel net.minecraft.item.crafting.ShapelessRecipes@6d4d0a14
[22:38:58] [Server thread/TRACE] [FML]:   Registry: 313 minecraft:fishing_rod net.minecraft.item.crafting.ShapedRecipes@1da32baf
[22:38:58] [Server thread/TRACE] [FML]:   Registry: 314 minecraft:fire_charge net.minecraft.item.crafting.ShapelessRecipes@5617168c
[22:38:58] [Server thread/TRACE] [FML]:   Registry: 315 minecraft:fermented_spider_eye net.minecraft.item.crafting.ShapelessRecipes@6ba355e4
[22:38:58] [Server thread/TRACE] [FML]:   Registry: 316 minecraft:fence_gate net.minecraft.item.crafting.ShapedRecipes@59d0fac9
[22:38:58] [Server thread/TRACE] [FML]:   Registry: 317 minecraft:fence net.minecraft.item.crafting.ShapedRecipes@6e8aea7e
[22:38:58] [Server thread/TRACE] [FML]:   Registry: 318 minecraft:ender_eye net.minecraft.item.crafting.ShapelessRecipes@6371c5ec
[22:38:58] [Server thread/TRACE] [FML]:   Registry: 319 minecraft:ender_chest net.minecraft.item.crafting.ShapedRecipes@34647f58
[22:38:58] [Server thread/TRACE] [FML]:   Registry: 320 minecraft:end_rod net.minecraft.item.crafting.ShapedRecipes@2e4d2232
[22:38:58] [Server thread/TRACE] [FML]:   Registry: 321 minecraft:end_crystal net.minecraft.item.crafting.ShapedRecipes@5111f814
[22:38:58] [Server thread/TRACE] [FML]:   Registry: 322 minecraft:end_bricks net.minecraft.item.crafting.ShapedRecipes@2c70a1de
[22:38:58] [Server thread/TRACE] [FML]:   Registry: 323 minecraft:enchanting_table net.minecraft.item.crafting.ShapedRecipes@c683cf5
[22:38:58] [Server thread/TRACE] [FML]:   Registry: 324 minecraft:emerald_block net.minecraft.item.crafting.ShapedRecipes@5444f1c3
[22:38:58] [Server thread/TRACE] [FML]:   Registry: 325 minecraft:emerald net.minecraft.item.crafting.ShapedRecipes@4070c4ff
[22:38:58] [Server thread/TRACE] [FML]:   Registry: 326 minecraft:dropper net.minecraft.item.crafting.ShapedRecipes@3ca6bd01
[22:38:58] [Server thread/TRACE] [FML]:   Registry: 327 minecraft:dispenser net.minecraft.item.crafting.ShapedRecipes@903c13
[22:38:58] [Server thread/TRACE] [FML]:   Registry: 328 minecraft:diorite net.minecraft.item.crafting.ShapedRecipes@3ba1f56e
[22:38:58] [Server thread/TRACE] [FML]:   Registry: 329 minecraft:diamond_sword net.minecraft.item.crafting.ShapedRecipes@76134251
[22:38:58] [Server thread/TRACE] [FML]:   Registry: 330 minecraft:diamond_shovel net.minecraft.item.crafting.ShapedRecipes@12ebfb2d
[22:38:58] [Server thread/TRACE] [FML]:   Registry: 331 minecraft:diamond_pickaxe net.minecraft.item.crafting.ShapedRecipes@33837bd4
[22:38:58] [Server thread/TRACE] [FML]:   Registry: 332 minecraft:diamond_leggings net.minecraft.item.crafting.ShapedRecipes@79ee779c
[22:38:58] [Server thread/TRACE] [FML]:   Registry: 333 minecraft:diamond_hoe net.minecraft.item.crafting.ShapedRecipes@6549ce71
[22:38:58] [Server thread/TRACE] [FML]:   Registry: 334 minecraft:diamond_helmet net.minecraft.item.crafting.ShapedRecipes@14bf9fd0
[22:38:58] [Server thread/TRACE] [FML]:   Registry: 335 minecraft:diamond_chestplate net.minecraft.item.crafting.ShapedRecipes@2fa2143d
[22:38:58] [Server thread/TRACE] [FML]:   Registry: 336 minecraft:diamond_boots net.minecraft.item.crafting.ShapedRecipes@20518250
[22:38:58] [Server thread/TRACE] [FML]:   Registry: 337 minecraft:diamond_block net.minecraft.item.crafting.ShapedRecipes@4c9d833
[22:38:58] [Server thread/TRACE] [FML]:   Registry: 338 minecraft:diamond_axe net.minecraft.item.crafting.ShapedRecipes@42805abe
[22:38:58] [Server thread/TRACE] [FML]:   Registry: 339 minecraft:diamond net.minecraft.item.crafting.ShapedRecipes@3605ab16
[22:38:58] [Server thread/TRACE] [FML]:   Registry: 340 minecraft:detector_rail net.minecraft.item.crafting.ShapedRecipes@d02c00
[22:38:58] [Server thread/TRACE] [FML]:   Registry: 341 minecraft:daylight_detector net.minecraft.item.crafting.ShapedRecipes@8c18bde
[22:38:58] [Server thread/TRACE] [FML]:   Registry: 342 minecraft:dark_prismarine net.minecraft.item.crafting.ShapedRecipes@1870b9b8
[22:38:58] [Server thread/TRACE] [FML]:   Registry: 343 minecraft:dark_oak_wooden_slab net.minecraft.item.crafting.ShapedRecipes@2befb16f
[22:38:58] [Server thread/TRACE] [FML]:   Registry: 344 minecraft:dark_oak_stairs net.minecraft.item.crafting.ShapedRecipes@31c0c7e5
[22:38:58] [Server thread/TRACE] [FML]:   Registry: 345 minecraft:dark_oak_planks net.minecraft.item.crafting.ShapedRecipes@3b1137b0
[22:38:58] [Server thread/TRACE] [FML]:   Registry: 346 minecraft:dark_oak_fence_gate net.minecraft.item.crafting.ShapedRecipes@cea67b1
[22:38:58] [Server thread/TRACE] [FML]:   Registry: 347 minecraft:dark_oak_fence net.minecraft.item.crafting.ShapedRecipes@5ced0537
[22:38:58] [Server thread/TRACE] [FML]:   Registry: 348 minecraft:dark_oak_door net.minecraft.item.crafting.ShapedRecipes@44da745f
[22:38:58] [Server thread/TRACE] [FML]:   Registry: 349 minecraft:dark_oak_boat net.minecraft.item.crafting.ShapedRecipes@60b4d934
[22:38:58] [Server thread/TRACE] [FML]:   Registry: 350 minecraft:cyan_wool net.minecraft.item.crafting.ShapelessRecipes@30437e9c
[22:38:58] [Server thread/TRACE] [FML]:   Registry: 351 minecraft:cyan_stained_hardened_clay net.minecraft.item.crafting.ShapedRecipes@1e406cbe
[22:38:58] [Server thread/TRACE] [FML]:   Registry: 352 minecraft:cyan_stained_glass_pane net.minecraft.item.crafting.ShapedRecipes@438c0aaf
[22:38:58] [Server thread/TRACE] [FML]:   Registry: 353 minecraft:cyan_stained_glass net.minecraft.item.crafting.ShapedRecipes@5308e79d
[22:38:58] [Server thread/TRACE] [FML]:   Registry: 354 minecraft:cyan_dye net.minecraft.item.crafting.ShapelessRecipes@6a3a56de
[22:38:58] [Server thread/TRACE] [FML]:   Registry: 355 minecraft:cyan_concrete_powder net.minecraft.item.crafting.ShapelessRecipes@4e26040f
[22:38:58] [Server thread/TRACE] [FML]:   Registry: 356 minecraft:cyan_carpet net.minecraft.item.crafting.ShapedRecipes@2e9dcdd3
[22:38:58] [Server thread/TRACE] [FML]:   Registry: 357 minecraft:cyan_bed_from_white_bed net.minecraft.item.crafting.ShapelessRecipes@510203de
[22:38:58] [Server thread/TRACE] [FML]:   Registry: 358 minecraft:cyan_bed net.minecraft.item.crafting.ShapedRecipes@5dc7391e
[22:38:58] [Server thread/TRACE] [FML]:   Registry: 359 minecraft:cyan_banner net.minecraft.item.crafting.ShapedRecipes@35f22eef
[22:38:58] [Server thread/TRACE] [FML]:   Registry: 360 minecraft:crafting_table net.minecraft.item.crafting.ShapedRecipes@430212cb
[22:38:58] [Server thread/TRACE] [FML]:   Registry: 361 minecraft:cookie net.minecraft.item.crafting.ShapedRecipes@36fe83d
[22:38:58] [Server thread/TRACE] [FML]:   Registry: 362 minecraft:compass net.minecraft.item.crafting.ShapedRecipes@6d7677d8
[22:38:58] [Server thread/TRACE] [FML]:   Registry: 363 minecraft:comparator net.minecraft.item.crafting.ShapedRecipes@359fa722
[22:38:58] [Server thread/TRACE] [FML]:   Registry: 364 minecraft:cobblestone_wall net.minecraft.item.crafting.ShapedRecipes@2051a0ec
[22:38:58] [Server thread/TRACE] [FML]:   Registry: 365 minecraft:cobblestone_slab net.minecraft.item.crafting.ShapedRecipes@3731e8b6
[22:38:58] [Server thread/TRACE] [FML]:   Registry: 366 minecraft:coarse_dirt net.minecraft.item.crafting.ShapedRecipes@129c322f
[22:38:58] [Server thread/TRACE] [FML]:   Registry: 367 minecraft:coal_block net.minecraft.item.crafting.ShapedRecipes@31b91435
[22:38:58] [Server thread/TRACE] [FML]:   Registry: 368 minecraft:coal net.minecraft.item.crafting.ShapedRecipes@2314cd97
[22:38:58] [Server thread/TRACE] [FML]:   Registry: 369 minecraft:clock net.minecraft.item.crafting.ShapedRecipes@1e3dc24f
[22:38:58] [Server thread/TRACE] [FML]:   Registry: 370 minecraft:clay net.minecraft.item.crafting.ShapedRecipes@239d9cb7
[22:38:58] [Server thread/TRACE] [FML]:   Registry: 371 minecraft:chiseled_stonebrick net.minecraft.item.crafting.ShapedRecipes@169d4aba
[22:38:58] [Server thread/TRACE] [FML]:   Registry: 372 minecraft:chiseled_sandstone net.minecraft.item.crafting.ShapedRecipes@1eddca25
[22:38:58] [Server thread/TRACE] [FML]:   Registry: 373 minecraft:chiseled_red_sandstone net.minecraft.item.crafting.ShapedRecipes@687fd6e
[22:38:58] [Server thread/TRACE] [FML]:   Registry: 374 minecraft:chiseled_quartz_block net.minecraft.item.crafting.ShapedRecipes@19fc0ef7
[22:38:58] [Server thread/TRACE] [FML]:   Registry: 375 minecraft:chest_minecart net.minecraft.item.crafting.ShapedRecipes@6de9bba2
[22:38:58] [Server thread/TRACE] [FML]:   Registry: 376 minecraft:chest net.minecraft.item.crafting.ShapedRecipes@6e23ba17
[22:38:58] [Server thread/TRACE] [FML]:   Registry: 377 minecraft:cauldron net.minecraft.item.crafting.ShapedRecipes@20db19ff
[22:38:58] [Server thread/TRACE] [FML]:   Registry: 378 minecraft:carrot_on_a_stick net.minecraft.item.crafting.ShapedRecipes@423762ae
[22:38:58] [Server thread/TRACE] [FML]:   Registry: 379 minecraft:cake net.minecraft.item.crafting.ShapedRecipes@6e7f29d5
[22:38:58] [Server thread/TRACE] [FML]:   Registry: 380 minecraft:bucket net.minecraft.item.crafting.ShapedRecipes@6c4d0224
[22:38:58] [Server thread/TRACE] [FML]:   Registry: 381 minecraft:brown_wool net.minecraft.item.crafting.ShapelessRecipes@44587c44
[22:38:58] [Server thread/TRACE] [FML]:   Registry: 382 minecraft:brown_stained_hardened_clay net.minecraft.item.crafting.ShapedRecipes@4cb773c5
[22:38:58] [Server thread/TRACE] [FML]:   Registry: 383 minecraft:brown_stained_glass_pane net.minecraft.item.crafting.ShapedRecipes@33b2ba25
[22:38:58] [Server thread/TRACE] [FML]:   Registry: 384 minecraft:brown_stained_glass net.minecraft.item.crafting.ShapedRecipes@2a60981c
[22:38:58] [Server thread/TRACE] [FML]:   Registry: 385 minecraft:brown_concrete_powder net.minecraft.item.crafting.ShapelessRecipes@51da7b08
[22:38:58] [Server thread/TRACE] [FML]:   Registry: 386 minecraft:brown_carpet net.minecraft.item.crafting.ShapedRecipes@6c7f804c
[22:38:58] [Server thread/TRACE] [FML]:   Registry: 387 minecraft:brown_bed_from_white_bed net.minecraft.item.crafting.ShapelessRecipes@576b385d
[22:38:58] [Server thread/TRACE] [FML]:   Registry: 388 minecraft:brown_bed net.minecraft.item.crafting.ShapedRecipes@77f04d1a
[22:38:58] [Server thread/TRACE] [FML]:   Registry: 389 minecraft:brown_banner net.minecraft.item.crafting.ShapedRecipes@1f1574c
[22:38:58] [Server thread/TRACE] [FML]:   Registry: 390 minecraft:brick_stairs net.minecraft.item.crafting.ShapedRecipes@c79780
[22:38:58] [Server thread/TRACE] [FML]:   Registry: 391 minecraft:brick_slab net.minecraft.item.crafting.ShapedRecipes@6c46dc02
[22:38:58] [Server thread/TRACE] [FML]:   Registry: 392 minecraft:brick_block net.minecraft.item.crafting.ShapedRecipes@37f71e8
[22:38:58] [Server thread/TRACE] [FML]:   Registry: 393 minecraft:brewing_stand net.minecraft.item.crafting.ShapedRecipes@66fff42f
[22:38:58] [Server thread/TRACE] [FML]:   Registry: 394 minecraft:bread net.minecraft.item.crafting.ShapedRecipes@178c6261
[22:38:58] [Server thread/TRACE] [FML]:   Registry: 395 minecraft:bowl net.minecraft.item.crafting.ShapedRecipes@2ae7c1d
[22:38:58] [Server thread/TRACE] [FML]:   Registry: 396 minecraft:bow net.minecraft.item.crafting.ShapedRecipes@e3692ca
[22:38:58] [Server thread/TRACE] [FML]:   Registry: 397 minecraft:bookshelf net.minecraft.item.crafting.ShapedRecipes@5868ea91
[22:38:58] [Server thread/TRACE] [FML]:   Registry: 398 minecraft:book net.minecraft.item.crafting.ShapelessRecipes@31a024ea
[22:38:58] [Server thread/TRACE] [FML]:   Registry: 399 minecraft:bone_meal_from_bone net.minecraft.item.crafting.ShapelessRecipes@29b4444a
[22:38:58] [Server thread/TRACE] [FML]:   Registry: 400 minecraft:bone_meal_from_block net.minecraft.item.crafting.ShapelessRecipes@26291192
[22:38:58] [Server thread/TRACE] [FML]:   Registry: 401 minecraft:bone_block net.minecraft.item.crafting.ShapedRecipes@4c91f5bf
[22:38:58] [Server thread/TRACE] [FML]:   Registry: 402 minecraft:boat net.minecraft.item.crafting.ShapedRecipes@78bce1c4
[22:38:58] [Server thread/TRACE] [FML]:   Registry: 403 minecraft:blue_wool net.minecraft.item.crafting.ShapelessRecipes@1382a7d8
[22:38:58] [Server thread/TRACE] [FML]:   Registry: 404 minecraft:blue_stained_hardened_clay net.minecraft.item.crafting.ShapedRecipes@546c30c2
[22:38:58] [Server thread/TRACE] [FML]:   Registry: 405 minecraft:blue_stained_glass_pane net.minecraft.item.crafting.ShapedRecipes@e5c52fa
[22:38:58] [Server thread/TRACE] [FML]:   Registry: 406 minecraft:blue_stained_glass net.minecraft.item.crafting.ShapedRecipes@624494d4
[22:38:58] [Server thread/TRACE] [FML]:   Registry: 407 minecraft:blue_concrete_powder net.minecraft.item.crafting.ShapelessRecipes@4c1b4e07
[22:38:58] [Server thread/TRACE] [FML]:   Registry: 408 minecraft:blue_carpet net.minecraft.item.crafting.ShapedRecipes@24731caf
[22:38:58] [Server thread/TRACE] [FML]:   Registry: 409 minecraft:blue_bed_from_white_bed net.minecraft.item.crafting.ShapelessRecipes@e27d97b
[22:38:58] [Server thread/TRACE] [FML]:   Registry: 410 minecraft:blue_bed net.minecraft.item.crafting.ShapedRecipes@38d4488c
[22:38:58] [Server thread/TRACE] [FML]:   Registry: 411 minecraft:blue_banner net.minecraft.item.crafting.ShapedRecipes@2a8e30e3
[22:38:58] [Server thread/TRACE] [FML]:   Registry: 412 minecraft:blaze_powder net.minecraft.item.crafting.ShapelessRecipes@25172993
[22:38:58] [Server thread/TRACE] [FML]:   Registry: 413 minecraft:black_wool net.minecraft.item.crafting.ShapelessRecipes@23ea3853
[22:38:58] [Server thread/TRACE] [FML]:   Registry: 414 minecraft:black_stained_hardened_clay net.minecraft.item.crafting.ShapedRecipes@5a99543b
[22:38:58] [Server thread/TRACE] [FML]:   Registry: 415 minecraft:black_stained_glass_pane net.minecraft.item.crafting.ShapedRecipes@7857cb1d
[22:38:58] [Server thread/TRACE] [FML]:   Registry: 416 minecraft:black_stained_glass net.minecraft.item.crafting.ShapedRecipes@6eadd342
[22:38:58] [Server thread/TRACE] [FML]:   Registry: 417 minecraft:black_concrete_powder net.minecraft.item.crafting.ShapelessRecipes@1614499b
[22:38:58] [Server thread/TRACE] [FML]:   Registry: 418 minecraft:black_carpet net.minecraft.item.crafting.ShapedRecipes@578198d9
[22:38:58] [Server thread/TRACE] [FML]:   Registry: 419 minecraft:black_bed_from_white_bed net.minecraft.item.crafting.ShapelessRecipes@7f8f5d37
[22:38:58] [Server thread/TRACE] [FML]:   Registry: 420 minecraft:black_bed net.minecraft.item.crafting.ShapedRecipes@58486deb
[22:38:58] [Server thread/TRACE] [FML]:   Registry: 421 minecraft:black_banner net.minecraft.item.crafting.ShapedRecipes@1b5cf611
[22:38:58] [Server thread/TRACE] [FML]:   Registry: 422 minecraft:birch_wooden_slab net.minecraft.item.crafting.ShapedRecipes@3a17acd4
[22:38:58] [Server thread/TRACE] [FML]:   Registry: 423 minecraft:birch_stairs net.minecraft.item.crafting.ShapedRecipes@1d67348a
[22:38:58] [Server thread/TRACE] [FML]:   Registry: 424 minecraft:birch_planks net.minecraft.item.crafting.ShapedRecipes@38445703
[22:38:58] [Server thread/TRACE] [FML]:   Registry: 425 minecraft:birch_fence_gate net.minecraft.item.crafting.ShapedRecipes@7591cbd1
[22:38:58] [Server thread/TRACE] [FML]:   Registry: 426 minecraft:birch_fence net.minecraft.item.crafting.ShapedRecipes@3023f157
[22:38:58] [Server thread/TRACE] [FML]:   Registry: 427 minecraft:birch_door net.minecraft.item.crafting.ShapedRecipes@6f4029e9
[22:38:58] [Server thread/TRACE] [FML]:   Registry: 428 minecraft:birch_boat net.minecraft.item.crafting.ShapedRecipes@72bdbfe9
[22:38:58] [Server thread/TRACE] [FML]:   Registry: 429 minecraft:beetroot_soup net.minecraft.item.crafting.ShapedRecipes@46fdfaeb
[22:38:58] [Server thread/TRACE] [FML]:   Registry: 430 minecraft:beacon net.minecraft.item.crafting.ShapedRecipes@7a0f43dc
[22:38:58] [Server thread/TRACE] [FML]:   Registry: 431 minecraft:arrow net.minecraft.item.crafting.ShapedRecipes@7a71ebf1
[22:38:58] [Server thread/TRACE] [FML]:   Registry: 432 minecraft:armor_stand net.minecraft.item.crafting.ShapedRecipes@42f2cae8
[22:38:58] [Server thread/TRACE] [FML]:   Registry: 433 minecraft:anvil net.minecraft.item.crafting.ShapedRecipes@19677add
[22:38:58] [Server thread/TRACE] [FML]:   Registry: 434 minecraft:andesite net.minecraft.item.crafting.ShapelessRecipes@5b0575d0
[22:38:58] [Server thread/TRACE] [FML]:   Registry: 435 minecraft:activator_rail net.minecraft.item.crafting.ShapedRecipes@1e592ef2
[22:38:58] [Server thread/TRACE] [FML]:   Registry: 436 minecraft:acacia_wooden_slab net.minecraft.item.crafting.ShapedRecipes@51c6e775
[22:38:58] [Server thread/TRACE] [FML]:   Registry: 437 minecraft:acacia_stairs net.minecraft.item.crafting.ShapedRecipes@77ebc9e6
[22:38:58] [Server thread/TRACE] [FML]:   Registry: 438 minecraft:acacia_planks net.minecraft.item.crafting.ShapedRecipes@3e0e0ba7
[22:38:58] [Server thread/TRACE] [FML]:   Registry: 439 minecraft:acacia_fence_gate net.minecraft.item.crafting.ShapedRecipes@188ae8d2
[22:38:58] [Server thread/TRACE] [FML]:   Registry: 440 minecraft:acacia_fence net.minecraft.item.crafting.ShapedRecipes@7bdf94f2
[22:38:58] [Server thread/TRACE] [FML]:   Registry: 441 minecraft:acacia_door net.minecraft.item.crafting.ShapedRecipes@3ec62141
[22:38:58] [Server thread/TRACE] [FML]:   Registry: 442 minecraft:acacia_boat net.minecraft.item.crafting.ShapedRecipes@11e3d08
[22:38:58] [Server thread/TRACE] [FML]: Registry Name : minecraft:villagerprofessions
[22:38:58] [Server thread/TRACE] [FML]:   Registry: 0 minecraft:farmer net.minecraftforge.fml.common.registry.VillagerRegistry$VillagerProfession@75f8d9b0
[22:38:58] [Server thread/TRACE] [FML]:   Registry: 1 minecraft:librarian net.minecraftforge.fml.common.registry.VillagerRegistry$VillagerProfession@7f1fec57
[22:38:58] [Server thread/TRACE] [FML]:   Registry: 2 minecraft:priest net.minecraftforge.fml.common.registry.VillagerRegistry$VillagerProfession@5c9e3d01
[22:38:58] [Server thread/TRACE] [FML]:   Registry: 3 minecraft:smith net.minecraftforge.fml.common.registry.VillagerRegistry$VillagerProfession@1dc9f5ad
[22:38:58] [Server thread/TRACE] [FML]:   Registry: 4 minecraft:butcher net.minecraftforge.fml.common.registry.VillagerRegistry$VillagerProfession@4a2d66e
[22:38:58] [Server thread/TRACE] [FML]:   Registry: 5 minecraft:nitwit net.minecraftforge.fml.common.registry.VillagerRegistry$VillagerProfession@4dffff9
[22:38:58] [Server thread/TRACE] [FML]: Registry Name : minecraft:dataserializers
[22:38:58] [Server thread/TRACE] [FML]: Registry Name : minecraft:entities
[22:38:58] [Server thread/TRACE] [FML]:   Registry: 1 minecraft:item net.minecraftforge.fml.common.registry.EntityEntry@4ed19b69
[22:38:58] [Server thread/TRACE] [FML]:   Registry: 2 minecraft:xp_orb net.minecraftforge.fml.common.registry.EntityEntry@45dc7be
[22:38:58] [Server thread/TRACE] [FML]:   Registry: 3 minecraft:area_effect_cloud net.minecraftforge.fml.common.registry.EntityEntry@2676d96a
[22:38:58] [Server thread/TRACE] [FML]:   Registry: 4 minecraft:elder_guardian net.minecraftforge.fml.common.registry.EntityEntry@59b98ad1
[22:38:58] [Server thread/TRACE] [FML]:   Registry: 5 minecraft:wither_skeleton net.minecraftforge.fml.common.registry.EntityEntry@356f20b7
[22:38:58] [Server thread/TRACE] [FML]:   Registry: 6 minecraft:stray net.minecraftforge.fml.common.registry.EntityEntry@54496c2d
[22:38:58] [Server thread/TRACE] [FML]:   Registry: 7 minecraft:egg net.minecraftforge.fml.common.registry.EntityEntry@35af52dc
[22:38:58] [Server thread/TRACE] [FML]:   Registry: 8 minecraft:leash_knot net.minecraftforge.fml.common.registry.EntityEntry@4213bc3e
[22:38:58] [Server thread/TRACE] [FML]:   Registry: 9 minecraft:painting net.minecraftforge.fml.common.registry.EntityEntry@25dcf1b6
[22:38:58] [Server thread/TRACE] [FML]:   Registry: 10 minecraft:arrow net.minecraftforge.fml.common.registry.EntityEntry@4e10a320
[22:38:58] [Server thread/TRACE] [FML]:   Registry: 11 minecraft:snowball net.minecraftforge.fml.common.registry.EntityEntry@352c3d70
[22:38:58] [Server thread/TRACE] [FML]:   Registry: 12 minecraft:fireball net.minecraftforge.fml.common.registry.EntityEntry@4c6fc3e7
[22:38:58] [Server thread/TRACE] [FML]:   Registry: 13 minecraft:small_fireball net.minecraftforge.fml.common.registry.EntityEntry@66e12c3b
[22:38:58] [Server thread/TRACE] [FML]:   Registry: 14 minecraft:ender_pearl net.minecraftforge.fml.common.registry.EntityEntry@1e4d8770
[22:38:58] [Server thread/TRACE] [FML]:   Registry: 15 minecraft:eye_of_ender_signal net.minecraftforge.fml.common.registry.EntityEntry@41f7c02d
[22:38:58] [Server thread/TRACE] [FML]:   Registry: 16 minecraft:potion net.minecraftforge.fml.common.registry.EntityEntry@14b5325f
[22:38:58] [Server thread/TRACE] [FML]:   Registry: 17 minecraft:xp_bottle net.minecraftforge.fml.common.registry.EntityEntry@6cc90398
[22:38:58] [Server thread/TRACE] [FML]:   Registry: 18 minecraft:item_frame net.minecraftforge.fml.common.registry.EntityEntry@3d718248
[22:38:58] [Server thread/TRACE] [FML]:   Registry: 19 minecraft:wither_skull net.minecraftforge.fml.common.registry.EntityEntry@1450ffa3
[22:38:58] [Server thread/TRACE] [FML]:   Registry: 20 minecraft:tnt net.minecraftforge.fml.common.registry.EntityEntry@38ebc866
[22:38:58] [Server thread/TRACE] [FML]:   Registry: 21 minecraft:falling_block net.minecraftforge.fml.common.registry.EntityEntry@7962a746
[22:38:58] [Server thread/TRACE] [FML]:   Registry: 22 minecraft:fireworks_rocket net.minecraftforge.fml.common.registry.EntityEntry@7a7f9d45
[22:38:58] [Server thread/TRACE] [FML]:   Registry: 23 minecraft:husk net.minecraftforge.fml.common.registry.EntityEntry@5876bed9
[22:38:58] [Server thread/TRACE] [FML]:   Registry: 24 minecraft:spectral_arrow net.minecraftforge.fml.common.registry.EntityEntry@67f8f5a6
[22:38:58] [Server thread/TRACE] [FML]:   Registry: 25 minecraft:shulker_bullet net.minecraftforge.fml.common.registry.EntityEntry@ba0018e
[22:38:58] [Server thread/TRACE] [FML]:   Registry: 26 minecraft:dragon_fireball net.minecraftforge.fml.common.registry.EntityEntry@f237ae7
[22:38:58] [Server thread/TRACE] [FML]:   Registry: 27 minecraft:zombie_villager net.minecraftforge.fml.common.registry.EntityEntry@6fe5da76
[22:38:58] [Server thread/TRACE] [FML]:   Registry: 28 minecraft:skeleton_horse net.minecraftforge.fml.common.registry.EntityEntry@25e95af1
[22:38:58] [Server thread/TRACE] [FML]:   Registry: 29 minecraft:zombie_horse net.minecraftforge.fml.common.registry.EntityEntry@72f3acc9
[22:38:58] [Server thread/TRACE] [FML]:   Registry: 30 minecraft:armor_stand net.minecraftforge.fml.common.registry.EntityEntry@584136c1
[22:38:58] [Server thread/TRACE] [FML]:   Registry: 31 minecraft:donkey net.minecraftforge.fml.common.registry.EntityEntry@295f2d1b
[22:38:58] [Server thread/TRACE] [FML]:   Registry: 32 minecraft:mule net.minecraftforge.fml.common.registry.EntityEntry@44e08a7a
[22:38:58] [Server thread/TRACE] [FML]:   Registry: 33 minecraft:evocation_fangs net.minecraftforge.fml.common.registry.EntityEntry@17ae13d5
[22:38:58] [Server thread/TRACE] [FML]:   Registry: 34 minecraft:evocation_illager net.minecraftforge.fml.common.registry.EntityEntry@c82ad22
[22:38:58] [Server thread/TRACE] [FML]:   Registry: 35 minecraft:vex net.minecraftforge.fml.common.registry.EntityEntry@43d6262c
[22:38:58] [Server thread/TRACE] [FML]:   Registry: 36 minecraft:vindication_illager net.minecraftforge.fml.common.registry.EntityEntry@1d2c253
[22:38:58] [Server thread/TRACE] [FML]:   Registry: 37 minecraft:illusion_illager net.minecraftforge.fml.common.registry.EntityEntry@57b130f6
[22:38:58] [Server thread/TRACE] [FML]:   Registry: 40 minecraft:commandblock_minecart net.minecraftforge.fml.common.registry.EntityEntry@71beada8
[22:38:58] [Server thread/TRACE] [FML]:   Registry: 41 minecraft:boat net.minecraftforge.fml.common.registry.EntityEntry@2b3b1124
[22:38:58] [Server thread/TRACE] [FML]:   Registry: 42 minecraft:minecart net.minecraftforge.fml.common.registry.EntityEntry@507f47f9
[22:38:58] [Server thread/TRACE] [FML]:   Registry: 43 minecraft:chest_minecart net.minecraftforge.fml.common.registry.EntityEntry@2a2798a2
[22:38:58] [Server thread/TRACE] [FML]:   Registry: 44 minecraft:furnace_minecart net.minecraftforge.fml.common.registry.EntityEntry@31f1b268
[22:38:58] [Server thread/TRACE] [FML]:   Registry: 45 minecraft:tnt_minecart net.minecraftforge.fml.common.registry.EntityEntry@2833c093
[22:38:58] [Server thread/TRACE] [FML]:   Registry: 46 minecraft:hopper_minecart net.minecraftforge.fml.common.registry.EntityEntry@4ff074a0
[22:38:58] [Server thread/TRACE] [FML]:   Registry: 47 minecraft:spawner_minecart net.minecraftforge.fml.common.registry.EntityEntry@275902e1
[22:38:58] [Server thread/TRACE] [FML]:   Registry: 50 minecraft:creeper net.minecraftforge.fml.common.registry.EntityEntry@32dbca45
[22:38:58] [Server thread/TRACE] [FML]:   Registry: 51 minecraft:skeleton net.minecraftforge.fml.common.registry.EntityEntry@7791ff50
[22:38:58] [Server thread/TRACE] [FML]:   Registry: 52 minecraft:spider net.minecraftforge.fml.common.registry.EntityEntry@42238078
[22:38:58] [Server thread/TRACE] [FML]:   Registry: 53 minecraft:giant net.minecraftforge.fml.common.registry.EntityEntry@e3c36d
[22:38:58] [Server thread/TRACE] [FML]:   Registry: 54 minecraft:zombie net.minecraftforge.fml.common.registry.EntityEntry@39a865c1
[22:38:58] [Server thread/TRACE] [FML]:   Registry: 55 minecraft:slime net.minecraftforge.fml.common.registry.EntityEntry@1c815814
[22:38:58] [Server thread/TRACE] [FML]:   Registry: 56 minecraft:ghast net.minecraftforge.fml.common.registry.EntityEntry@1dfe5dd1
[22:38:58] [Server thread/TRACE] [FML]:   Registry: 57 minecraft:zombie_pigman net.minecraftforge.fml.common.registry.EntityEntry@79445efb
[22:38:58] [Server thread/TRACE] [FML]:   Registry: 58 minecraft:enderman net.minecraftforge.fml.common.registry.EntityEntry@2932e15f
[22:38:58] [Server thread/TRACE] [FML]:   Registry: 59 minecraft:cave_spider net.minecraftforge.fml.common.registry.EntityEntry@bb6869a
[22:38:58] [Server thread/TRACE] [FML]:   Registry: 60 minecraft:silverfish net.minecraftforge.fml.common.registry.EntityEntry@7b2d58e6
[22:38:58] [Server thread/TRACE] [FML]:   Registry: 61 minecraft:blaze net.minecraftforge.fml.common.registry.EntityEntry@33eab2e8
[22:38:58] [Server thread/TRACE] [FML]:   Registry: 62 minecraft:magma_cube net.minecraftforge.fml.common.registry.EntityEntry@14b26e90
[22:38:58] [Server thread/TRACE] [FML]:   Registry: 63 minecraft:ender_dragon net.minecraftforge.fml.common.registry.EntityEntry@62b42406
[22:38:58] [Server thread/TRACE] [FML]:   Registry: 64 minecraft:wither net.minecraftforge.fml.common.registry.EntityEntry@1ab268bd
[22:38:58] [Server thread/TRACE] [FML]:   Registry: 65 minecraft:bat net.minecraftforge.fml.common.registry.EntityEntry@5e020dd1
[22:38:58] [Server thread/TRACE] [FML]:   Registry: 66 minecraft:witch net.minecraftforge.fml.common.registry.EntityEntry@1d9ff1e2
[22:38:58] [Server thread/TRACE] [FML]:   Registry: 67 minecraft:endermite net.minecraftforge.fml.common.registry.EntityEntry@6487f7f8
[22:38:58] [Server thread/TRACE] [FML]:   Registry: 68 minecraft:guardian net.minecraftforge.fml.common.registry.EntityEntry@4990b335
[22:38:58] [Server thread/TRACE] [FML]:   Registry: 69 minecraft:shulker net.minecraftforge.fml.common.registry.EntityEntry@41404aa2
[22:38:58] [Server thread/TRACE] [FML]:   Registry: 90 minecraft:pig net.minecraftforge.fml.common.registry.EntityEntry@289a4b90
[22:38:58] [Server thread/TRACE] [FML]:   Registry: 91 minecraft:sheep net.minecraftforge.fml.common.registry.EntityEntry@5f68eec6
[22:38:58] [Server thread/TRACE] [FML]:   Registry: 92 minecraft:cow net.minecraftforge.fml.common.registry.EntityEntry@74f649a7
[22:38:58] [Server thread/TRACE] [FML]:   Registry: 93 minecraft:chicken net.minecraftforge.fml.common.registry.EntityEntry@50fa5938
[22:38:58] [Server thread/TRACE] [FML]:   Registry: 94 minecraft:squid net.minecraftforge.fml.common.registry.EntityEntry@5814b4fb
[22:38:58] [Server thread/TRACE] [FML]:   Registry: 95 minecraft:wolf net.minecraftforge.fml.common.registry.EntityEntry@16d4024e
[22:38:58] [Server thread/TRACE] [FML]:   Registry: 96 minecraft:mooshroom net.minecraftforge.fml.common.registry.EntityEntry@3684d2c0
[22:38:58] [Server thread/TRACE] [FML]:   Registry: 97 minecraft:snowman net.minecraftforge.fml.common.registry.EntityEntry@454e9d65
[22:38:58] [Server thread/TRACE] [FML]:   Registry: 98 minecraft:ocelot net.minecraftforge.fml.common.registry.EntityEntry@154f8280
[22:38:58] [Server thread/TRACE] [FML]:   Registry: 99 minecraft:villager_golem net.minecraftforge.fml.common.registry.EntityEntry@2d3eecda
[22:38:58] [Server thread/TRACE] [FML]:   Registry: 100 minecraft:horse net.minecraftforge.fml.common.registry.EntityEntry@736788b
[22:38:58] [Server thread/TRACE] [FML]:   Registry: 101 minecraft:rabbit net.minecraftforge.fml.common.registry.EntityEntry@6c1bebca
[22:38:58] [Server thread/TRACE] [FML]:   Registry: 102 minecraft:polar_bear net.minecraftforge.fml.common.registry.EntityEntry@49925d21
[22:38:58] [Server thread/TRACE] [FML]:   Registry: 103 minecraft:llama net.minecraftforge.fml.common.registry.EntityEntry@8ce3f27
[22:38:58] [Server thread/TRACE] [FML]:   Registry: 104 minecraft:llama_spit net.minecraftforge.fml.common.registry.EntityEntry@6802d023
[22:38:58] [Server thread/TRACE] [FML]:   Registry: 105 minecraft:parrot net.minecraftforge.fml.common.registry.EntityEntry@72237be8
[22:38:58] [Server thread/TRACE] [FML]:   Registry: 120 minecraft:villager net.minecraftforge.fml.common.registry.EntityEntry@54ca9420
[22:38:58] [Server thread/TRACE] [FML]:   Registry: 200 minecraft:ender_crystal net.minecraftforge.fml.common.registry.EntityEntry@72c704f1
[22:38:58] [Server thread/TRACE] [FML]: Registry Name : minecraft:blocks
[22:38:58] [Server thread/TRACE] [FML]:   Registry: 0 minecraft:air Block{minecraft:air}
[22:38:58] [Server thread/TRACE] [FML]:   Registry: 1 minecraft:stone Block{minecraft:stone}
[22:38:58] [Server thread/TRACE] [FML]:   Registry: 2 minecraft:grass Block{minecraft:grass}
[22:38:58] [Server thread/TRACE] [FML]:   Registry: 3 minecraft:dirt Block{minecraft:dirt}
[22:38:58] [Server thread/TRACE] [FML]:   Registry: 4 minecraft:cobblestone Block{minecraft:cobblestone}
[22:38:58] [Server thread/TRACE] [FML]:   Registry: 5 minecraft:planks Block{minecraft:planks}
[22:38:58] [Server thread/TRACE] [FML]:   Registry: 6 minecraft:sapling Block{minecraft:sapling}
[22:38:58] [Server thread/TRACE] [FML]:   Registry: 7 minecraft:bedrock Block{minecraft:bedrock}
[22:38:58] [Server thread/TRACE] [FML]:   Registry: 8 minecraft:flowing_water Block{minecraft:flowing_water}
[22:38:58] [Server thread/TRACE] [FML]:   Registry: 9 minecraft:water Block{minecraft:water}
[22:38:58] [Server thread/TRACE] [FML]:   Registry: 10 minecraft:flowing_lava Block{minecraft:flowing_lava}
[22:38:58] [Server thread/TRACE] [FML]:   Registry: 11 minecraft:lava Block{minecraft:lava}
[22:38:58] [Server thread/TRACE] [FML]:   Registry: 12 minecraft:sand Block{minecraft:sand}
[22:38:58] [Server thread/TRACE] [FML]:   Registry: 13 minecraft:gravel Block{minecraft:gravel}
[22:38:58] [Server thread/TRACE] [FML]:   Registry: 14 minecraft:gold_ore Block{minecraft:gold_ore}
[22:38:58] [Server thread/TRACE] [FML]:   Registry: 15 minecraft:iron_ore Block{minecraft:iron_ore}
[22:38:58] [Server thread/TRACE] [FML]:   Registry: 16 minecraft:coal_ore Block{minecraft:coal_ore}
[22:38:58] [Server thread/TRACE] [FML]:   Registry: 17 minecraft:log Block{minecraft:log}
[22:38:58] [Server thread/TRACE] [FML]:   Registry: 18 minecraft:leaves Block{minecraft:leaves}
[22:38:58] [Server thread/TRACE] [FML]:   Registry: 19 minecraft:sponge Block{minecraft:sponge}
[22:38:58] [Server thread/TRACE] [FML]:   Registry: 20 minecraft:glass Block{minecraft:glass}
[22:38:58] [Server thread/TRACE] [FML]:   Registry: 21 minecraft:lapis_ore Block{minecraft:lapis_ore}
[22:38:58] [Server thread/TRACE] [FML]:   Registry: 22 minecraft:lapis_block Block{minecraft:lapis_block}
[22:38:58] [Server thread/TRACE] [FML]:   Registry: 23 minecraft:dispenser Block{minecraft:dispenser}
[22:38:58] [Server thread/TRACE] [FML]:   Registry: 24 minecraft:sandstone Block{minecraft:sandstone}
[22:38:58] [Server thread/TRACE] [FML]:   Registry: 25 minecraft:noteblock Block{minecraft:noteblock}
[22:38:58] [Server thread/TRACE] [FML]:   Registry: 26 minecraft:bed Block{minecraft:bed}
[22:38:58] [Server thread/TRACE] [FML]:   Registry: 27 minecraft:golden_rail Block{minecraft:golden_rail}
[22:38:58] [Server thread/TRACE] [FML]:   Registry: 28 minecraft:detector_rail Block{minecraft:detector_rail}
[22:38:58] [Server thread/TRACE] [FML]:   Registry: 29 minecraft:sticky_piston Block{minecraft:sticky_piston}
[22:38:58] [Server thread/TRACE] [FML]:   Registry: 30 minecraft:web Block{minecraft:web}
[22:38:58] [Server thread/TRACE] [FML]:   Registry: 31 minecraft:tallgrass Block{minecraft:tallgrass}
[22:38:58] [Server thread/TRACE] [FML]:   Registry: 32 minecraft:deadbush Block{minecraft:deadbush}
[22:38:58] [Server thread/TRACE] [FML]:   Registry: 33 minecraft:piston Block{minecraft:piston}
[22:38:58] [Server thread/TRACE] [FML]:   Registry: 34 minecraft:piston_head Block{minecraft:piston_head}
[22:38:58] [Server thread/TRACE] [FML]:   Registry: 35 minecraft:wool Block{minecraft:wool}
[22:38:58] [Server thread/TRACE] [FML]:   Registry: 36 minecraft:piston_extension Block{minecraft:piston_extension}
[22:38:58] [Server thread/TRACE] [FML]:   Registry: 37 minecraft:yellow_flower Block{minecraft:yellow_flower}
[22:38:58] [Server thread/TRACE] [FML]:   Registry: 38 minecraft:red_flower Block{minecraft:red_flower}
[22:38:58] [Server thread/TRACE] [FML]:   Registry: 39 minecraft:brown_mushroom Block{minecraft:brown_mushroom}
[22:38:58] [Server thread/TRACE] [FML]:   Registry: 40 minecraft:red_mushroom Block{minecraft:red_mushroom}
[22:38:58] [Server thread/TRACE] [FML]:   Registry: 41 minecraft:gold_block Block{minecraft:gold_block}
[22:38:58] [Server thread/TRACE] [FML]:   Registry: 42 minecraft:iron_block Block{minecraft:iron_block}
[22:38:58] [Server thread/TRACE] [FML]:   Registry: 43 minecraft:double_stone_slab Block{minecraft:double_stone_slab}
[22:38:58] [Server thread/TRACE] [FML]:   Registry: 44 minecraft:stone_slab Block{minecraft:stone_slab}
[22:38:58] [Server thread/TRACE] [FML]:   Registry: 45 minecraft:brick_block Block{minecraft:brick_block}
[22:38:58] [Server thread/TRACE] [FML]:   Registry: 46 minecraft:tnt Block{minecraft:tnt}
[22:38:58] [Server thread/TRACE] [FML]:   Registry: 47 minecraft:bookshelf Block{minecraft:bookshelf}
[22:38:58] [Server thread/TRACE] [FML]:   Registry: 48 minecraft:mossy_cobblestone Block{minecraft:mossy_cobblestone}
[22:38:58] [Server thread/TRACE] [FML]:   Registry: 49 minecraft:obsidian Block{minecraft:obsidian}
[22:38:58] [Server thread/TRACE] [FML]:   Registry: 50 minecraft:torch Block{minecraft:torch}
[22:38:58] [Server thread/TRACE] [FML]:   Registry: 51 minecraft:fire Block{minecraft:fire}
[22:38:58] [Server thread/TRACE] [FML]:   Registry: 52 minecraft:mob_spawner Block{minecraft:mob_spawner}
[22:38:58] [Server thread/TRACE] [FML]:   Registry: 53 minecraft:oak_stairs Block{minecraft:oak_stairs}
[22:38:58] [Server thread/TRACE] [FML]:   Registry: 54 minecraft:chest Block{minecraft:chest}
[22:38:58] [Server thread/TRACE] [FML]:   Registry: 55 minecraft:redstone_wire Block{minecraft:redstone_wire}
[22:38:58] [Server thread/TRACE] [FML]:   Registry: 56 minecraft:diamond_ore Block{minecraft:diamond_ore}
[22:38:58] [Server thread/TRACE] [FML]:   Registry: 57 minecraft:diamond_block Block{minecraft:diamond_block}
[22:38:58] [Server thread/TRACE] [FML]:   Registry: 58 minecraft:crafting_table Block{minecraft:crafting_table}
[22:38:58] [Server thread/TRACE] [FML]:   Registry: 59 minecraft:wheat Block{minecraft:wheat}
[22:38:58] [Server thread/TRACE] [FML]:   Registry: 60 minecraft:farmland Block{minecraft:farmland}
[22:38:58] [Server thread/TRACE] [FML]:   Registry: 61 minecraft:furnace Block{minecraft:furnace}
[22:38:58] [Server thread/TRACE] [FML]:   Registry: 62 minecraft:lit_furnace Block{minecraft:lit_furnace}
[22:38:58] [Server thread/TRACE] [FML]:   Registry: 63 minecraft:standing_sign Block{minecraft:standing_sign}
[22:38:58] [Server thread/TRACE] [FML]:   Registry: 64 minecraft:wooden_door Block{minecraft:wooden_door}
[22:38:58] [Server thread/TRACE] [FML]:   Registry: 65 minecraft:ladder Block{minecraft:ladder}
[22:38:58] [Server thread/TRACE] [FML]:   Registry: 66 minecraft:rail Block{minecraft:rail}
[22:38:58] [Server thread/TRACE] [FML]:   Registry: 67 minecraft:stone_stairs Block{minecraft:stone_stairs}
[22:38:58] [Server thread/TRACE] [FML]:   Registry: 68 minecraft:wall_sign Block{minecraft:wall_sign}
[22:38:58] [Server thread/TRACE] [FML]:   Registry: 69 minecraft:lever Block{minecraft:lever}
[22:38:58] [Server thread/TRACE] [FML]:   Registry: 70 minecraft:stone_pressure_plate Block{minecraft:stone_pressure_plate}
[22:38:58] [Server thread/TRACE] [FML]:   Registry: 71 minecraft:iron_door Block{minecraft:iron_door}
[22:38:58] [Server thread/TRACE] [FML]:   Registry: 72 minecraft:wooden_pressure_plate Block{minecraft:wooden_pressure_plate}
[22:38:58] [Server thread/TRACE] [FML]:   Registry: 73 minecraft:redstone_ore Block{minecraft:redstone_ore}
[22:38:58] [Server thread/TRACE] [FML]:   Registry: 74 minecraft:lit_redstone_ore Block{minecraft:lit_redstone_ore}
[22:38:58] [Server thread/TRACE] [FML]:   Registry: 75 minecraft:unlit_redstone_torch Block{minecraft:unlit_redstone_torch}
[22:38:58] [Server thread/TRACE] [FML]:   Registry: 76 minecraft:redstone_torch Block{minecraft:redstone_torch}
[22:38:58] [Server thread/TRACE] [FML]:   Registry: 77 minecraft:stone_button Block{minecraft:stone_button}
[22:38:58] [Server thread/TRACE] [FML]:   Registry: 78 minecraft:snow_layer Block{minecraft:snow_layer}
[22:38:58] [Server thread/TRACE] [FML]:   Registry: 79 minecraft:ice Block{minecraft:ice}
[22:38:58] [Server thread/TRACE] [FML]:   Registry: 80 minecraft:snow Block{minecraft:snow}
[22:38:58] [Server thread/TRACE] [FML]:   Registry: 81 minecraft:cactus Block{minecraft:cactus}
[22:38:58] [Server thread/TRACE] [FML]:   Registry: 82 minecraft:clay Block{minecraft:clay}
[22:38:58] [Server thread/TRACE] [FML]:   Registry: 83 minecraft:reeds Block{minecraft:reeds}
[22:38:58] [Server thread/TRACE] [FML]:   Registry: 84 minecraft:jukebox Block{minecraft:jukebox}
[22:38:58] [Server thread/TRACE] [FML]:   Registry: 85 minecraft:fence Block{minecraft:fence}
[22:38:58] [Server thread/TRACE] [FML]:   Registry: 86 minecraft:pumpkin Block{minecraft:pumpkin}
[22:38:58] [Server thread/TRACE] [FML]:   Registry: 87 minecraft:netherrack Block{minecraft:netherrack}
[22:38:58] [Server thread/TRACE] [FML]:   Registry: 88 minecraft:soul_sand Block{minecraft:soul_sand}
[22:38:58] [Server thread/TRACE] [FML]:   Registry: 89 minecraft:glowstone Block{minecraft:glowstone}
[22:38:58] [Server thread/TRACE] [FML]:   Registry: 90 minecraft:portal Block{minecraft:portal}
[22:38:58] [Server thread/TRACE] [FML]:   Registry: 91 minecraft:lit_pumpkin Block{minecraft:lit_pumpkin}
[22:38:58] [Server thread/TRACE] [FML]:   Registry: 92 minecraft:cake Block{minecraft:cake}
[22:38:58] [Server thread/TRACE] [FML]:   Registry: 93 minecraft:unpowered_repeater Block{minecraft:unpowered_repeater}
[22:38:58] [Server thread/TRACE] [FML]:   Registry: 94 minecraft:powered_repeater Block{minecraft:powered_repeater}
[22:38:58] [Server thread/TRACE] [FML]:   Registry: 95 minecraft:stained_glass Block{minecraft:stained_glass}
[22:38:58] [Server thread/TRACE] [FML]:   Registry: 96 minecraft:trapdoor Block{minecraft:trapdoor}
[22:38:58] [Server thread/TRACE] [FML]:   Registry: 97 minecraft:monster_egg Block{minecraft:monster_egg}
[22:38:58] [Server thread/TRACE] [FML]:   Registry: 98 minecraft:stonebrick Block{minecraft:stonebrick}
[22:38:58] [Server thread/TRACE] [FML]:   Registry: 99 minecraft:brown_mushroom_block Block{minecraft:brown_mushroom_block}
[22:38:58] [Server thread/TRACE] [FML]:   Registry: 100 minecraft:red_mushroom_block Block{minecraft:red_mushroom_block}
[22:38:58] [Server thread/TRACE] [FML]:   Registry: 101 minecraft:iron_bars Block{minecraft:iron_bars}
[22:38:58] [Server thread/TRACE] [FML]:   Registry: 102 minecraft:glass_pane Block{minecraft:glass_pane}
[22:38:58] [Server thread/TRACE] [FML]:   Registry: 103 minecraft:melon_block Block{minecraft:melon_block}
[22:38:58] [Server thread/TRACE] [FML]:   Registry: 104 minecraft:pumpkin_stem Block{minecraft:pumpkin_stem}
[22:38:58] [Server thread/TRACE] [FML]:   Registry: 105 minecraft:melon_stem Block{minecraft:melon_stem}
[22:38:58] [Server thread/TRACE] [FML]:   Registry: 106 minecraft:vine Block{minecraft:vine}
[22:38:58] [Server thread/TRACE] [FML]:   Registry: 107 minecraft:fence_gate Block{minecraft:fence_gate}
[22:38:58] [Server thread/TRACE] [FML]:   Registry: 108 minecraft:brick_stairs Block{minecraft:brick_stairs}
[22:38:58] [Server thread/TRACE] [FML]:   Registry: 109 minecraft:stone_brick_stairs Block{minecraft:stone_brick_stairs}
[22:38:58] [Server thread/TRACE] [FML]:   Registry: 110 minecraft:mycelium Block{minecraft:mycelium}
[22:38:58] [Server thread/TRACE] [FML]:   Registry: 111 minecraft:waterlily Block{minecraft:waterlily}
[22:38:58] [Server thread/TRACE] [FML]:   Registry: 112 minecraft:nether_brick Block{minecraft:nether_brick}
[22:38:58] [Server thread/TRACE] [FML]:   Registry: 113 minecraft:nether_brick_fence Block{minecraft:nether_brick_fence}
[22:38:58] [Server thread/TRACE] [FML]:   Registry: 114 minecraft:nether_brick_stairs Block{minecraft:nether_brick_stairs}
[22:38:58] [Server thread/TRACE] [FML]:   Registry: 115 minecraft:nether_wart Block{minecraft:nether_wart}
[22:38:58] [Server thread/TRACE] [FML]:   Registry: 116 minecraft:enchanting_table Block{minecraft:enchanting_table}
[22:38:58] [Server thread/TRACE] [FML]:   Registry: 117 minecraft:brewing_stand Block{minecraft:brewing_stand}
[22:38:58] [Server thread/TRACE] [FML]:   Registry: 118 minecraft:cauldron Block{minecraft:cauldron}
[22:38:58] [Server thread/TRACE] [FML]:   Registry: 119 minecraft:end_portal Block{minecraft:end_portal}
[22:38:58] [Server thread/TRACE] [FML]:   Registry: 120 minecraft:end_portal_frame Block{minecraft:end_portal_frame}
[22:38:58] [Server thread/TRACE] [FML]:   Registry: 121 minecraft:end_stone Block{minecraft:end_stone}
[22:38:58] [Server thread/TRACE] [FML]:   Registry: 122 minecraft:dragon_egg Block{minecraft:dragon_egg}
[22:38:58] [Server thread/TRACE] [FML]:   Registry: 123 minecraft:redstone_lamp Block{minecraft:redstone_lamp}
[22:38:58] [Server thread/TRACE] [FML]:   Registry: 124 minecraft:lit_redstone_lamp Block{minecraft:lit_redstone_lamp}
[22:38:58] [Server thread/TRACE] [FML]:   Registry: 125 minecraft:double_wooden_slab Block{minecraft:double_wooden_slab}
[22:38:58] [Server thread/TRACE] [FML]:   Registry: 126 minecraft:wooden_slab Block{minecraft:wooden_slab}
[22:38:58] [Server thread/TRACE] [FML]:   Registry: 127 minecraft:cocoa Block{minecraft:cocoa}
[22:38:58] [Server thread/TRACE] [FML]:   Registry: 128 minecraft:sandstone_stairs Block{minecraft:sandstone_stairs}
[22:38:58] [Server thread/TRACE] [FML]:   Registry: 129 minecraft:emerald_ore Block{minecraft:emerald_ore}
[22:38:58] [Server thread/TRACE] [FML]:   Registry: 130 minecraft:ender_chest Block{minecraft:ender_chest}
[22:38:58] [Server thread/TRACE] [FML]:   Registry: 131 minecraft:tripwire_hook Block{minecraft:tripwire_hook}
[22:38:58] [Server thread/TRACE] [FML]:   Registry: 132 minecraft:tripwire Block{minecraft:tripwire}
[22:38:58] [Server thread/TRACE] [FML]:   Registry: 133 minecraft:emerald_block Block{minecraft:emerald_block}
[22:38:58] [Server thread/TRACE] [FML]:   Registry: 134 minecraft:spruce_stairs Block{minecraft:spruce_stairs}
[22:38:58] [Server thread/TRACE] [FML]:   Registry: 135 minecraft:birch_stairs Block{minecraft:birch_stairs}
[22:38:58] [Server thread/TRACE] [FML]:   Registry: 136 minecraft:jungle_stairs Block{minecraft:jungle_stairs}
[22:38:58] [Server thread/TRACE] [FML]:   Registry: 137 minecraft:command_block Block{minecraft:command_block}
[22:38:58] [Server thread/TRACE] [FML]:   Registry: 138 minecraft:beacon Block{minecraft:beacon}
[22:38:58] [Server thread/TRACE] [FML]:   Registry: 139 minecraft:cobblestone_wall Block{minecraft:cobblestone_wall}
[22:38:58] [Server thread/TRACE] [FML]:   Registry: 140 minecraft:flower_pot Block{minecraft:flower_pot}
[22:38:58] [Server thread/TRACE] [FML]:   Registry: 141 minecraft:carrots Block{minecraft:carrots}
[22:38:58] [Server thread/TRACE] [FML]:   Registry: 142 minecraft:potatoes Block{minecraft:potatoes}
[22:38:58] [Server thread/TRACE] [FML]:   Registry: 143 minecraft:wooden_button Block{minecraft:wooden_button}
[22:38:58] [Server thread/TRACE] [FML]:   Registry: 144 minecraft:skull Block{minecraft:skull}
[22:38:58] [Server thread/TRACE] [FML]:   Registry: 145 minecraft:anvil Block{minecraft:anvil}
[22:38:58] [Server thread/TRACE] [FML]:   Registry: 146 minecraft:trapped_chest Block{minecraft:trapped_chest}
[22:38:58] [Server thread/TRACE] [FML]:   Registry: 147 minecraft:light_weighted_pressure_plate Block{minecraft:light_weighted_pressure_plate}
[22:38:58] [Server thread/TRACE] [FML]:   Registry: 148 minecraft:heavy_weighted_pressure_plate Block{minecraft:heavy_weighted_pressure_plate}
[22:38:58] [Server thread/TRACE] [FML]:   Registry: 149 minecraft:unpowered_comparator Block{minecraft:unpowered_comparator}
[22:38:58] [Server thread/TRACE] [FML]:   Registry: 150 minecraft:powered_comparator Block{minecraft:powered_comparator}
[22:38:58] [Server thread/TRACE] [FML]:   Registry: 151 minecraft:daylight_detector Block{minecraft:daylight_detector}
[22:38:58] [Server thread/TRACE] [FML]:   Registry: 152 minecraft:redstone_block Block{minecraft:redstone_block}
[22:38:58] [Server thread/TRACE] [FML]:   Registry: 153 minecraft:quartz_ore Block{minecraft:quartz_ore}
[22:38:58] [Server thread/TRACE] [FML]:   Registry: 154 minecraft:hopper Block{minecraft:hopper}
[22:38:58] [Server thread/TRACE] [FML]:   Registry: 155 minecraft:quartz_block Block{minecraft:quartz_block}
[22:38:58] [Server thread/TRACE] [FML]:   Registry: 156 minecraft:quartz_stairs Block{minecraft:quartz_stairs}
[22:38:58] [Server thread/TRACE] [FML]:   Registry: 157 minecraft:activator_rail Block{minecraft:activator_rail}
[22:38:58] [Server thread/TRACE] [FML]:   Registry: 158 minecraft:dropper Block{minecraft:dropper}
[22:38:58] [Server thread/TRACE] [FML]:   Registry: 159 minecraft:stained_hardened_clay Block{minecraft:stained_hardened_clay}
[22:38:58] [Server thread/TRACE] [FML]:   Registry: 160 minecraft:stained_glass_pane Block{minecraft:stained_glass_pane}
[22:38:58] [Server thread/TRACE] [FML]:   Registry: 161 minecraft:leaves2 Block{minecraft:leaves2}
[22:38:58] [Server thread/TRACE] [FML]:   Registry: 162 minecraft:log2 Block{minecraft:log2}
[22:38:58] [Server thread/TRACE] [FML]:   Registry: 163 minecraft:acacia_stairs Block{minecraft:acacia_stairs}
[22:38:58] [Server thread/TRACE] [FML]:   Registry: 164 minecraft:dark_oak_stairs Block{minecraft:dark_oak_stairs}
[22:38:58] [Server thread/TRACE] [FML]:   Registry: 165 minecraft:slime Block{minecraft:slime}
[22:38:58] [Server thread/TRACE] [FML]:   Registry: 166 minecraft:barrier Block{minecraft:barrier}
[22:38:58] [Server thread/TRACE] [FML]:   Registry: 167 minecraft:iron_trapdoor Block{minecraft:iron_trapdoor}
[22:38:58] [Server thread/TRACE] [FML]:   Registry: 168 minecraft:prismarine Block{minecraft:prismarine}
[22:38:58] [Server thread/TRACE] [FML]:   Registry: 169 minecraft:sea_lantern Block{minecraft:sea_lantern}
[22:38:58] [Server thread/TRACE] [FML]:   Registry: 170 minecraft:hay_block Block{minecraft:hay_block}
[22:38:58] [Server thread/TRACE] [FML]:   Registry: 171 minecraft:carpet Block{minecraft:carpet}
[22:38:58] [Server thread/TRACE] [FML]:   Registry: 172 minecraft:hardened_clay Block{minecraft:hardened_clay}
[22:38:58] [Server thread/TRACE] [FML]:   Registry: 173 minecraft:coal_block Block{minecraft:coal_block}
[22:38:58] [Server thread/TRACE] [FML]:   Registry: 174 minecraft:packed_ice Block{minecraft:packed_ice}
[22:38:58] [Server thread/TRACE] [FML]:   Registry: 175 minecraft:double_plant Block{minecraft:double_plant}
[22:38:58] [Server thread/TRACE] [FML]:   Registry: 176 minecraft:standing_banner Block{minecraft:standing_banner}
[22:38:58] [Server thread/TRACE] [FML]:   Registry: 177 minecraft:wall_banner Block{minecraft:wall_banner}
[22:38:58] [Server thread/TRACE] [FML]:   Registry: 178 minecraft:daylight_detector_inverted Block{minecraft:daylight_detector_inverted}
[22:38:58] [Server thread/TRACE] [FML]:   Registry: 179 minecraft:red_sandstone Block{minecraft:red_sandstone}
[22:38:58] [Server thread/TRACE] [FML]:   Registry: 180 minecraft:red_sandstone_stairs Block{minecraft:red_sandstone_stairs}
[22:38:58] [Server thread/TRACE] [FML]:   Registry: 181 minecraft:double_stone_slab2 Block{minecraft:double_stone_slab2}
[22:38:58] [Server thread/TRACE] [FML]:   Registry: 182 minecraft:stone_slab2 Block{minecraft:stone_slab2}
[22:38:58] [Server thread/TRACE] [FML]:   Registry: 183 minecraft:spruce_fence_gate Block{minecraft:spruce_fence_gate}
[22:38:58] [Server thread/TRACE] [FML]:   Registry: 184 minecraft:birch_fence_gate Block{minecraft:birch_fence_gate}
[22:38:58] [Server thread/TRACE] [FML]:   Registry: 185 minecraft:jungle_fence_gate Block{minecraft:jungle_fence_gate}
[22:38:58] [Server thread/TRACE] [FML]:   Registry: 186 minecraft:dark_oak_fence_gate Block{minecraft:dark_oak_fence_gate}
[22:38:58] [Server thread/TRACE] [FML]:   Registry: 187 minecraft:acacia_fence_gate Block{minecraft:acacia_fence_gate}
[22:38:58] [Server thread/TRACE] [FML]:   Registry: 188 minecraft:spruce_fence Block{minecraft:spruce_fence}
[22:38:58] [Server thread/TRACE] [FML]:   Registry: 189 minecraft:birch_fence Block{minecraft:birch_fence}
[22:38:58] [Server thread/TRACE] [FML]:   Registry: 190 minecraft:jungle_fence Block{minecraft:jungle_fence}
[22:38:58] [Server thread/TRACE] [FML]:   Registry: 191 minecraft:dark_oak_fence Block{minecraft:dark_oak_fence}
[22:38:58] [Server thread/TRACE] [FML]:   Registry: 192 minecraft:acacia_fence Block{minecraft:acacia_fence}
[22:38:58] [Server thread/TRACE] [FML]:   Registry: 193 minecraft:spruce_door Block{minecraft:spruce_door}
[22:38:58] [Server thread/TRACE] [FML]:   Registry: 194 minecraft:birch_door Block{minecraft:birch_door}
[22:38:58] [Server thread/TRACE] [FML]:   Registry: 195 minecraft:jungle_door Block{minecraft:jungle_door}
[22:38:58] [Server thread/TRACE] [FML]:   Registry: 196 minecraft:acacia_door Block{minecraft:acacia_door}
[22:38:58] [Server thread/TRACE] [FML]:   Registry: 197 minecraft:dark_oak_door Block{minecraft:dark_oak_door}
[22:38:58] [Server thread/TRACE] [FML]:   Registry: 198 minecraft:end_rod Block{minecraft:end_rod}
[22:38:58] [Server thread/TRACE] [FML]:   Registry: 199 minecraft:chorus_plant Block{minecraft:chorus_plant}
[22:38:58] [Server thread/TRACE] [FML]:   Registry: 200 minecraft:chorus_flower Block{minecraft:chorus_flower}
[22:38:58] [Server thread/TRACE] [FML]:   Registry: 201 minecraft:purpur_block Block{minecraft:purpur_block}
[22:38:58] [Server thread/TRACE] [FML]:   Registry: 202 minecraft:purpur_pillar Block{minecraft:purpur_pillar}
[22:38:58] [Server thread/TRACE] [FML]:   Registry: 203 minecraft:purpur_stairs Block{minecraft:purpur_stairs}
[22:38:58] [Server thread/TRACE] [FML]:   Registry: 204 minecraft:purpur_double_slab Block{minecraft:purpur_double_slab}
[22:38:58] [Server thread/TRACE] [FML]:   Registry: 205 minecraft:purpur_slab Block{minecraft:purpur_slab}
[22:38:58] [Server thread/TRACE] [FML]:   Registry: 206 minecraft:end_bricks Block{minecraft:end_bricks}
[22:38:58] [Server thread/TRACE] [FML]:   Registry: 207 minecraft:beetroots Block{minecraft:beetroots}
[22:38:58] [Server thread/TRACE] [FML]:   Registry: 208 minecraft:grass_path Block{minecraft:grass_path}
[22:38:58] [Server thread/TRACE] [FML]:   Registry: 209 minecraft:end_gateway Block{minecraft:end_gateway}
[22:38:58] [Server thread/TRACE] [FML]:   Registry: 210 minecraft:repeating_command_block Block{minecraft:repeating_command_block}
[22:38:58] [Server thread/TRACE] [FML]:   Registry: 211 minecraft:chain_command_block Block{minecraft:chain_command_block}
[22:38:58] [Server thread/TRACE] [FML]:   Registry: 212 minecraft:frosted_ice Block{minecraft:frosted_ice}
[22:38:58] [Server thread/TRACE] [FML]:   Registry: 213 minecraft:magma Block{minecraft:magma}
[22:38:58] [Server thread/TRACE] [FML]:   Registry: 214 minecraft:nether_wart_block Block{minecraft:nether_wart_block}
[22:38:58] [Server thread/TRACE] [FML]:   Registry: 215 minecraft:red_nether_brick Block{minecraft:red_nether_brick}
[22:38:58] [Server thread/TRACE] [FML]:   Registry: 216 minecraft:bone_block Block{minecraft:bone_block}
[22:38:58] [Server thread/TRACE] [FML]:   Registry: 217 minecraft:structure_void Block{minecraft:structure_void}
[22:38:58] [Server thread/TRACE] [FML]:   Registry: 218 minecraft:observer Block{minecraft:observer}
[22:38:58] [Server thread/TRACE] [FML]:   Registry: 219 minecraft:white_shulker_box Block{minecraft:white_shulker_box}
[22:38:58] [Server thread/TRACE] [FML]:   Registry: 220 minecraft:orange_shulker_box Block{minecraft:orange_shulker_box}
[22:38:58] [Server thread/TRACE] [FML]:   Registry: 221 minecraft:magenta_shulker_box Block{minecraft:magenta_shulker_box}
[22:38:58] [Server thread/TRACE] [FML]:   Registry: 222 minecraft:light_blue_shulker_box Block{minecraft:light_blue_shulker_box}
[22:38:58] [Server thread/TRACE] [FML]:   Registry: 223 minecraft:yellow_shulker_box Block{minecraft:yellow_shulker_box}
[22:38:58] [Server thread/TRACE] [FML]:   Registry: 224 minecraft:lime_shulker_box Block{minecraft:lime_shulker_box}
[22:38:58] [Server thread/TRACE] [FML]:   Registry: 225 minecraft:pink_shulker_box Block{minecraft:pink_shulker_box}
[22:38:58] [Server thread/TRACE] [FML]:   Registry: 226 minecraft:gray_shulker_box Block{minecraft:gray_shulker_box}
[22:38:58] [Server thread/TRACE] [FML]:   Registry: 227 minecraft:silver_shulker_box Block{minecraft:silver_shulker_box}
[22:38:58] [Server thread/TRACE] [FML]:   Registry: 228 minecraft:cyan_shulker_box Block{minecraft:cyan_shulker_box}
[22:38:58] [Server thread/TRACE] [FML]:   Registry: 229 minecraft:purple_shulker_box Block{minecraft:purple_shulker_box}
[22:38:58] [Server thread/TRACE] [FML]:   Registry: 230 minecraft:blue_shulker_box Block{minecraft:blue_shulker_box}
[22:38:58] [Server thread/TRACE] [FML]:   Registry: 231 minecraft:brown_shulker_box Block{minecraft:brown_shulker_box}
[22:38:58] [Server thread/TRACE] [FML]:   Registry: 232 minecraft:green_shulker_box Block{minecraft:green_shulker_box}
[22:38:58] [Server thread/TRACE] [FML]:   Registry: 233 minecraft:red_shulker_box Block{minecraft:red_shulker_box}
[22:38:58] [Server thread/TRACE] [FML]:   Registry: 234 minecraft:black_shulker_box Block{minecraft:black_shulker_box}
[22:38:58] [Server thread/TRACE] [FML]:   Registry: 235 minecraft:white_glazed_terracotta Block{minecraft:white_glazed_terracotta}
[22:38:58] [Server thread/TRACE] [FML]:   Registry: 236 minecraft:orange_glazed_terracotta Block{minecraft:orange_glazed_terracotta}
[22:38:58] [Server thread/TRACE] [FML]:   Registry: 237 minecraft:magenta_glazed_terracotta Block{minecraft:magenta_glazed_terracotta}
[22:38:58] [Server thread/TRACE] [FML]:   Registry: 238 minecraft:light_blue_glazed_terracotta Block{minecraft:light_blue_glazed_terracotta}
[22:38:58] [Server thread/TRACE] [FML]:   Registry: 239 minecraft:yellow_glazed_terracotta Block{minecraft:yellow_glazed_terracotta}
[22:38:58] [Server thread/TRACE] [FML]:   Registry: 240 minecraft:lime_glazed_terracotta Block{minecraft:lime_glazed_terracotta}
[22:38:58] [Server thread/TRACE] [FML]:   Registry: 241 minecraft:pink_glazed_terracotta Block{minecraft:pink_glazed_terracotta}
[22:38:58] [Server thread/TRACE] [FML]:   Registry: 242 minecraft:gray_glazed_terracotta Block{minecraft:gray_glazed_terracotta}
[22:38:58] [Server thread/TRACE] [FML]:   Registry: 243 minecraft:silver_glazed_terracotta Block{minecraft:silver_glazed_terracotta}
[22:38:58] [Server thread/TRACE] [FML]:   Registry: 244 minecraft:cyan_glazed_terracotta Block{minecraft:cyan_glazed_terracotta}
[22:38:58] [Server thread/TRACE] [FML]:   Registry: 245 minecraft:purple_glazed_terracotta Block{minecraft:purple_glazed_terracotta}
[22:38:58] [Server thread/TRACE] [FML]:   Registry: 246 minecraft:blue_glazed_terracotta Block{minecraft:blue_glazed_terracotta}
[22:38:58] [Server thread/TRACE] [FML]:   Registry: 247 minecraft:brown_glazed_terracotta Block{minecraft:brown_glazed_terracotta}
[22:38:58] [Server thread/TRACE] [FML]:   Registry: 248 minecraft:green_glazed_terracotta Block{minecraft:green_glazed_terracotta}
[22:38:58] [Server thread/TRACE] [FML]:   Registry: 249 minecraft:red_glazed_terracotta Block{minecraft:red_glazed_terracotta}
[22:38:58] [Server thread/TRACE] [FML]:   Registry: 250 minecraft:black_glazed_terracotta Block{minecraft:black_glazed_terracotta}
[22:38:58] [Server thread/TRACE] [FML]:   Registry: 251 minecraft:concrete Block{minecraft:concrete}
[22:38:58] [Server thread/TRACE] [FML]:   Registry: 252 minecraft:concrete_powder Block{minecraft:concrete_powder}
[22:38:58] [Server thread/TRACE] [FML]:   Registry: 255 minecraft:structure_block Block{minecraft:structure_block}
[22:38:58] [Server thread/TRACE] [FML]: Registry Name : minecraft:items
[22:38:58] [Server thread/TRACE] [FML]:   Registry: 0 minecraft:air net.minecraft.item.ItemAir@34e990cc
[22:38:58] [Server thread/TRACE] [FML]:   Registry: 1 minecraft:stone net.minecraft.item.ItemMultiTexture@70543cae
[22:38:58] [Server thread/TRACE] [FML]:   Registry: 2 minecraft:grass net.minecraft.item.ItemColored@1a5b7394
[22:38:58] [Server thread/TRACE] [FML]:   Registry: 3 minecraft:dirt net.minecraft.item.ItemMultiTexture@28b5662d
[22:38:58] [Server thread/TRACE] [FML]:   Registry: 4 minecraft:cobblestone net.minecraft.item.ItemBlock@34b2d51a
[22:38:58] [Server thread/TRACE] [FML]:   Registry: 5 minecraft:planks net.minecraft.item.ItemMultiTexture@2d4e99de
[22:38:58] [Server thread/TRACE] [FML]:   Registry: 6 minecraft:sapling net.minecraft.item.ItemMultiTexture@63bca84d
[22:38:58] [Server thread/TRACE] [FML]:   Registry: 7 minecraft:bedrock net.minecraft.item.ItemBlock@6141647f
[22:38:58] [Server thread/TRACE] [FML]:   Registry: 12 minecraft:sand net.minecraft.item.ItemMultiTexture@13dc6649
[22:38:58] [Server thread/TRACE] [FML]:   Registry: 13 minecraft:gravel net.minecraft.item.ItemBlock@1851c7d2
[22:38:58] [Server thread/TRACE] [FML]:   Registry: 14 minecraft:gold_ore net.minecraft.item.ItemBlock@250a946
[22:38:58] [Server thread/TRACE] [FML]:   Registry: 15 minecraft:iron_ore net.minecraft.item.ItemBlock@5fe5c68b
[22:38:58] [Server thread/TRACE] [FML]:   Registry: 16 minecraft:coal_ore net.minecraft.item.ItemBlock@2ffb0d10
[22:38:58] [Server thread/TRACE] [FML]:   Registry: 17 minecraft:log net.minecraft.item.ItemMultiTexture@38dbeb39
[22:38:58] [Server thread/TRACE] [FML]:   Registry: 18 minecraft:leaves net.minecraft.item.ItemLeaves@3c544c9
[22:38:58] [Server thread/TRACE] [FML]:   Registry: 19 minecraft:sponge net.minecraft.item.ItemMultiTexture@43a59289
[22:38:58] [Server thread/TRACE] [FML]:   Registry: 20 minecraft:glass net.minecraft.item.ItemBlock@6c2883b1
[22:38:58] [Server thread/TRACE] [FML]:   Registry: 21 minecraft:lapis_ore net.minecraft.item.ItemBlock@336e3be2
[22:38:58] [Server thread/TRACE] [FML]:   Registry: 22 minecraft:lapis_block net.minecraft.item.ItemBlock@126a9a3d
[22:38:58] [Server thread/TRACE] [FML]:   Registry: 23 minecraft:dispenser net.minecraft.item.ItemBlock@7db47323
[22:38:58] [Server thread/TRACE] [FML]:   Registry: 24 minecraft:sandstone net.minecraft.item.ItemMultiTexture@fd4459b
[22:38:58] [Server thread/TRACE] [FML]:   Registry: 25 minecraft:noteblock net.minecraft.item.ItemBlock@1073c664
[22:38:58] [Server thread/TRACE] [FML]:   Registry: 27 minecraft:golden_rail net.minecraft.item.ItemBlock@517a46f3
[22:38:58] [Server thread/TRACE] [FML]:   Registry: 28 minecraft:detector_rail net.minecraft.item.ItemBlock@38fb151a
[22:38:58] [Server thread/TRACE] [FML]:   Registry: 29 minecraft:sticky_piston net.minecraft.item.ItemPiston@1b60d324
[22:38:58] [Server thread/TRACE] [FML]:   Registry: 30 minecraft:web net.minecraft.item.ItemBlock@182e4365
[22:38:58] [Server thread/TRACE] [FML]:   Registry: 31 minecraft:tallgrass net.minecraft.item.ItemColored@789dd6bf
[22:38:58] [Server thread/TRACE] [FML]:   Registry: 32 minecraft:deadbush net.minecraft.item.ItemBlock@1e6d30c0
[22:38:58] [Server thread/TRACE] [FML]:   Registry: 33 minecraft:piston net.minecraft.item.ItemPiston@38929da
[22:38:58] [Server thread/TRACE] [FML]:   Registry: 35 minecraft:wool net.minecraft.item.ItemCloth@18483b8b
[22:38:58] [Server thread/TRACE] [FML]:   Registry: 37 minecraft:yellow_flower net.minecraft.item.ItemMultiTexture@5ee6fdc4
[22:38:58] [Server thread/TRACE] [FML]:   Registry: 38 minecraft:red_flower net.minecraft.item.ItemMultiTexture@95cecc5
[22:38:58] [Server thread/TRACE] [FML]:   Registry: 39 minecraft:brown_mushroom net.minecraft.item.ItemBlock@48b3b1b8
[22:38:58] [Server thread/TRACE] [FML]:   Registry: 40 minecraft:red_mushroom net.minecraft.item.ItemBlock@b86cb18
[22:38:58] [Server thread/TRACE] [FML]:   Registry: 41 minecraft:gold_block net.minecraft.item.ItemBlock@29c244e
[22:38:58] [Server thread/TRACE] [FML]:   Registry: 42 minecraft:iron_block net.minecraft.item.ItemBlock@6cc8da1c
[22:38:58] [Server thread/TRACE] [FML]:   Registry: 44 minecraft:stone_slab net.minecraft.item.ItemSlab@686b1e2d
[22:38:58] [Server thread/TRACE] [FML]:   Registry: 45 minecraft:brick_block net.minecraft.item.ItemBlock@6e7e0259
[22:38:58] [Server thread/TRACE] [FML]:   Registry: 46 minecraft:tnt net.minecraft.item.ItemBlock@646e6d07
[22:38:58] [Server thread/TRACE] [FML]:   Registry: 47 minecraft:bookshelf net.minecraft.item.ItemBlock@5501d1c8
[22:38:58] [Server thread/TRACE] [FML]:   Registry: 48 minecraft:mossy_cobblestone net.minecraft.item.ItemBlock@652b3733
[22:38:58] [Server thread/TRACE] [FML]:   Registry: 49 minecraft:obsidian net.minecraft.item.ItemBlock@7b598d05
[22:38:58] [Server thread/TRACE] [FML]:   Registry: 50 minecraft:torch net.minecraft.item.ItemBlock@6cc8c13c
[22:38:58] [Server thread/TRACE] [FML]:   Registry: 52 minecraft:mob_spawner net.minecraft.item.ItemBlock@2ec5cc14
[22:38:58] [Server thread/TRACE] [FML]:   Registry: 53 minecraft:oak_stairs net.minecraft.item.ItemBlock@40a8a26f
[22:38:58] [Server thread/TRACE] [FML]:   Registry: 54 minecraft:chest net.minecraft.item.ItemBlock@269308cc
[22:38:58] [Server thread/TRACE] [FML]:   Registry: 56 minecraft:diamond_ore net.minecraft.item.ItemBlock@177ddd24
[22:38:58] [Server thread/TRACE] [FML]:   Registry: 57 minecraft:diamond_block net.minecraft.item.ItemBlock@17d816b3
[22:38:58] [Server thread/TRACE] [FML]:   Registry: 58 minecraft:crafting_table net.minecraft.item.ItemBlock@126675fd
[22:38:58] [Server thread/TRACE] [FML]:   Registry: 60 minecraft:farmland net.minecraft.item.ItemBlock@2c0dca15
[22:38:58] [Server thread/TRACE] [FML]:   Registry: 61 minecraft:furnace net.minecraft.item.ItemBlock@5560b64d
[22:38:58] [Server thread/TRACE] [FML]:   Registry: 65 minecraft:ladder net.minecraft.item.ItemBlock@2da5fdc
[22:38:58] [Server thread/TRACE] [FML]:   Registry: 66 minecraft:rail net.minecraft.item.ItemBlock@23321be7
[22:38:58] [Server thread/TRACE] [FML]:   Registry: 67 minecraft:stone_stairs net.minecraft.item.ItemBlock@61ad30f6
[22:38:58] [Server thread/TRACE] [FML]:   Registry: 69 minecraft:lever net.minecraft.item.ItemBlock@312f3050
[22:38:58] [Server thread/TRACE] [FML]:   Registry: 70 minecraft:stone_pressure_plate net.minecraft.item.ItemBlock@615bad16
[22:38:58] [Server thread/TRACE] [FML]:   Registry: 72 minecraft:wooden_pressure_plate net.minecraft.item.ItemBlock@52856ff9
[22:38:58] [Server thread/TRACE] [FML]:   Registry: 73 minecraft:redstone_ore net.minecraft.item.ItemBlock@5aa7cfdf
[22:38:58] [Server thread/TRACE] [FML]:   Registry: 76 minecraft:redstone_torch net.minecraft.item.ItemBlock@1242d96b
[22:38:58] [Server thread/TRACE] [FML]:   Registry: 77 minecraft:stone_button net.minecraft.item.ItemBlock@2ecdf528
[22:38:58] [Server thread/TRACE] [FML]:   Registry: 78 minecraft:snow_layer net.minecraft.item.ItemSnow@33f349ae
[22:38:58] [Server thread/TRACE] [FML]:   Registry: 79 minecraft:ice net.minecraft.item.ItemBlock@377e573a
[22:38:58] [Server thread/TRACE] [FML]:   Registry: 80 minecraft:snow net.minecraft.item.ItemBlock@76db9048
[22:38:58] [Server thread/TRACE] [FML]:   Registry: 81 minecraft:cactus net.minecraft.item.ItemBlock@54daf8f9
[22:38:58] [Server thread/TRACE] [FML]:   Registry: 82 minecraft:clay net.minecraft.item.ItemBlock@7d4d65f5
[22:38:58] [Server thread/TRACE] [FML]:   Registry: 84 minecraft:jukebox net.minecraft.item.ItemBlock@38cf3ae1
[22:38:58] [Server thread/TRACE] [FML]:   Registry: 85 minecraft:fence net.minecraft.item.ItemBlock@123ca460
[22:38:58] [Server thread/TRACE] [FML]:   Registry: 86 minecraft:pumpkin net.minecraft.item.ItemBlock@2487e20
[22:38:58] [Server thread/TRACE] [FML]:   Registry: 87 minecraft:netherrack net.minecraft.item.ItemBlock@3c9f4376
[22:38:58] [Server thread/TRACE] [FML]:   Registry: 88 minecraft:soul_sand net.minecraft.item.ItemBlock@308a9264
[22:38:58] [Server thread/TRACE] [FML]:   Registry: 89 minecraft:glowstone net.minecraft.item.ItemBlock@7da77305
[22:38:58] [Server thread/TRACE] [FML]:   Registry: 91 minecraft:lit_pumpkin net.minecraft.item.ItemBlock@3cdfbbef
[22:38:58] [Server thread/TRACE] [FML]:   Registry: 95 minecraft:stained_glass net.minecraft.item.ItemCloth@3fc1abf
[22:38:58] [Server thread/TRACE] [FML]:   Registry: 96 minecraft:trapdoor net.minecraft.item.ItemBlock@7a1ddbf1
[22:38:58] [Server thread/TRACE] [FML]:   Registry: 97 minecraft:monster_egg net.minecraft.item.ItemMultiTexture@d8e4250
[22:38:58] [Server thread/TRACE] [FML]:   Registry: 98 minecraft:stonebrick net.minecraft.item.ItemMultiTexture@20a47036
[22:38:58] [Server thread/TRACE] [FML]:   Registry: 99 minecraft:brown_mushroom_block net.minecraft.item.ItemBlock@70c205bf
[22:38:58] [Server thread/TRACE] [FML]:   Registry: 100 minecraft:red_mushroom_block net.minecraft.item.ItemBlock@43ab9ae9
[22:38:58] [Server thread/TRACE] [FML]:   Registry: 101 minecraft:iron_bars net.minecraft.item.ItemBlock@2520aa05
[22:38:58] [Server thread/TRACE] [FML]:   Registry: 102 minecraft:glass_pane net.minecraft.item.ItemBlock@26865b57
[22:38:58] [Server thread/TRACE] [FML]:   Registry: 103 minecraft:melon_block net.minecraft.item.ItemBlock@46894dc5
[22:38:58] [Server thread/TRACE] [FML]:   Registry: 106 minecraft:vine net.minecraft.item.ItemColored@596afb2f
[22:38:58] [Server thread/TRACE] [FML]:   Registry: 107 minecraft:fence_gate net.minecraft.item.ItemBlock@79ba0285
[22:38:58] [Server thread/TRACE] [FML]:   Registry: 108 minecraft:brick_stairs net.minecraft.item.ItemBlock@16e07bae
[22:38:58] [Server thread/TRACE] [FML]:   Registry: 109 minecraft:stone_brick_stairs net.minecraft.item.ItemBlock@598778cc
[22:38:58] [Server thread/TRACE] [FML]:   Registry: 110 minecraft:mycelium net.minecraft.item.ItemBlock@3386ed8
[22:38:58] [Server thread/TRACE] [FML]:   Registry: 111 minecraft:waterlily net.minecraft.item.ItemLilyPad@67dc6b48
[22:38:58] [Server thread/TRACE] [FML]:   Registry: 112 minecraft:nether_brick net.minecraft.item.ItemBlock@57f2e67
[22:38:58] [Server thread/TRACE] [FML]:   Registry: 113 minecraft:nether_brick_fence net.minecraft.item.ItemBlock@4571cebe
[22:38:58] [Server thread/TRACE] [FML]:   Registry: 114 minecraft:nether_brick_stairs net.minecraft.item.ItemBlock@154864f8
[22:38:58] [Server thread/TRACE] [FML]:   Registry: 116 minecraft:enchanting_table net.minecraft.item.ItemBlock@11cadb32
[22:38:58] [Server thread/TRACE] [FML]:   Registry: 120 minecraft:end_portal_frame net.minecraft.item.ItemBlock@6d3ad37a
[22:38:58] [Server thread/TRACE] [FML]:   Registry: 121 minecraft:end_stone net.minecraft.item.ItemBlock@26f5e45d
[22:38:58] [Server thread/TRACE] [FML]:   Registry: 122 minecraft:dragon_egg net.minecraft.item.ItemBlock@37986daf
[22:38:58] [Server thread/TRACE] [FML]:   Registry: 123 minecraft:redstone_lamp net.minecraft.item.ItemBlock@c82d925
[22:38:58] [Server thread/TRACE] [FML]:   Registry: 126 minecraft:wooden_slab net.minecraft.item.ItemSlab@55c03e4
[22:38:58] [Server thread/TRACE] [FML]:   Registry: 128 minecraft:sandstone_stairs net.minecraft.item.ItemBlock@14df5253
[22:38:58] [Server thread/TRACE] [FML]:   Registry: 129 minecraft:emerald_ore net.minecraft.item.ItemBlock@605eb072
[22:38:58] [Server thread/TRACE] [FML]:   Registry: 130 minecraft:ender_chest net.minecraft.item.ItemBlock@7a0f06ad
[22:38:58] [Server thread/TRACE] [FML]:   Registry: 131 minecraft:tripwire_hook net.minecraft.item.ItemBlock@1fa9692b
[22:38:58] [Server thread/TRACE] [FML]:   Registry: 133 minecraft:emerald_block net.minecraft.item.ItemBlock@710afd47
[22:38:58] [Server thread/TRACE] [FML]:   Registry: 134 minecraft:spruce_stairs net.minecraft.item.ItemBlock@64420e34
[22:38:58] [Server thread/TRACE] [FML]:   Registry: 135 minecraft:birch_stairs net.minecraft.item.ItemBlock@667a467f
[22:38:58] [Server thread/TRACE] [FML]:   Registry: 136 minecraft:jungle_stairs net.minecraft.item.ItemBlock@324e8baa
[22:38:58] [Server thread/TRACE] [FML]:   Registry: 137 minecraft:command_block net.minecraft.item.ItemBlock@1488a861
[22:38:58] [Server thread/TRACE] [FML]:   Registry: 138 minecraft:beacon net.minecraft.item.ItemBlock@604f376a
[22:38:58] [Server thread/TRACE] [FML]:   Registry: 139 minecraft:cobblestone_wall net.minecraft.item.ItemMultiTexture@5a90fcaa
[22:38:58] [Server thread/TRACE] [FML]:   Registry: 143 minecraft:wooden_button net.minecraft.item.ItemBlock@1805ec96
[22:38:58] [Server thread/TRACE] [FML]:   Registry: 145 minecraft:anvil net.minecraft.item.ItemAnvilBlock@15be68b
[22:38:58] [Server thread/TRACE] [FML]:   Registry: 146 minecraft:trapped_chest net.minecraft.item.ItemBlock@22ff1372
[22:38:58] [Server thread/TRACE] [FML]:   Registry: 147 minecraft:light_weighted_pressure_plate net.minecraft.item.ItemBlock@356341c9
[22:38:58] [Server thread/TRACE] [FML]:   Registry: 148 minecraft:heavy_weighted_pressure_plate net.minecraft.item.ItemBlock@3a70575
[22:38:58] [Server thread/TRACE] [FML]:   Registry: 151 minecraft:daylight_detector net.minecraft.item.ItemBlock@5d96d434
[22:38:58] [Server thread/TRACE] [FML]:   Registry: 152 minecraft:redstone_block net.minecraft.item.ItemBlock@7283877
[22:38:58] [Server thread/TRACE] [FML]:   Registry: 153 minecraft:quartz_ore net.minecraft.item.ItemBlock@286a4c52
[22:38:58] [Server thread/TRACE] [FML]:   Registry: 154 minecraft:hopper net.minecraft.item.ItemBlock@13dd7887
[22:38:58] [Server thread/TRACE] [FML]:   Registry: 155 minecraft:quartz_block net.minecraft.item.ItemMultiTexture@780129bc
[22:38:58] [Server thread/TRACE] [FML]:   Registry: 156 minecraft:quartz_stairs net.minecraft.item.ItemBlock@3e2c4d4b
[22:38:58] [Server thread/TRACE] [FML]:   Registry: 157 minecraft:activator_rail net.minecraft.item.ItemBlock@44de8e00
[22:38:58] [Server thread/TRACE] [FML]:   Registry: 158 minecraft:dropper net.minecraft.item.ItemBlock@3cbfdf5c
[22:38:58] [Server thread/TRACE] [FML]:   Registry: 159 minecraft:stained_hardened_clay net.minecraft.item.ItemCloth@4d825dbe
[22:38:58] [Server thread/TRACE] [FML]:   Registry: 160 minecraft:stained_glass_pane net.minecraft.item.ItemCloth@72001c71
[22:38:58] [Server thread/TRACE] [FML]:   Registry: 161 minecraft:leaves2 net.minecraft.item.ItemLeaves@22e813fc
[22:38:58] [Server thread/TRACE] [FML]:   Registry: 162 minecraft:log2 net.minecraft.item.ItemMultiTexture@402a69f
[22:38:58] [Server thread/TRACE] [FML]:   Registry: 163 minecraft:acacia_stairs net.minecraft.item.ItemBlock@24615687
[22:38:58] [Server thread/TRACE] [FML]:   Registry: 164 minecraft:dark_oak_stairs net.minecraft.item.ItemBlock@58636b50
[22:38:58] [Server thread/TRACE] [FML]:   Registry: 165 minecraft:slime net.minecraft.item.ItemBlock@7f4f1536
[22:38:58] [Server thread/TRACE] [FML]:   Registry: 166 minecraft:barrier net.minecraft.item.ItemBlock@11180750
[22:38:58] [Server thread/TRACE] [FML]:   Registry: 167 minecraft:iron_trapdoor net.minecraft.item.ItemBlock@210635fd
[22:38:58] [Server thread/TRACE] [FML]:   Registry: 168 minecraft:prismarine net.minecraft.item.ItemMultiTexture@f810c18
[22:38:58] [Server thread/TRACE] [FML]:   Registry: 169 minecraft:sea_lantern net.minecraft.item.ItemBlock@59f3426f
[22:38:58] [Server thread/TRACE] [FML]:   Registry: 170 minecraft:hay_block net.minecraft.item.ItemBlock@63814bbe
[22:38:58] [Server thread/TRACE] [FML]:   Registry: 171 minecraft:carpet net.minecraft.item.ItemCloth@3cb195dd
[22:38:58] [Server thread/TRACE] [FML]:   Registry: 172 minecraft:hardened_clay net.minecraft.item.ItemBlock@6dc2279c
[22:38:58] [Server thread/TRACE] [FML]:   Registry: 173 minecraft:coal_block net.minecraft.item.ItemBlock@7d7b4e04
[22:38:58] [Server thread/TRACE] [FML]:   Registry: 174 minecraft:packed_ice net.minecraft.item.ItemBlock@144e36ae
[22:38:58] [Server thread/TRACE] [FML]:   Registry: 175 minecraft:double_plant net.minecraft.item.ItemMultiTexture@67ceeffd
[22:38:58] [Server thread/TRACE] [FML]:   Registry: 179 minecraft:red_sandstone net.minecraft.item.ItemMultiTexture@280d5a82
[22:38:58] [Server thread/TRACE] [FML]:   Registry: 180 minecraft:red_sandstone_stairs net.minecraft.item.ItemBlock@1a34a51e
[22:38:58] [Server thread/TRACE] [FML]:   Registry: 182 minecraft:stone_slab2 net.minecraft.item.ItemSlab@333a44f2
[22:38:58] [Server thread/TRACE] [FML]:   Registry: 183 minecraft:spruce_fence_gate net.minecraft.item.ItemBlock@6df2a206
[22:38:58] [Server thread/TRACE] [FML]:   Registry: 184 minecraft:birch_fence_gate net.minecraft.item.ItemBlock@61993d18
[22:38:58] [Server thread/TRACE] [FML]:   Registry: 185 minecraft:jungle_fence_gate net.minecraft.item.ItemBlock@6f240187
[22:38:58] [Server thread/TRACE] [FML]:   Registry: 186 minecraft:dark_oak_fence_gate net.minecraft.item.ItemBlock@46a388cc
[22:38:58] [Server thread/TRACE] [FML]:   Registry: 187 minecraft:acacia_fence_gate net.minecraft.item.ItemBlock@3e39f08c
[22:38:58] [Server thread/TRACE] [FML]:   Registry: 188 minecraft:spruce_fence net.minecraft.item.ItemBlock@11228bee
[22:38:58] [Server thread/TRACE] [FML]:   Registry: 189 minecraft:birch_fence net.minecraft.item.ItemBlock@7d626f2
[22:38:58] [Server thread/TRACE] [FML]:   Registry: 190 minecraft:jungle_fence net.minecraft.item.ItemBlock@460f1cdb
[22:38:58] [Server thread/TRACE] [FML]:   Registry: 191 minecraft:dark_oak_fence net.minecraft.item.ItemBlock@31e7afde
[22:38:58] [Server thread/TRACE] [FML]:   Registry: 192 minecraft:acacia_fence net.minecraft.item.ItemBlock@349f3ff7
[22:38:58] [Server thread/TRACE] [FML]:   Registry: 198 minecraft:end_rod net.minecraft.item.ItemBlock@371cd2fc
[22:38:58] [Server thread/TRACE] [FML]:   Registry: 199 minecraft:chorus_plant net.minecraft.item.ItemBlock@b32e983
[22:38:58] [Server thread/TRACE] [FML]:   Registry: 200 minecraft:chorus_flower net.minecraft.item.ItemBlock@3c346c45
[22:38:58] [Server thread/TRACE] [FML]:   Registry: 201 minecraft:purpur_block net.minecraft.item.ItemBlock@16df9bde
[22:38:58] [Server thread/TRACE] [FML]:   Registry: 202 minecraft:purpur_pillar net.minecraft.item.ItemBlock@478530cb
[22:38:58] [Server thread/TRACE] [FML]:   Registry: 203 minecraft:purpur_stairs net.minecraft.item.ItemBlock@5be7b749
[22:38:58] [Server thread/TRACE] [FML]:   Registry: 205 minecraft:purpur_slab net.minecraft.item.ItemSlab@44aeae34
[22:38:58] [Server thread/TRACE] [FML]:   Registry: 206 minecraft:end_bricks net.minecraft.item.ItemBlock@704c3bdf
[22:38:58] [Server thread/TRACE] [FML]:   Registry: 208 minecraft:grass_path net.minecraft.item.ItemBlock@1ad1b737
[22:38:58] [Server thread/TRACE] [FML]:   Registry: 210 minecraft:repeating_command_block net.minecraft.item.ItemBlock@2c668c2a
[22:38:58] [Server thread/TRACE] [FML]:   Registry: 211 minecraft:chain_command_block net.minecraft.item.ItemBlock@6efd0a6e
[22:38:58] [Server thread/TRACE] [FML]:   Registry: 213 minecraft:magma net.minecraft.item.ItemBlock@51de5efa
[22:38:58] [Server thread/TRACE] [FML]:   Registry: 214 minecraft:nether_wart_block net.minecraft.item.ItemBlock@30228de7
[22:38:58] [Server thread/TRACE] [FML]:   Registry: 215 minecraft:red_nether_brick net.minecraft.item.ItemBlock@28bd5015
[22:38:58] [Server thread/TRACE] [FML]:   Registry: 216 minecraft:bone_block net.minecraft.item.ItemBlock@2e159116
[22:38:58] [Server thread/TRACE] [FML]:   Registry: 217 minecraft:structure_void net.minecraft.item.ItemBlock@d1f23a0
[22:38:58] [Server thread/TRACE] [FML]:   Registry: 218 minecraft:observer net.minecraft.item.ItemBlock@2976ca51
[22:38:58] [Server thread/TRACE] [FML]:   Registry: 219 minecraft:white_shulker_box net.minecraft.item.ItemShulkerBox@6996bbc4
[22:38:58] [Server thread/TRACE] [FML]:   Registry: 220 minecraft:orange_shulker_box net.minecraft.item.ItemShulkerBox@1de08775
[22:38:58] [Server thread/TRACE] [FML]:   Registry: 221 minecraft:magenta_shulker_box net.minecraft.item.ItemShulkerBox@2dbf2da
[22:38:58] [Server thread/TRACE] [FML]:   Registry: 222 minecraft:light_blue_shulker_box net.minecraft.item.ItemShulkerBox@21a5b599
[22:38:58] [Server thread/TRACE] [FML]:   Registry: 223 minecraft:yellow_shulker_box net.minecraft.item.ItemShulkerBox@7db162f2
[22:38:58] [Server thread/TRACE] [FML]:   Registry: 224 minecraft:lime_shulker_box net.minecraft.item.ItemShulkerBox@64f3991e
[22:38:58] [Server thread/TRACE] [FML]:   Registry: 225 minecraft:pink_shulker_box net.minecraft.item.ItemShulkerBox@39e3ea78
[22:38:58] [Server thread/TRACE] [FML]:   Registry: 226 minecraft:gray_shulker_box net.minecraft.item.ItemShulkerBox@35e689a0
[22:38:58] [Server thread/TRACE] [FML]:   Registry: 227 minecraft:silver_shulker_box net.minecraft.item.ItemShulkerBox@43b6cb1c
[22:38:58] [Server thread/TRACE] [FML]:   Registry: 228 minecraft:cyan_shulker_box net.minecraft.item.ItemShulkerBox@3bf5911d
[22:38:58] [Server thread/TRACE] [FML]:   Registry: 229 minecraft:purple_shulker_box net.minecraft.item.ItemShulkerBox@1de30c31
[22:38:58] [Server thread/TRACE] [FML]:   Registry: 230 minecraft:blue_shulker_box net.minecraft.item.ItemShulkerBox@1cc93da4
[22:38:58] [Server thread/TRACE] [FML]:   Registry: 231 minecraft:brown_shulker_box net.minecraft.item.ItemShulkerBox@69d2fb0a
[22:38:58] [Server thread/TRACE] [FML]:   Registry: 232 minecraft:green_shulker_box net.minecraft.item.ItemShulkerBox@7e38e254
[22:38:58] [Server thread/TRACE] [FML]:   Registry: 233 minecraft:red_shulker_box net.minecraft.item.ItemShulkerBox@7b3feb26
[22:38:58] [Server thread/TRACE] [FML]:   Registry: 234 minecraft:black_shulker_box net.minecraft.item.ItemShulkerBox@2e4ecdf8
[22:38:58] [Server thread/TRACE] [FML]:   Registry: 235 minecraft:white_glazed_terracotta net.minecraft.item.ItemBlock@503a7990
[22:38:58] [Server thread/TRACE] [FML]:   Registry: 236 minecraft:orange_glazed_terracotta net.minecraft.item.ItemBlock@69a90b81
[22:38:58] [Server thread/TRACE] [FML]:   Registry: 237 minecraft:magenta_glazed_terracotta net.minecraft.item.ItemBlock@6dcbbb49
[22:38:58] [Server thread/TRACE] [FML]:   Registry: 238 minecraft:light_blue_glazed_terracotta net.minecraft.item.ItemBlock@35329a05
[22:38:58] [Server thread/TRACE] [FML]:   Registry: 239 minecraft:yellow_glazed_terracotta net.minecraft.item.ItemBlock@36c783ca
[22:38:58] [Server thread/TRACE] [FML]:   Registry: 240 minecraft:lime_glazed_terracotta net.minecraft.item.ItemBlock@17136390
[22:38:58] [Server thread/TRACE] [FML]:   Registry: 241 minecraft:pink_glazed_terracotta net.minecraft.item.ItemBlock@273293c8
[22:38:58] [Server thread/TRACE] [FML]:   Registry: 242 minecraft:gray_glazed_terracotta net.minecraft.item.ItemBlock@6f1d799
[22:38:58] [Server thread/TRACE] [FML]:   Registry: 243 minecraft:silver_glazed_terracotta net.minecraft.item.ItemBlock@ca2cd5e
[22:38:58] [Server thread/TRACE] [FML]:   Registry: 244 minecraft:cyan_glazed_terracotta net.minecraft.item.ItemBlock@a120b9
[22:38:58] [Server thread/TRACE] [FML]:   Registry: 245 minecraft:purple_glazed_terracotta net.minecraft.item.ItemBlock@333e5fb6
[22:38:58] [Server thread/TRACE] [FML]:   Registry: 246 minecraft:blue_glazed_terracotta net.minecraft.item.ItemBlock@3b7b0b57
[22:38:58] [Server thread/TRACE] [FML]:   Registry: 247 minecraft:brown_glazed_terracotta net.minecraft.item.ItemBlock@21a9f95b
[22:38:58] [Server thread/TRACE] [FML]:   Registry: 248 minecraft:green_glazed_terracotta net.minecraft.item.ItemBlock@2804b13f
[22:38:58] [Server thread/TRACE] [FML]:   Registry: 249 minecraft:red_glazed_terracotta net.minecraft.item.ItemBlock@69069866
[22:38:58] [Server thread/TRACE] [FML]:   Registry: 250 minecraft:black_glazed_terracotta net.minecraft.item.ItemBlock@ac417a2
[22:38:58] [Server thread/TRACE] [FML]:   Registry: 251 minecraft:concrete net.minecraft.item.ItemCloth@64c95480
[22:38:58] [Server thread/TRACE] [FML]:   Registry: 252 minecraft:concrete_powder net.minecraft.item.ItemCloth@69499c6f
[22:38:58] [Server thread/TRACE] [FML]:   Registry: 255 minecraft:structure_block net.minecraft.item.ItemBlock@3451fc88
[22:38:58] [Server thread/TRACE] [FML]:   Registry: 256 minecraft:iron_shovel net.minecraft.item.ItemSpade@71b3ba5a
[22:38:58] [Server thread/TRACE] [FML]:   Registry: 257 minecraft:iron_pickaxe net.minecraft.item.ItemPickaxe@a047bdb
[22:38:58] [Server thread/TRACE] [FML]:   Registry: 258 minecraft:iron_axe net.minecraft.item.ItemAxe@7856f41a
[22:38:58] [Server thread/TRACE] [FML]:   Registry: 259 minecraft:flint_and_steel net.minecraft.item.ItemFlintAndSteel@709d6de5
[22:38:58] [Server thread/TRACE] [FML]:   Registry: 260 minecraft:apple net.minecraft.item.ItemFood@7645b7d
[22:38:58] [Server thread/TRACE] [FML]:   Registry: 261 minecraft:bow net.minecraft.item.ItemBow@631944d4
[22:38:58] [Server thread/TRACE] [FML]:   Registry: 262 minecraft:arrow net.minecraft.item.ItemArrow@238ad211
[22:38:58] [Server thread/TRACE] [FML]:   Registry: 263 minecraft:coal net.minecraft.item.ItemCoal@334b392d
[22:38:58] [Server thread/TRACE] [FML]:   Registry: 264 minecraft:diamond net.minecraft.item.Item@59f7c106
[22:38:58] [Server thread/TRACE] [FML]:   Registry: 265 minecraft:iron_ingot net.minecraft.item.Item@136fece2
[22:38:58] [Server thread/TRACE] [FML]:   Registry: 266 minecraft:gold_ingot net.minecraft.item.Item@56478522
[22:38:58] [Server thread/TRACE] [FML]:   Registry: 267 minecraft:iron_sword net.minecraft.item.ItemSword@1bdafb01
[22:38:58] [Server thread/TRACE] [FML]:   Registry: 268 minecraft:wooden_sword net.minecraft.item.ItemSword@7aa3857b
[22:38:58] [Server thread/TRACE] [FML]:   Registry: 269 minecraft:wooden_shovel net.minecraft.item.ItemSpade@500ec769
[22:38:58] [Server thread/TRACE] [FML]:   Registry: 270 minecraft:wooden_pickaxe net.minecraft.item.ItemPickaxe@37806be6
[22:38:58] [Server thread/TRACE] [FML]:   Registry: 271 minecraft:wooden_axe net.minecraft.item.ItemAxe@7bce9ce4
[22:38:58] [Server thread/TRACE] [FML]:   Registry: 272 minecraft:stone_sword net.minecraft.item.ItemSword@1d2046bb
[22:38:58] [Server thread/TRACE] [FML]:   Registry: 273 minecraft:stone_shovel net.minecraft.item.ItemSpade@3b33fff9
[22:38:58] [Server thread/TRACE] [FML]:   Registry: 274 minecraft:stone_pickaxe net.minecraft.item.ItemPickaxe@fd87c22
[22:38:58] [Server thread/TRACE] [FML]:   Registry: 275 minecraft:stone_axe net.minecraft.item.ItemAxe@fee881
[22:38:58] [Server thread/TRACE] [FML]:   Registry: 276 minecraft:diamond_sword net.minecraft.item.ItemSword@1ff463bb
[22:38:58] [Server thread/TRACE] [FML]:   Registry: 277 minecraft:diamond_shovel net.minecraft.item.ItemSpade@3b9c9b8b
[22:38:58] [Server thread/TRACE] [FML]:   Registry: 278 minecraft:diamond_pickaxe net.minecraft.item.ItemPickaxe@7769d9b6
[22:38:58] [Server thread/TRACE] [FML]:   Registry: 279 minecraft:diamond_axe net.minecraft.item.ItemAxe@248d3a
[22:38:58] [Server thread/TRACE] [FML]:   Registry: 280 minecraft:stick net.minecraft.item.Item@3c71cf3e
[22:38:58] [Server thread/TRACE] [FML]:   Registry: 281 minecraft:bowl net.minecraft.item.Item@636e4bf8
[22:38:58] [Server thread/TRACE] [FML]:   Registry: 282 minecraft:mushroom_stew net.minecraft.item.ItemSoup@1be77a76
[22:38:58] [Server thread/TRACE] [FML]:   Registry: 283 minecraft:golden_sword net.minecraft.item.ItemSword@315cf170
[22:38:58] [Server thread/TRACE] [FML]:   Registry: 284 minecraft:golden_shovel net.minecraft.item.ItemSpade@7878bbdb
[22:38:58] [Server thread/TRACE] [FML]:   Registry: 285 minecraft:golden_pickaxe net.minecraft.item.ItemPickaxe@25f7cc38
[22:38:58] [Server thread/TRACE] [FML]:   Registry: 286 minecraft:golden_axe net.minecraft.item.ItemAxe@563263a
[22:38:58] [Server thread/TRACE] [FML]:   Registry: 287 minecraft:string net.minecraft.item.ItemBlockSpecial@2e1ba142
[22:38:58] [Server thread/TRACE] [FML]:   Registry: 288 minecraft:feather net.minecraft.item.Item@abc7005
[22:38:58] [Server thread/TRACE] [FML]:   Registry: 289 minecraft:gunpowder net.minecraft.item.Item@595ec862
[22:38:58] [Server thread/TRACE] [FML]:   Registry: 290 minecraft:wooden_hoe net.minecraft.item.ItemHoe@77cd235b
[22:38:58] [Server thread/TRACE] [FML]:   Registry: 291 minecraft:stone_hoe net.minecraft.item.ItemHoe@302da330
[22:38:58] [Server thread/TRACE] [FML]:   Registry: 292 minecraft:iron_hoe net.minecraft.item.ItemHoe@3568ea59
[22:38:58] [Server thread/TRACE] [FML]:   Registry: 293 minecraft:diamond_hoe net.minecraft.item.ItemHoe@9f2376f
[22:38:58] [Server thread/TRACE] [FML]:   Registry: 294 minecraft:golden_hoe net.minecraft.item.ItemHoe@173b1af1
[22:38:58] [Server thread/TRACE] [FML]:   Registry: 295 minecraft:wheat_seeds net.minecraft.item.ItemSeeds@359865a2
[22:38:58] [Server thread/TRACE] [FML]:   Registry: 296 minecraft:wheat net.minecraft.item.Item@5d9bb69b
[22:38:58] [Server thread/TRACE] [FML]:   Registry: 297 minecraft:bread net.minecraft.item.ItemFood@25d0b918
[22:38:58] [Server thread/TRACE] [FML]:   Registry: 298 minecraft:leather_helmet net.minecraft.item.ItemArmor@4b09d1c3
[22:38:58] [Server thread/TRACE] [FML]:   Registry: 299 minecraft:leather_chestplate net.minecraft.item.ItemArmor@18811c42
[22:38:58] [Server thread/TRACE] [FML]:   Registry: 300 minecraft:leather_leggings net.minecraft.item.ItemArmor@627acb38
[22:38:58] [Server thread/TRACE] [FML]:   Registry: 301 minecraft:leather_boots net.minecraft.item.ItemArmor@32b95de
[22:38:58] [Server thread/TRACE] [FML]:   Registry: 302 minecraft:chainmail_helmet net.minecraft.item.ItemArmor@629cbb1
[22:38:58] [Server thread/TRACE] [FML]:   Registry: 303 minecraft:chainmail_chestplate net.minecraft.item.ItemArmor@165aa43a
[22:38:58] [Server thread/TRACE] [FML]:   Registry: 304 minecraft:chainmail_leggings net.minecraft.item.ItemArmor@22cd8ec2
[22:38:58] [Server thread/TRACE] [FML]:   Registry: 305 minecraft:chainmail_boots net.minecraft.item.ItemArmor@7d977a20
[22:38:58] [Server thread/TRACE] [FML]:   Registry: 306 minecraft:iron_helmet net.minecraft.item.ItemArmor@35ab4260
[22:38:58] [Server thread/TRACE] [FML]:   Registry: 307 minecraft:iron_chestplate net.minecraft.item.ItemArmor@76134b9b
[22:38:58] [Server thread/TRACE] [FML]:   Registry: 308 minecraft:iron_leggings net.minecraft.item.ItemArmor@38667005
[22:38:58] [Server thread/TRACE] [FML]:   Registry: 309 minecraft:iron_boots net.minecraft.item.ItemArmor@7ee64b53
[22:38:58] [Server thread/TRACE] [FML]:   Registry: 310 minecraft:diamond_helmet net.minecraft.item.ItemArmor@1131aead
[22:38:58] [Server thread/TRACE] [FML]:   Registry: 311 minecraft:diamond_chestplate net.minecraft.item.ItemArmor@7d126083
[22:38:58] [Server thread/TRACE] [FML]:   Registry: 312 minecraft:diamond_leggings net.minecraft.item.ItemArmor@76ffc17c
[22:38:58] [Server thread/TRACE] [FML]:   Registry: 313 minecraft:diamond_boots net.minecraft.item.ItemArmor@3a8fb023
[22:38:58] [Server thread/TRACE] [FML]:   Registry: 314 minecraft:golden_helmet net.minecraft.item.ItemArmor@26d73519
[22:38:58] [Server thread/TRACE] [FML]:   Registry: 315 minecraft:golden_chestplate net.minecraft.item.ItemArmor@48af5f38
[22:38:58] [Server thread/TRACE] [FML]:   Registry: 316 minecraft:golden_leggings net.minecraft.item.ItemArmor@40538370
[22:38:58] [Server thread/TRACE] [FML]:   Registry: 317 minecraft:golden_boots net.minecraft.item.ItemArmor@71a2df1
[22:38:58] [Server thread/TRACE] [FML]:   Registry: 318 minecraft:flint net.minecraft.item.Item@18faaff6
[22:38:58] [Server thread/TRACE] [FML]:   Registry: 319 minecraft:porkchop net.minecraft.item.ItemFood@2a9e754e
[22:38:58] [Server thread/TRACE] [FML]:   Registry: 320 minecraft:cooked_porkchop net.minecraft.item.ItemFood@760a2b6e
[22:38:58] [Server thread/TRACE] [FML]:   Registry: 321 minecraft:painting net.minecraft.item.ItemHangingEntity@780ee3ad
[22:38:58] [Server thread/TRACE] [FML]:   Registry: 322 minecraft:golden_apple net.minecraft.item.ItemAppleGold@66b31d46
[22:38:58] [Server thread/TRACE] [FML]:   Registry: 323 minecraft:sign net.minecraft.item.ItemSign@5fc1e4fb
[22:38:58] [Server thread/TRACE] [FML]:   Registry: 324 minecraft:wooden_door net.minecraft.item.ItemDoor@4768b95c
[22:38:58] [Server thread/TRACE] [FML]:   Registry: 325 minecraft:bucket net.minecraft.item.ItemBucket@62de73eb
[22:38:58] [Server thread/TRACE] [FML]:   Registry: 326 minecraft:water_bucket net.minecraft.item.ItemBucket@97b5e6a
[22:38:58] [Server thread/TRACE] [FML]:   Registry: 327 minecraft:lava_bucket net.minecraft.item.ItemBucket@29f95272
[22:38:58] [Server thread/TRACE] [FML]:   Registry: 328 minecraft:minecart net.minecraft.item.ItemMinecart@1c7843c3
[22:38:58] [Server thread/TRACE] [FML]:   Registry: 329 minecraft:saddle net.minecraft.item.ItemSaddle@93ce24d
[22:38:58] [Server thread/TRACE] [FML]:   Registry: 330 minecraft:iron_door net.minecraft.item.ItemDoor@d949bc4
[22:38:58] [Server thread/TRACE] [FML]:   Registry: 331 minecraft:redstone net.minecraft.item.ItemRedstone@6abe62bb
[22:38:58] [Server thread/TRACE] [FML]:   Registry: 332 minecraft:snowball net.minecraft.item.ItemSnowball@545604a9
[22:38:58] [Server thread/TRACE] [FML]:   Registry: 333 minecraft:boat net.minecraft.item.ItemBoat@655909e2
[22:38:58] [Server thread/TRACE] [FML]:   Registry: 334 minecraft:leather net.minecraft.item.Item@716ae973
[22:38:58] [Server thread/TRACE] [FML]:   Registry: 335 minecraft:milk_bucket net.minecraft.item.ItemBucketMilk@41059616
[22:38:58] [Server thread/TRACE] [FML]:   Registry: 336 minecraft:brick net.minecraft.item.Item@2e93108a
[22:38:58] [Server thread/TRACE] [FML]:   Registry: 337 minecraft:clay_ball net.minecraft.item.Item@34e25492
[22:38:58] [Server thread/TRACE] [FML]:   Registry: 338 minecraft:reeds net.minecraft.item.ItemBlockSpecial@32f308c6
[22:38:58] [Server thread/TRACE] [FML]:   Registry: 339 minecraft:paper net.minecraft.item.Item@5f2b9da8
[22:38:58] [Server thread/TRACE] [FML]:   Registry: 340 minecraft:book net.minecraft.item.ItemBook@5909ae90
[22:38:58] [Server thread/TRACE] [FML]:   Registry: 341 minecraft:slime_ball net.minecraft.item.Item@4489f60f
[22:38:58] [Server thread/TRACE] [FML]:   Registry: 342 minecraft:chest_minecart net.minecraft.item.ItemMinecart@fe08eaf
[22:38:58] [Server thread/TRACE] [FML]:   Registry: 343 minecraft:furnace_minecart net.minecraft.item.ItemMinecart@6fd9dbe6
[22:38:58] [Server thread/TRACE] [FML]:   Registry: 344 minecraft:egg net.minecraft.item.ItemEgg@5a7a6d34
[22:38:58] [Server thread/TRACE] [FML]:   Registry: 345 minecraft:compass net.minecraft.item.ItemCompass@1aaf46e6
[22:38:58] [Server thread/TRACE] [FML]:   Registry: 346 minecraft:fishing_rod net.minecraft.item.ItemFishingRod@39acd1f1
[22:38:58] [Server thread/TRACE] [FML]:   Registry: 347 minecraft:clock net.minecraft.item.ItemClock@3a72e2e8
[22:38:58] [Server thread/TRACE] [FML]:   Registry: 348 minecraft:glowstone_dust net.minecraft.item.Item@42401b81
[22:38:58] [Server thread/TRACE] [FML]:   Registry: 349 minecraft:fish net.minecraft.item.ItemFishFood@4f20b022
[22:38:58] [Server thread/TRACE] [FML]:   Registry: 350 minecraft:cooked_fish net.minecraft.item.ItemFishFood@72a34537
[22:38:58] [Server thread/TRACE] [FML]:   Registry: 351 minecraft:dye net.minecraft.item.ItemDye@68821f6
[22:38:58] [Server thread/TRACE] [FML]:   Registry: 352 minecraft:bone net.minecraft.item.Item@3ba46845
[22:38:58] [Server thread/TRACE] [FML]:   Registry: 353 minecraft:sugar net.minecraft.item.Item@40a28bda
[22:38:58] [Server thread/TRACE] [FML]:   Registry: 354 minecraft:cake net.minecraft.item.ItemBlockSpecial@592cb470
[22:38:58] [Server thread/TRACE] [FML]:   Registry: 355 minecraft:bed net.minecraft.item.ItemBed@15d79b70
[22:38:58] [Server thread/TRACE] [FML]:   Registry: 356 minecraft:repeater net.minecraft.item.ItemBlockSpecial@33430fc
[22:38:58] [Server thread/TRACE] [FML]:   Registry: 357 minecraft:cookie net.minecraft.item.ItemFood@45424c0
[22:38:58] [Server thread/TRACE] [FML]:   Registry: 358 minecraft:filled_map net.minecraft.item.ItemMap@43423d40
[22:38:58] [Server thread/TRACE] [FML]:   Registry: 359 minecraft:shears net.minecraft.item.ItemShears@7a117dc2
[22:38:58] [Server thread/TRACE] [FML]:   Registry: 360 minecraft:melon net.minecraft.item.ItemFood@1d444652
[22:38:58] [Server thread/TRACE] [FML]:   Registry: 361 minecraft:pumpkin_seeds net.minecraft.item.ItemSeeds@669c2b07
[22:38:58] [Server thread/TRACE] [FML]:   Registry: 362 minecraft:melon_seeds net.minecraft.item.ItemSeeds@1b1ea1d9
[22:38:58] [Server thread/TRACE] [FML]:   Registry: 363 minecraft:beef net.minecraft.item.ItemFood@6a902015
[22:38:58] [Server thread/TRACE] [FML]:   Registry: 364 minecraft:cooked_beef net.minecraft.item.ItemFood@55d99dc3
[22:38:58] [Server thread/TRACE] [FML]:   Registry: 365 minecraft:chicken net.minecraft.item.ItemFood@7d18338b
[22:38:58] [Server thread/TRACE] [FML]:   Registry: 366 minecraft:cooked_chicken net.minecraft.item.ItemFood@3f4a605f
[22:38:58] [Server thread/TRACE] [FML]:   Registry: 367 minecraft:rotten_flesh net.minecraft.item.ItemFood@30c8c6ab
[22:38:58] [Server thread/TRACE] [FML]:   Registry: 368 minecraft:ender_pearl net.minecraft.item.ItemEnderPearl@7b8b07ae
[22:38:58] [Server thread/TRACE] [FML]:   Registry: 369 minecraft:blaze_rod net.minecraft.item.Item@19ec5357
[22:38:58] [Server thread/TRACE] [FML]:   Registry: 370 minecraft:ghast_tear net.minecraft.item.Item@351d93bd
[22:38:58] [Server thread/TRACE] [FML]:   Registry: 371 minecraft:gold_nugget net.minecraft.item.Item@61c5fd78
[22:38:58] [Server thread/TRACE] [FML]:   Registry: 372 minecraft:nether_wart net.minecraft.item.ItemSeeds@42503099
[22:38:58] [Server thread/TRACE] [FML]:   Registry: 373 minecraft:potion net.minecraft.item.ItemPotion@60844992
[22:38:58] [Server thread/TRACE] [FML]:   Registry: 374 minecraft:glass_bottle net.minecraft.item.ItemGlassBottle@77856cc5
[22:38:58] [Server thread/TRACE] [FML]:   Registry: 375 minecraft:spider_eye net.minecraft.item.ItemFood@1fbd5e0
[22:38:58] [Server thread/TRACE] [FML]:   Registry: 376 minecraft:fermented_spider_eye net.minecraft.item.Item@32d22650
[22:38:58] [Server thread/TRACE] [FML]:   Registry: 377 minecraft:blaze_powder net.minecraft.item.Item@135064ea
[22:38:58] [Server thread/TRACE] [FML]:   Registry: 378 minecraft:magma_cream net.minecraft.item.Item@4f6fd101
[22:38:58] [Server thread/TRACE] [FML]:   Registry: 379 minecraft:brewing_stand net.minecraft.item.ItemBlockSpecial@106459d9
[22:38:58] [Server thread/TRACE] [FML]:   Registry: 380 minecraft:cauldron net.minecraft.item.ItemBlockSpecial@33a71d23
[22:38:58] [Server thread/TRACE] [FML]:   Registry: 381 minecraft:ender_eye net.minecraft.item.ItemEnderEye@a55e82a
[22:38:58] [Server thread/TRACE] [FML]:   Registry: 382 minecraft:speckled_melon net.minecraft.item.Item@70ee9d31
[22:38:58] [Server thread/TRACE] [FML]:   Registry: 383 minecraft:spawn_egg net.minecraft.item.ItemMonsterPlacer@3ec082a1
[22:38:58] [Server thread/TRACE] [FML]:   Registry: 384 minecraft:experience_bottle net.minecraft.item.ItemExpBottle@2bb3f39e
[22:38:58] [Server thread/TRACE] [FML]:   Registry: 385 minecraft:fire_charge net.minecraft.item.ItemFireball@1a3b1f7e
[22:38:58] [Server thread/TRACE] [FML]:   Registry: 386 minecraft:writable_book net.minecraft.item.ItemWritableBook@636fccb0
[22:38:58] [Server thread/TRACE] [FML]:   Registry: 387 minecraft:written_book net.minecraft.item.ItemWrittenBook@428eb3d5
[22:38:58] [Server thread/TRACE] [FML]:   Registry: 388 minecraft:emerald net.minecraft.item.Item@5ddd84d2
[22:38:58] [Server thread/TRACE] [FML]:   Registry: 389 minecraft:item_frame net.minecraft.item.ItemHangingEntity@3fd5d679
[22:38:58] [Server thread/TRACE] [FML]:   Registry: 390 minecraft:flower_pot net.minecraft.item.ItemBlockSpecial@7aa15a80
[22:38:58] [Server thread/TRACE] [FML]:   Registry: 391 minecraft:carrot net.minecraft.item.ItemSeedFood@62b786dc
[22:38:58] [Server thread/TRACE] [FML]:   Registry: 392 minecraft:potato net.minecraft.item.ItemSeedFood@7ba1cdbe
[22:38:58] [Server thread/TRACE] [FML]:   Registry: 393 minecraft:baked_potato net.minecraft.item.ItemFood@48d5ca17
[22:38:58] [Server thread/TRACE] [FML]:   Registry: 394 minecraft:poisonous_potato net.minecraft.item.ItemFood@226e07e7
[22:38:58] [Server thread/TRACE] [FML]:   Registry: 395 minecraft:map net.minecraft.item.ItemEmptyMap@4e8afdad
[22:38:58] [Server thread/TRACE] [FML]:   Registry: 396 minecraft:golden_carrot net.minecraft.item.ItemFood@79b8ecb
[22:38:58] [Server thread/TRACE] [FML]:   Registry: 397 minecraft:skull net.minecraft.item.ItemSkull@2c1ea7be
[22:38:58] [Server thread/TRACE] [FML]:   Registry: 398 minecraft:carrot_on_a_stick net.minecraft.item.ItemCarrotOnAStick@2ce47652
[22:38:58] [Server thread/TRACE] [FML]:   Registry: 399 minecraft:nether_star net.minecraft.item.ItemSimpleFoiled@4db6348b
[22:38:58] [Server thread/TRACE] [FML]:   Registry: 400 minecraft:pumpkin_pie net.minecraft.item.ItemFood@7742a276
[22:38:58] [Server thread/TRACE] [FML]:   Registry: 401 minecraft:fireworks net.minecraft.item.ItemFirework@20231384
[22:38:58] [Server thread/TRACE] [FML]:   Registry: 402 minecraft:firework_charge net.minecraft.item.ItemFireworkCharge@73d91faf
[22:38:58] [Server thread/TRACE] [FML]:   Registry: 403 minecraft:enchanted_book net.minecraft.item.ItemEnchantedBook@6b751cb1
[22:38:58] [Server thread/TRACE] [FML]:   Registry: 404 minecraft:comparator net.minecraft.item.ItemBlockSpecial@df9d400
[22:38:58] [Server thread/TRACE] [FML]:   Registry: 405 minecraft:netherbrick net.minecraft.item.Item@4ec427
[22:38:58] [Server thread/TRACE] [FML]:   Registry: 406 minecraft:quartz net.minecraft.item.Item@4c8d45cf
[22:38:58] [Server thread/TRACE] [FML]:   Registry: 407 minecraft:tnt_minecart net.minecraft.item.ItemMinecart@fde487b
[22:38:58] [Server thread/TRACE] [FML]:   Registry: 408 minecraft:hopper_minecart net.minecraft.item.ItemMinecart@4cc4d454
[22:38:58] [Server thread/TRACE] [FML]:   Registry: 409 minecraft:prismarine_shard net.minecraft.item.Item@3add5e17
[22:38:58] [Server thread/TRACE] [FML]:   Registry: 410 minecraft:prismarine_crystals net.minecraft.item.Item@1c58d7be
[22:38:58] [Server thread/TRACE] [FML]:   Registry: 411 minecraft:rabbit net.minecraft.item.ItemFood@61b8c9de
[22:38:58] [Server thread/TRACE] [FML]:   Registry: 412 minecraft:cooked_rabbit net.minecraft.item.ItemFood@b34c7c9
[22:38:58] [Server thread/TRACE] [FML]:   Registry: 413 minecraft:rabbit_stew net.minecraft.item.ItemSoup@5b490d5e
[22:38:58] [Server thread/TRACE] [FML]:   Registry: 414 minecraft:rabbit_foot net.minecraft.item.Item@1f6c4ae
[22:38:58] [Server thread/TRACE] [FML]:   Registry: 415 minecraft:rabbit_hide net.minecraft.item.Item@26270b77
[22:38:58] [Server thread/TRACE] [FML]:   Registry: 416 minecraft:armor_stand net.minecraft.item.ItemArmorStand@2c56eba5
[22:38:58] [Server thread/TRACE] [FML]:   Registry: 417 minecraft:iron_horse_armor net.minecraft.item.Item@6231f77a
[22:38:58] [Server thread/TRACE] [FML]:   Registry: 418 minecraft:golden_horse_armor net.minecraft.item.Item@290c266c
[22:38:58] [Server thread/TRACE] [FML]:   Registry: 419 minecraft:diamond_horse_armor net.minecraft.item.Item@75b363c3
[22:38:58] [Server thread/TRACE] [FML]:   Registry: 420 minecraft:lead net.minecraft.item.ItemLead@58ebee9
[22:38:58] [Server thread/TRACE] [FML]:   Registry: 421 minecraft:name_tag net.minecraft.item.ItemNameTag@6be50b35
[22:38:58] [Server thread/TRACE] [FML]:   Registry: 422 minecraft:command_block_minecart net.minecraft.item.ItemMinecart@ce2eaa7
[22:38:58] [Server thread/TRACE] [FML]:   Registry: 423 minecraft:mutton net.minecraft.item.ItemFood@2166c48a
[22:38:58] [Server thread/TRACE] [FML]:   Registry: 424 minecraft:cooked_mutton net.minecraft.item.ItemFood@304744a1
[22:38:58] [Server thread/TRACE] [FML]:   Registry: 425 minecraft:banner net.minecraft.item.ItemBanner@4449a60b
[22:38:58] [Server thread/TRACE] [FML]:   Registry: 426 minecraft:end_crystal net.minecraft.item.ItemEndCrystal@6cd7f381
[22:38:58] [Server thread/TRACE] [FML]:   Registry: 427 minecraft:spruce_door net.minecraft.item.ItemDoor@7df3da0b
[22:38:58] [Server thread/TRACE] [FML]:   Registry: 428 minecraft:birch_door net.minecraft.item.ItemDoor@4e5d5ac1
[22:38:58] [Server thread/TRACE] [FML]:   Registry: 429 minecraft:jungle_door net.minecraft.item.ItemDoor@70777a65
[22:38:58] [Server thread/TRACE] [FML]:   Registry: 430 minecraft:acacia_door net.minecraft.item.ItemDoor@236fd411
[22:38:58] [Server thread/TRACE] [FML]:   Registry: 431 minecraft:dark_oak_door net.minecraft.item.ItemDoor@402f61f5
[22:38:58] [Server thread/TRACE] [FML]:   Registry: 432 minecraft:chorus_fruit net.minecraft.item.ItemChorusFruit@288409f0
[22:38:58] [Server thread/TRACE] [FML]:   Registry: 433 minecraft:chorus_fruit_popped net.minecraft.item.Item@7d685f4e
[22:38:58] [Server thread/TRACE] [FML]:   Registry: 434 minecraft:beetroot net.minecraft.item.ItemFood@61eab26b
[22:38:58] [Server thread/TRACE] [FML]:   Registry: 435 minecraft:beetroot_seeds net.minecraft.item.ItemSeeds@19ac93d2
[22:38:58] [Server thread/TRACE] [FML]:   Registry: 436 minecraft:beetroot_soup net.minecraft.item.ItemSoup@116fc29e
[22:38:58] [Server thread/TRACE] [FML]:   Registry: 437 minecraft:dragon_breath net.minecraft.item.Item@2e426dd2
[22:38:58] [Server thread/TRACE] [FML]:   Registry: 438 minecraft:splash_potion net.minecraft.item.ItemSplashPotion@2b9d4b0
[22:38:58] [Server thread/TRACE] [FML]:   Registry: 439 minecraft:spectral_arrow net.minecraft.item.ItemSpectralArrow@5b5b53c6
[22:38:58] [Server thread/TRACE] [FML]:   Registry: 440 minecraft:tipped_arrow net.minecraft.item.ItemTippedArrow@2e7a9db7
[22:38:58] [Server thread/TRACE] [FML]:   Registry: 441 minecraft:lingering_potion net.minecraft.item.ItemLingeringPotion@54234569
[22:38:58] [Server thread/TRACE] [FML]:   Registry: 442 minecraft:shield net.minecraft.item.ItemShield@4a453f8d
[22:38:58] [Server thread/TRACE] [FML]:   Registry: 443 minecraft:elytra net.minecraft.item.ItemElytra@59e0d521
[22:38:58] [Server thread/TRACE] [FML]:   Registry: 444 minecraft:spruce_boat net.minecraft.item.ItemBoat@2e3900dc
[22:38:58] [Server thread/TRACE] [FML]:   Registry: 445 minecraft:birch_boat net.minecraft.item.ItemBoat@5ad0c70a
[22:38:58] [Server thread/TRACE] [FML]:   Registry: 446 minecraft:jungle_boat net.minecraft.item.ItemBoat@2a16d4dc
[22:38:58] [Server thread/TRACE] [FML]:   Registry: 447 minecraft:acacia_boat net.minecraft.item.ItemBoat@75805562
[22:38:58] [Server thread/TRACE] [FML]:   Registry: 448 minecraft:dark_oak_boat net.minecraft.item.ItemBoat@13d984ee
[22:38:58] [Server thread/TRACE] [FML]:   Registry: 449 minecraft:totem_of_undying net.minecraft.item.Item@4fedf908
[22:38:58] [Server thread/TRACE] [FML]:   Registry: 450 minecraft:shulker_shell net.minecraft.item.Item@5341641d
[22:38:58] [Server thread/TRACE] [FML]:   Registry: 452 minecraft:iron_nugget net.minecraft.item.Item@241d1052
[22:38:58] [Server thread/TRACE] [FML]:   Registry: 453 minecraft:knowledge_book net.minecraft.item.ItemKnowledgeBook@5402612e
[22:38:58] [Server thread/TRACE] [FML]:   Registry: 2256 minecraft:record_13 net.minecraft.item.ItemRecord@3129299f
[22:38:58] [Server thread/TRACE] [FML]:   Registry: 2257 minecraft:record_cat net.minecraft.item.ItemRecord@2f73f0c7
[22:38:58] [Server thread/TRACE] [FML]:   Registry: 2258 minecraft:record_blocks net.minecraft.item.ItemRecord@4fdac2a7
[22:38:58] [Server thread/TRACE] [FML]:   Registry: 2259 minecraft:record_chirp net.minecraft.item.ItemRecord@8debe42
[22:38:58] [Server thread/TRACE] [FML]:   Registry: 2260 minecraft:record_far net.minecraft.item.ItemRecord@70c31b17
[22:38:58] [Server thread/TRACE] [FML]:   Registry: 2261 minecraft:record_mall net.minecraft.item.ItemRecord@40863800
[22:38:58] [Server thread/TRACE] [FML]:   Registry: 2262 minecraft:record_mellohi net.minecraft.item.ItemRecord@5950054d
[22:38:58] [Server thread/TRACE] [FML]:   Registry: 2263 minecraft:record_stal net.minecraft.item.ItemRecord@24018c8b
[22:38:58] [Server thread/TRACE] [FML]:   Registry: 2264 minecraft:record_strad net.minecraft.item.ItemRecord@4cf230bf
[22:38:58] [Server thread/TRACE] [FML]:   Registry: 2265 minecraft:record_ward net.minecraft.item.ItemRecord@3dc55719
[22:38:58] [Server thread/TRACE] [FML]:   Registry: 2266 minecraft:record_11 net.minecraft.item.ItemRecord@64665781
[22:38:58] [Server thread/TRACE] [FML]:   Registry: 2267 minecraft:record_wait net.minecraft.item.ItemRecord@4c2bea52
[22:38:58] [Server thread/TRACE] [FML]: Registry Name : minecraft:potions
[22:38:58] [Server thread/TRACE] [FML]:   Registry: 1 minecraft:speed net.minecraft.potion.Potion@4b32465
[22:38:58] [Server thread/TRACE] [FML]:   Registry: 2 minecraft:slowness net.minecraft.potion.Potion@146f3d22
[22:38:58] [Server thread/TRACE] [FML]:   Registry: 3 minecraft:haste net.minecraft.potion.Potion@66b6873f
[22:38:58] [Server thread/TRACE] [FML]:   Registry: 4 minecraft:mining_fatigue net.minecraft.potion.Potion@52285a5f
[22:38:58] [Server thread/TRACE] [FML]:   Registry: 5 minecraft:strength net.minecraft.potion.PotionAttackDamage@15e5246
[22:38:58] [Server thread/TRACE] [FML]:   Registry: 6 minecraft:instant_health net.minecraft.potion.PotionHealth@1bec1589
[22:38:58] [Server thread/TRACE] [FML]:   Registry: 7 minecraft:instant_damage net.minecraft.potion.PotionHealth@57f0bfc3
[22:38:58] [Server thread/TRACE] [FML]:   Registry: 8 minecraft:jump_boost net.minecraft.potion.Potion@14590fe2
[22:38:58] [Server thread/TRACE] [FML]:   Registry: 9 minecraft:nausea net.minecraft.potion.Potion@5922cff3
[22:38:58] [Server thread/TRACE] [FML]:   Registry: 10 minecraft:regeneration net.minecraft.potion.Potion@2299d903
[22:38:58] [Server thread/TRACE] [FML]:   Registry: 11 minecraft:resistance net.minecraft.potion.Potion@70c56434
[22:38:58] [Server thread/TRACE] [FML]:   Registry: 12 minecraft:fire_resistance net.minecraft.potion.Potion@2c3f43d1
[22:38:58] [Server thread/TRACE] [FML]:   Registry: 13 minecraft:water_breathing net.minecraft.potion.Potion@632d4cf2
[22:38:58] [Server thread/TRACE] [FML]:   Registry: 14 minecraft:invisibility net.minecraft.potion.Potion@f10d055
[22:38:58] [Server thread/TRACE] [FML]:   Registry: 15 minecraft:blindness net.minecraft.potion.Potion@542ff147
[22:38:58] [Server thread/TRACE] [FML]:   Registry: 16 minecraft:night_vision net.minecraft.potion.Potion@2d801d8
[22:38:58] [Server thread/TRACE] [FML]:   Registry: 17 minecraft:hunger net.minecraft.potion.Potion@b9b97ad
[22:38:58] [Server thread/TRACE] [FML]:   Registry: 18 minecraft:weakness net.minecraft.potion.PotionAttackDamage@2807cf3
[22:38:58] [Server thread/TRACE] [FML]:   Registry: 19 minecraft:poison net.minecraft.potion.Potion@298e002d
[22:38:58] [Server thread/TRACE] [FML]:   Registry: 20 minecraft:wither net.minecraft.potion.Potion@6b9a1205
[22:38:58] [Server thread/TRACE] [FML]:   Registry: 21 minecraft:health_boost net.minecraft.potion.PotionHealthBoost@3dd2b9c1
[22:38:58] [Server thread/TRACE] [FML]:   Registry: 22 minecraft:absorption net.minecraft.potion.PotionAbsorption@72f3f14c
[22:38:58] [Server thread/TRACE] [FML]:   Registry: 23 minecraft:saturation net.minecraft.potion.PotionHealth@4cb4c4cc
[22:38:58] [Server thread/TRACE] [FML]:   Registry: 24 minecraft:glowing net.minecraft.potion.Potion@4a122e68
[22:38:58] [Server thread/TRACE] [FML]:   Registry: 25 minecraft:levitation net.minecraft.potion.Potion@41be8db9
[22:38:58] [Server thread/TRACE] [FML]:   Registry: 26 minecraft:luck net.minecraft.potion.Potion@2c2a7d53
[22:38:58] [Server thread/TRACE] [FML]:   Registry: 27 minecraft:unluck net.minecraft.potion.Potion@46524ebe
[22:38:58] [Server thread/TRACE] [FML]: Registry Name : minecraft:biomes
[22:38:58] [Server thread/TRACE] [FML]:   Registry: 0 minecraft:ocean net.minecraft.world.biome.BiomeOcean@a6fc1bc
[22:38:58] [Server thread/TRACE] [FML]:   Registry: 1 minecraft:plains net.minecraft.world.biome.BiomePlains@360a3106
[22:38:58] [Server thread/TRACE] [FML]:   Registry: 2 minecraft:desert net.minecraft.world.biome.BiomeDesert@7e9a836
[22:38:58] [Server thread/TRACE] [FML]:   Registry: 3 minecraft:extreme_hills net.minecraft.world.biome.BiomeHills@50e1f3fc
[22:38:58] [Server thread/TRACE] [FML]:   Registry: 4 minecraft:forest net.minecraft.world.biome.BiomeForest@63a72cc6
[22:38:58] [Server thread/TRACE] [FML]:   Registry: 5 minecraft:taiga net.minecraft.world.biome.BiomeTaiga@70ce2fb2
[22:38:58] [Server thread/TRACE] [FML]:   Registry: 6 minecraft:swampland net.minecraft.world.biome.BiomeSwamp@4d525897
[22:38:58] [Server thread/TRACE] [FML]:   Registry: 7 minecraft:river net.minecraft.world.biome.BiomeRiver@24435620
[22:38:58] [Server thread/TRACE] [FML]:   Registry: 8 minecraft:hell net.minecraft.world.biome.BiomeHell@4feec184
[22:38:58] [Server thread/TRACE] [FML]:   Registry: 9 minecraft:sky net.minecraft.world.biome.BiomeEnd@291cbe70
[22:38:58] [Server thread/TRACE] [FML]:   Registry: 10 minecraft:frozen_ocean net.minecraft.world.biome.BiomeOcean@6be422da
[22:38:58] [Server thread/TRACE] [FML]:   Registry: 11 minecraft:frozen_river net.minecraft.world.biome.BiomeRiver@225ddf5f
[22:38:58] [Server thread/TRACE] [FML]:   Registry: 12 minecraft:ice_flats net.minecraft.world.biome.BiomeSnow@59b3f754
[22:38:58] [Server thread/TRACE] [FML]:   Registry: 13 minecraft:ice_mountains net.minecraft.world.biome.BiomeSnow@18dbc1b
[22:38:58] [Server thread/TRACE] [FML]:   Registry: 14 minecraft:mushroom_island net.minecraft.world.biome.BiomeMushroomIsland@8315e4a
[22:38:58] [Server thread/TRACE] [FML]:   Registry: 15 minecraft:mushroom_island_shore net.minecraft.world.biome.BiomeMushroomIsland@4efe014f
[22:38:58] [Server thread/TRACE] [FML]:   Registry: 16 minecraft:beaches net.minecraft.world.biome.BiomeBeach@7c5ac0
[22:38:58] [Server thread/TRACE] [FML]:   Registry: 17 minecraft:desert_hills net.minecraft.world.biome.BiomeDesert@23d978b
[22:38:58] [Server thread/TRACE] [FML]:   Registry: 18 minecraft:forest_hills net.minecraft.world.biome.BiomeForest@3cf70afa
[22:38:58] [Server thread/TRACE] [FML]:   Registry: 19 minecraft:taiga_hills net.minecraft.world.biome.BiomeTaiga@66dd04e2
[22:38:58] [Server thread/TRACE] [FML]:   Registry: 20 minecraft:smaller_extreme_hills net.minecraft.world.biome.BiomeHills@495e8a3
[22:38:58] [Server thread/TRACE] [FML]:   Registry: 21 minecraft:jungle net.minecraft.world.biome.BiomeJungle@74a74070
[22:38:58] [Server thread/TRACE] [FML]:   Registry: 22 minecraft:jungle_hills net.minecraft.world.biome.BiomeJungle@6c6919ff
[22:38:58] [Server thread/TRACE] [FML]:   Registry: 23 minecraft:jungle_edge net.minecraft.world.biome.BiomeJungle@5de335cf
[22:38:58] [Server thread/TRACE] [FML]:   Registry: 24 minecraft:deep_ocean net.minecraft.world.biome.BiomeOcean@1e029a04
[22:38:58] [Server thread/TRACE] [FML]:   Registry: 25 minecraft:stone_beach net.minecraft.world.biome.BiomeStoneBeach@74eab077
[22:38:58] [Server thread/TRACE] [FML]:   Registry: 26 minecraft:cold_beach net.minecraft.world.biome.BiomeBeach@3063be68
[22:38:58] [Server thread/TRACE] [FML]:   Registry: 27 minecraft:birch_forest net.minecraft.world.biome.BiomeForest@3a3bc0da
[22:38:58] [Server thread/TRACE] [FML]:   Registry: 28 minecraft:birch_forest_hills net.minecraft.world.biome.BiomeForest@2d2f09a4
[22:38:58] [Server thread/TRACE] [FML]:   Registry: 29 minecraft:roofed_forest net.minecraft.world.biome.BiomeForest@c677d7e
[22:38:58] [Server thread/TRACE] [FML]:   Registry: 30 minecraft:taiga_cold net.minecraft.world.biome.BiomeTaiga@215a0264
[22:38:58] [Server thread/TRACE] [FML]:   Registry: 31 minecraft:taiga_cold_hills net.minecraft.world.biome.BiomeTaiga@45832b85
[22:38:58] [Server thread/TRACE] [FML]:   Registry: 32 minecraft:redwood_taiga net.minecraft.world.biome.BiomeTaiga@103478b8
[22:38:58] [Server thread/TRACE] [FML]:   Registry: 33 minecraft:redwood_taiga_hills net.minecraft.world.biome.BiomeTaiga@270f7b4d
[22:38:58] [Server thread/TRACE] [FML]:   Registry: 34 minecraft:extreme_hills_with_trees net.minecraft.world.biome.BiomeHills@56b704ea
[22:38:58] [Server thread/TRACE] [FML]:   Registry: 35 minecraft:savanna net.minecraft.world.biome.BiomeSavanna@39f68aec
[22:38:58] [Server thread/TRACE] [FML]:   Registry: 36 minecraft:savanna_rock net.minecraft.world.biome.BiomeSavanna@65ff4b8c
[22:38:58] [Server thread/TRACE] [FML]:   Registry: 37 minecraft:mesa net.minecraft.world.biome.BiomeMesa@32069394
[22:38:58] [Server thread/TRACE] [FML]:   Registry: 38 minecraft:mesa_rock net.minecraft.world.biome.BiomeMesa@70421a08
[22:38:58] [Server thread/TRACE] [FML]:   Registry: 39 minecraft:mesa_clear_rock net.minecraft.world.biome.BiomeMesa@5dba3fdc
[22:38:58] [Server thread/TRACE] [FML]:   Registry: 127 minecraft:void net.minecraft.world.biome.BiomeVoid@3835d3fd
[22:38:58] [Server thread/TRACE] [FML]:   Registry: 129 minecraft:mutated_plains net.minecraft.world.biome.BiomePlains@2759749
[22:38:58] [Server thread/TRACE] [FML]:   Registry: 130 minecraft:mutated_desert net.minecraft.world.biome.BiomeDesert@4efed0e0
[22:38:58] [Server thread/TRACE] [FML]:   Registry: 131 minecraft:mutated_extreme_hills net.minecraft.world.biome.BiomeHills@4ac0ed65
[22:38:58] [Server thread/TRACE] [FML]:   Registry: 132 minecraft:mutated_forest net.minecraft.world.biome.BiomeForest@5c7c75fb
[22:38:58] [Server thread/TRACE] [FML]:   Registry: 133 minecraft:mutated_taiga net.minecraft.world.biome.BiomeTaiga@729d6ee2
[22:38:58] [Server thread/TRACE] [FML]:   Registry: 134 minecraft:mutated_swampland net.minecraft.world.biome.BiomeSwamp@4adcc981
[22:38:58] [Server thread/TRACE] [FML]:   Registry: 140 minecraft:mutated_ice_flats net.minecraft.world.biome.BiomeSnow@73aae7a
[22:38:58] [Server thread/TRACE] [FML]:   Registry: 149 minecraft:mutated_jungle net.minecraft.world.biome.BiomeJungle@3856d0cb
[22:38:58] [Server thread/TRACE] [FML]:   Registry: 151 minecraft:mutated_jungle_edge net.minecraft.world.biome.BiomeJungle@2125535d
[22:38:58] [Server thread/TRACE] [FML]:   Registry: 155 minecraft:mutated_birch_forest net.minecraft.world.biome.BiomeForestMutated@5f82209e
[22:38:58] [Server thread/TRACE] [FML]:   Registry: 156 minecraft:mutated_birch_forest_hills net.minecraft.world.biome.BiomeForestMutated@515c732d
[22:38:58] [Server thread/TRACE] [FML]:   Registry: 157 minecraft:mutated_roofed_forest net.minecraft.world.biome.BiomeForest@5ae87de0
[22:38:58] [Server thread/TRACE] [FML]:   Registry: 158 minecraft:mutated_taiga_cold net.minecraft.world.biome.BiomeTaiga@1f85904a
[22:38:58] [Server thread/TRACE] [FML]:   Registry: 160 minecraft:mutated_redwood_taiga net.minecraft.world.biome.BiomeTaiga@514dc5f4
[22:38:58] [Server thread/TRACE] [FML]:   Registry: 161 minecraft:mutated_redwood_taiga_hills net.minecraft.world.biome.BiomeTaiga@633a11eb
[22:38:58] [Server thread/TRACE] [FML]:   Registry: 162 minecraft:mutated_extreme_hills_with_trees net.minecraft.world.biome.BiomeHills@7a247711
[22:38:58] [Server thread/TRACE] [FML]:   Registry: 163 minecraft:mutated_savanna net.minecraft.world.biome.BiomeSavannaMutated@764db16c
[22:38:58] [Server thread/TRACE] [FML]:   Registry: 164 minecraft:mutated_savanna_rock net.minecraft.world.biome.BiomeSavannaMutated@45cb5307
[22:38:58] [Server thread/TRACE] [FML]:   Registry: 165 minecraft:mutated_mesa net.minecraft.world.biome.BiomeMesa@1c8e2850
[22:38:58] [Server thread/TRACE] [FML]:   Registry: 166 minecraft:mutated_mesa_rock net.minecraft.world.biome.BiomeMesa@50ac1249
[22:38:58] [Server thread/TRACE] [FML]:   Registry: 167 minecraft:mutated_mesa_clear_rock net.minecraft.world.biome.BiomeMesa@4bf10fe1
[22:38:58] [Server thread/TRACE] [FML]: Registry Name : minecraft:soundevents
[22:38:58] [Server thread/TRACE] [FML]:   Registry: 0 minecraft:ambient.cave net.minecraft.util.SoundEvent@70e94ecb
[22:38:58] [Server thread/TRACE] [FML]:   Registry: 1 minecraft:block.anvil.break net.minecraft.util.SoundEvent@6d5c2745
[22:38:58] [Server thread/TRACE] [FML]:   Registry: 2 minecraft:block.anvil.destroy net.minecraft.util.SoundEvent@44b29496
[22:38:58] [Server thread/TRACE] [FML]:   Registry: 3 minecraft:block.anvil.fall net.minecraft.util.SoundEvent@1947596f
[22:38:58] [Server thread/TRACE] [FML]:   Registry: 4 minecraft:block.anvil.hit net.minecraft.util.SoundEvent@3078cac
[22:38:58] [Server thread/TRACE] [FML]:   Registry: 5 minecraft:block.anvil.land net.minecraft.util.SoundEvent@f6de586
[22:38:58] [Server thread/TRACE] [FML]:   Registry: 6 minecraft:block.anvil.place net.minecraft.util.SoundEvent@5f2bd6d9
[22:38:58] [Server thread/TRACE] [FML]:   Registry: 7 minecraft:block.anvil.step net.minecraft.util.SoundEvent@7c847072
[22:38:58] [Server thread/TRACE] [FML]:   Registry: 8 minecraft:block.anvil.use net.minecraft.util.SoundEvent@43d9f1a2
[22:38:58] [Server thread/TRACE] [FML]:   Registry: 9 minecraft:block.brewing_stand.brew net.minecraft.util.SoundEvent@23f86d8a
[22:38:58] [Server thread/TRACE] [FML]:   Registry: 10 minecraft:block.chest.close net.minecraft.util.SoundEvent@2264ea32
[22:38:58] [Server thread/TRACE] [FML]:   Registry: 11 minecraft:block.chest.locked net.minecraft.util.SoundEvent@7d3c09ec
[22:38:58] [Server thread/TRACE] [FML]:   Registry: 12 minecraft:block.chest.open net.minecraft.util.SoundEvent@71e4b308
[22:38:58] [Server thread/TRACE] [FML]:   Registry: 13 minecraft:block.chorus_flower.death net.minecraft.util.SoundEvent@11900483
[22:38:58] [Server thread/TRACE] [FML]:   Registry: 14 minecraft:block.chorus_flower.grow net.minecraft.util.SoundEvent@14a049f9
[22:38:58] [Server thread/TRACE] [FML]:   Registry: 15 minecraft:block.cloth.break net.minecraft.util.SoundEvent@94e51e8
[22:38:58] [Server thread/TRACE] [FML]:   Registry: 16 minecraft:block.cloth.fall net.minecraft.util.SoundEvent@5de6cf3a
[22:38:58] [Server thread/TRACE] [FML]:   Registry: 17 minecraft:block.cloth.hit net.minecraft.util.SoundEvent@4cc36c19
[22:38:58] [Server thread/TRACE] [FML]:   Registry: 18 minecraft:block.cloth.place net.minecraft.util.SoundEvent@5a3a1bf9
[22:38:58] [Server thread/TRACE] [FML]:   Registry: 19 minecraft:block.cloth.step net.minecraft.util.SoundEvent@2100d047
[22:38:58] [Server thread/TRACE] [FML]:   Registry: 20 minecraft:block.comparator.click net.minecraft.util.SoundEvent@4af45442
[22:38:58] [Server thread/TRACE] [FML]:   Registry: 21 minecraft:block.dispenser.dispense net.minecraft.util.SoundEvent@1d805aa1
[22:38:58] [Server thread/TRACE] [FML]:   Registry: 22 minecraft:block.dispenser.fail net.minecraft.util.SoundEvent@176f7f3b
[22:38:58] [Server thread/TRACE] [FML]:   Registry: 23 minecraft:block.dispenser.launch net.minecraft.util.SoundEvent@30ca0779
[22:38:58] [Server thread/TRACE] [FML]:   Registry: 24 minecraft:block.enchantment_table.use net.minecraft.util.SoundEvent@58740366
[22:38:58] [Server thread/TRACE] [FML]:   Registry: 25 minecraft:block.end_gateway.spawn net.minecraft.util.SoundEvent@47be0f9b
[22:38:58] [Server thread/TRACE] [FML]:   Registry: 26 minecraft:block.end_portal.spawn net.minecraft.util.SoundEvent@2bc426f0
[22:38:58] [Server thread/TRACE] [FML]:   Registry: 27 minecraft:block.end_portal_frame.fill net.minecraft.util.SoundEvent@4bd51d3e
[22:38:58] [Server thread/TRACE] [FML]:   Registry: 28 minecraft:block.enderchest.close net.minecraft.util.SoundEvent@33425811
[22:38:58] [Server thread/TRACE] [FML]:   Registry: 29 minecraft:block.enderchest.open net.minecraft.util.SoundEvent@4b74b35
[22:38:58] [Server thread/TRACE] [FML]:   Registry: 30 minecraft:block.fence_gate.close net.minecraft.util.SoundEvent@e4e1ef5
[22:38:58] [Server thread/TRACE] [FML]:   Registry: 31 minecraft:block.fence_gate.open net.minecraft.util.SoundEvent@6d11ceef
[22:38:58] [Server thread/TRACE] [FML]:   Registry: 32 minecraft:block.fire.ambient net.minecraft.util.SoundEvent@4cb2918c
[22:38:58] [Server thread/TRACE] [FML]:   Registry: 33 minecraft:block.fire.extinguish net.minecraft.util.SoundEvent@72e295cc
[22:38:58] [Server thread/TRACE] [FML]:   Registry: 34 minecraft:block.furnace.fire_crackle net.minecraft.util.SoundEvent@c2584d3
[22:38:58] [Server thread/TRACE] [FML]:   Registry: 35 minecraft:block.glass.break net.minecraft.util.SoundEvent@6fa0450e
[22:38:58] [Server thread/TRACE] [FML]:   Registry: 36 minecraft:block.glass.fall net.minecraft.util.SoundEvent@37468787
[22:38:58] [Server thread/TRACE] [FML]:   Registry: 37 minecraft:block.glass.hit net.minecraft.util.SoundEvent@51ec2856
[22:38:58] [Server thread/TRACE] [FML]:   Registry: 38 minecraft:block.glass.place net.minecraft.util.SoundEvent@714f3da4
[22:38:58] [Server thread/TRACE] [FML]:   Registry: 39 minecraft:block.glass.step net.minecraft.util.SoundEvent@1caa9eb6
[22:38:58] [Server thread/TRACE] [FML]:   Registry: 40 minecraft:block.grass.break net.minecraft.util.SoundEvent@1f53481b
[22:38:58] [Server thread/TRACE] [FML]:   Registry: 41 minecraft:block.grass.fall net.minecraft.util.SoundEvent@2fcd7d3f
[22:38:58] [Server thread/TRACE] [FML]:   Registry: 42 minecraft:block.grass.hit net.minecraft.util.SoundEvent@27e7c77f
[22:38:58] [Server thread/TRACE] [FML]:   Registry: 43 minecraft:block.grass.place net.minecraft.util.SoundEvent@6f70a21b
[22:38:58] [Server thread/TRACE] [FML]:   Registry: 44 minecraft:block.grass.step net.minecraft.util.SoundEvent@6ae62c7e
[22:38:58] [Server thread/TRACE] [FML]:   Registry: 45 minecraft:block.gravel.break net.minecraft.util.SoundEvent@2e869098
[22:38:58] [Server thread/TRACE] [FML]:   Registry: 46 minecraft:block.gravel.fall net.minecraft.util.SoundEvent@37c36608
[22:38:58] [Server thread/TRACE] [FML]:   Registry: 47 minecraft:block.gravel.hit net.minecraft.util.SoundEvent@5d497a91
[22:38:58] [Server thread/TRACE] [FML]:   Registry: 48 minecraft:block.gravel.place net.minecraft.util.SoundEvent@617389a
[22:38:58] [Server thread/TRACE] [FML]:   Registry: 49 minecraft:block.gravel.step net.minecraft.util.SoundEvent@1c8f6a90
[22:38:58] [Server thread/TRACE] [FML]:   Registry: 50 minecraft:block.iron_door.close net.minecraft.util.SoundEvent@3050ac2f
[22:38:58] [Server thread/TRACE] [FML]:   Registry: 51 minecraft:block.iron_door.open net.minecraft.util.SoundEvent@265bd546
[22:38:58] [Server thread/TRACE] [FML]:   Registry: 52 minecraft:block.iron_trapdoor.close net.minecraft.util.SoundEvent@1937eaff
[22:38:58] [Server thread/TRACE] [FML]:   Registry: 53 minecraft:block.iron_trapdoor.open net.minecraft.util.SoundEvent@7e0bc8a3
[22:38:58] [Server thread/TRACE] [FML]:   Registry: 54 minecraft:block.ladder.break net.minecraft.util.SoundEvent@4b0f2299
[22:38:58] [Server thread/TRACE] [FML]:   Registry: 55 minecraft:block.ladder.fall net.minecraft.util.SoundEvent@33063f5b
[22:38:58] [Server thread/TRACE] [FML]:   Registry: 56 minecraft:block.ladder.hit net.minecraft.util.SoundEvent@15405bd6
[22:38:58] [Server thread/TRACE] [FML]:   Registry: 57 minecraft:block.ladder.place net.minecraft.util.SoundEvent@352ed70d
[22:38:58] [Server thread/TRACE] [FML]:   Registry: 58 minecraft:block.ladder.step net.minecraft.util.SoundEvent@70730db
[22:38:58] [Server thread/TRACE] [FML]:   Registry: 59 minecraft:block.lava.ambient net.minecraft.util.SoundEvent@5793b87
[22:38:58] [Server thread/TRACE] [FML]:   Registry: 60 minecraft:block.lava.extinguish net.minecraft.util.SoundEvent@12704e15
[22:38:58] [Server thread/TRACE] [FML]:   Registry: 61 minecraft:block.lava.pop net.minecraft.util.SoundEvent@512575e9
[22:38:58] [Server thread/TRACE] [FML]:   Registry: 62 minecraft:block.lever.click net.minecraft.util.SoundEvent@6f1a16fe
[22:38:58] [Server thread/TRACE] [FML]:   Registry: 63 minecraft:block.metal.break net.minecraft.util.SoundEvent@2373ad99
[22:38:58] [Server thread/TRACE] [FML]:   Registry: 64 minecraft:block.metal.fall net.minecraft.util.SoundEvent@33634f04
[22:38:58] [Server thread/TRACE] [FML]:   Registry: 65 minecraft:block.metal.hit net.minecraft.util.SoundEvent@4993febc
[22:38:58] [Server thread/TRACE] [FML]:   Registry: 66 minecraft:block.metal.place net.minecraft.util.SoundEvent@7601bc96
[22:38:58] [Server thread/TRACE] [FML]:   Registry: 67 minecraft:block.metal.step net.minecraft.util.SoundEvent@48a0c8aa
[22:38:58] [Server thread/TRACE] [FML]:   Registry: 68 minecraft:block.metal_pressureplate.click_off net.minecraft.util.SoundEvent@6192a5d5
[22:38:58] [Server thread/TRACE] [FML]:   Registry: 69 minecraft:block.metal_pressureplate.click_on net.minecraft.util.SoundEvent@3722c145
[22:38:58] [Server thread/TRACE] [FML]:   Registry: 70 minecraft:block.note.basedrum net.minecraft.util.SoundEvent@4cbc2e3b
[22:38:58] [Server thread/TRACE] [FML]:   Registry: 71 minecraft:block.note.bass net.minecraft.util.SoundEvent@2975a9e
[22:38:58] [Server thread/TRACE] [FML]:   Registry: 72 minecraft:block.note.bell net.minecraft.util.SoundEvent@765ffb14
[22:38:58] [Server thread/TRACE] [FML]:   Registry: 73 minecraft:block.note.chime net.minecraft.util.SoundEvent@57562473
[22:38:58] [Server thread/TRACE] [FML]:   Registry: 74 minecraft:block.note.flute net.minecraft.util.SoundEvent@7a360554
[22:38:58] [Server thread/TRACE] [FML]:   Registry: 75 minecraft:block.note.guitar net.minecraft.util.SoundEvent@424de326
[22:38:58] [Server thread/TRACE] [FML]:   Registry: 76 minecraft:block.note.harp net.minecraft.util.SoundEvent@4bc33720
[22:38:58] [Server thread/TRACE] [FML]:   Registry: 77 minecraft:block.note.hat net.minecraft.util.SoundEvent@2dd0f797
[22:38:58] [Server thread/TRACE] [FML]:   Registry: 78 minecraft:block.note.pling net.minecraft.util.SoundEvent@67064bdc
[22:38:58] [Server thread/TRACE] [FML]:   Registry: 79 minecraft:block.note.snare net.minecraft.util.SoundEvent@4a7fd0c9
[22:38:58] [Server thread/TRACE] [FML]:   Registry: 80 minecraft:block.note.xylophone net.minecraft.util.SoundEvent@18578491
[22:38:58] [Server thread/TRACE] [FML]:   Registry: 81 minecraft:block.piston.contract net.minecraft.util.SoundEvent@3291b443
[22:38:58] [Server thread/TRACE] [FML]:   Registry: 82 minecraft:block.piston.extend net.minecraft.util.SoundEvent@671c4166
[22:38:58] [Server thread/TRACE] [FML]:   Registry: 83 minecraft:block.portal.ambient net.minecraft.util.SoundEvent@53d13cd4
[22:38:58] [Server thread/TRACE] [FML]:   Registry: 84 minecraft:block.portal.travel net.minecraft.util.SoundEvent@77865933
[22:38:58] [Server thread/TRACE] [FML]:   Registry: 85 minecraft:block.portal.trigger net.minecraft.util.SoundEvent@480ad82c
[22:38:58] [Server thread/TRACE] [FML]:   Registry: 86 minecraft:block.redstone_torch.burnout net.minecraft.util.SoundEvent@4d18b73a
[22:38:58] [Server thread/TRACE] [FML]:   Registry: 87 minecraft:block.sand.break net.minecraft.util.SoundEvent@177515d1
[22:38:58] [Server thread/TRACE] [FML]:   Registry: 88 minecraft:block.sand.fall net.minecraft.util.SoundEvent@52ff99cd
[22:38:58] [Server thread/TRACE] [FML]:   Registry: 89 minecraft:block.sand.hit net.minecraft.util.SoundEvent@4c2af006
[22:38:58] [Server thread/TRACE] [FML]:   Registry: 90 minecraft:block.sand.place net.minecraft.util.SoundEvent@44032fde
[22:38:58] [Server thread/TRACE] [FML]:   Registry: 91 minecraft:block.sand.step net.minecraft.util.SoundEvent@7b676112
[22:38:58] [Server thread/TRACE] [FML]:   Registry: 92 minecraft:block.shulker_box.close net.minecraft.util.SoundEvent@5578be42
[22:38:58] [Server thread/TRACE] [FML]:   Registry: 93 minecraft:block.shulker_box.open net.minecraft.util.SoundEvent@4e49ce2b
[22:38:58] [Server thread/TRACE] [FML]:   Registry: 94 minecraft:block.slime.break net.minecraft.util.SoundEvent@136965e3
[22:38:58] [Server thread/TRACE] [FML]:   Registry: 95 minecraft:block.slime.fall net.minecraft.util.SoundEvent@53c6f96d
[22:38:58] [Server thread/TRACE] [FML]:   Registry: 96 minecraft:block.slime.hit net.minecraft.util.SoundEvent@435cc7f9
[22:38:58] [Server thread/TRACE] [FML]:   Registry: 97 minecraft:block.slime.place net.minecraft.util.SoundEvent@4364712f
[22:38:58] [Server thread/TRACE] [FML]:   Registry: 98 minecraft:block.slime.step net.minecraft.util.SoundEvent@1b7a52dd
[22:38:58] [Server thread/TRACE] [FML]:   Registry: 99 minecraft:block.snow.break net.minecraft.util.SoundEvent@7f93dd4e
[22:38:58] [Server thread/TRACE] [FML]:   Registry: 100 minecraft:block.snow.fall net.minecraft.util.SoundEvent@5ad5be4a
[22:38:58] [Server thread/TRACE] [FML]:   Registry: 101 minecraft:block.snow.hit net.minecraft.util.SoundEvent@3ad85136
[22:38:58] [Server thread/TRACE] [FML]:   Registry: 102 minecraft:block.snow.place net.minecraft.util.SoundEvent@737d100a
[22:38:58] [Server thread/TRACE] [FML]:   Registry: 103 minecraft:block.snow.step net.minecraft.util.SoundEvent@12e5da86
[22:38:58] [Server thread/TRACE] [FML]:   Registry: 104 minecraft:block.stone.break net.minecraft.util.SoundEvent@6535117e
[22:38:58] [Server thread/TRACE] [FML]:   Registry: 105 minecraft:block.stone.fall net.minecraft.util.SoundEvent@1d1cbd0f
[22:38:58] [Server thread/TRACE] [FML]:   Registry: 106 minecraft:block.stone.hit net.minecraft.util.SoundEvent@6fa13e6
[22:38:58] [Server thread/TRACE] [FML]:   Registry: 107 minecraft:block.stone.place net.minecraft.util.SoundEvent@3af7d855
[22:38:58] [Server thread/TRACE] [FML]:   Registry: 108 minecraft:block.stone.step net.minecraft.util.SoundEvent@77049094
[22:38:58] [Server thread/TRACE] [FML]:   Registry: 109 minecraft:block.stone_button.click_off net.minecraft.util.SoundEvent@f88bfbe
[22:38:58] [Server thread/TRACE] [FML]:   Registry: 110 minecraft:block.stone_button.click_on net.minecraft.util.SoundEvent@59bbe88a
[22:38:58] [Server thread/TRACE] [FML]:   Registry: 111 minecraft:block.stone_pressureplate.click_off net.minecraft.util.SoundEvent@5d8ab698
[22:38:58] [Server thread/TRACE] [FML]:   Registry: 112 minecraft:block.stone_pressureplate.click_on net.minecraft.util.SoundEvent@ed91d8d
[22:38:58] [Server thread/TRACE] [FML]:   Registry: 113 minecraft:block.tripwire.attach net.minecraft.util.SoundEvent@446626a7
[22:38:58] [Server thread/TRACE] [FML]:   Registry: 114 minecraft:block.tripwire.click_off net.minecraft.util.SoundEvent@429f7919
[22:38:58] [Server thread/TRACE] [FML]:   Registry: 115 minecraft:block.tripwire.click_on net.minecraft.util.SoundEvent@4a2929a4
[22:38:58] [Server thread/TRACE] [FML]:   Registry: 116 minecraft:block.tripwire.detach net.minecraft.util.SoundEvent@cda6019
[22:38:58] [Server thread/TRACE] [FML]:   Registry: 117 minecraft:block.water.ambient net.minecraft.util.SoundEvent@797c3c3b
[22:38:58] [Server thread/TRACE] [FML]:   Registry: 118 minecraft:block.waterlily.place net.minecraft.util.SoundEvent@4012d5bc
[22:38:58] [Server thread/TRACE] [FML]:   Registry: 119 minecraft:block.wood.break net.minecraft.util.SoundEvent@4375b013
[22:38:58] [Server thread/TRACE] [FML]:   Registry: 120 minecraft:block.wood.fall net.minecraft.util.SoundEvent@1cf0cacc
[22:38:58] [Server thread/TRACE] [FML]:   Registry: 121 minecraft:block.wood.hit net.minecraft.util.SoundEvent@4f5b08d
[22:38:58] [Server thread/TRACE] [FML]:   Registry: 122 minecraft:block.wood.place net.minecraft.util.SoundEvent@529c2a9a
[22:38:58] [Server thread/TRACE] [FML]:   Registry: 123 minecraft:block.wood.step net.minecraft.util.SoundEvent@3c87fdf2
[22:38:58] [Server thread/TRACE] [FML]:   Registry: 124 minecraft:block.wood_button.click_off net.minecraft.util.SoundEvent@26bbe604
[22:38:58] [Server thread/TRACE] [FML]:   Registry: 125 minecraft:block.wood_button.click_on net.minecraft.util.SoundEvent@fe34b86
[22:38:58] [Server thread/TRACE] [FML]:   Registry: 126 minecraft:block.wood_pressureplate.click_off net.minecraft.util.SoundEvent@3c98781a
[22:38:58] [Server thread/TRACE] [FML]:   Registry: 127 minecraft:block.wood_pressureplate.click_on net.minecraft.util.SoundEvent@3f736a16
[22:38:58] [Server thread/TRACE] [FML]:   Registry: 128 minecraft:block.wooden_door.close net.minecraft.util.SoundEvent@4601203a
[22:38:58] [Server thread/TRACE] [FML]:   Registry: 129 minecraft:block.wooden_door.open net.minecraft.util.SoundEvent@53abfc07
[22:38:58] [Server thread/TRACE] [FML]:   Registry: 130 minecraft:block.wooden_trapdoor.close net.minecraft.util.SoundEvent@2c8c16c0
[22:38:58] [Server thread/TRACE] [FML]:   Registry: 131 minecraft:block.wooden_trapdoor.open net.minecraft.util.SoundEvent@80bfa9d
[22:38:58] [Server thread/TRACE] [FML]:   Registry: 132 minecraft:enchant.thorns.hit net.minecraft.util.SoundEvent@47c40b56
[22:38:58] [Server thread/TRACE] [FML]:   Registry: 133 minecraft:entity.armorstand.break net.minecraft.util.SoundEvent@4b039c6d
[22:38:58] [Server thread/TRACE] [FML]:   Registry: 134 minecraft:entity.armorstand.fall net.minecraft.util.SoundEvent@7f5b9db
[22:38:58] [Server thread/TRACE] [FML]:   Registry: 135 minecraft:entity.armorstand.hit net.minecraft.util.SoundEvent@507d64aa
[22:38:58] [Server thread/TRACE] [FML]:   Registry: 136 minecraft:entity.armorstand.place net.minecraft.util.SoundEvent@37045b48
[22:38:58] [Server thread/TRACE] [FML]:   Registry: 137 minecraft:entity.arrow.hit net.minecraft.util.SoundEvent@60b34931
[22:38:58] [Server thread/TRACE] [FML]:   Registry: 138 minecraft:entity.arrow.hit_player net.minecraft.util.SoundEvent@4aa21f9d
[22:38:58] [Server thread/TRACE] [FML]:   Registry: 139 minecraft:entity.arrow.shoot net.minecraft.util.SoundEvent@71c17a57
[22:38:58] [Server thread/TRACE] [FML]:   Registry: 140 minecraft:entity.bat.ambient net.minecraft.util.SoundEvent@640ab13c
[22:38:58] [Server thread/TRACE] [FML]:   Registry: 141 minecraft:entity.bat.death net.minecraft.util.SoundEvent@1e0a864d
[22:38:58] [Server thread/TRACE] [FML]:   Registry: 142 minecraft:entity.bat.hurt net.minecraft.util.SoundEvent@440e3ce6
[22:38:58] [Server thread/TRACE] [FML]:   Registry: 143 minecraft:entity.bat.loop net.minecraft.util.SoundEvent@3e67f5f2
[22:38:58] [Server thread/TRACE] [FML]:   Registry: 144 minecraft:entity.bat.takeoff net.minecraft.util.SoundEvent@fd53053
[22:38:58] [Server thread/TRACE] [FML]:   Registry: 145 minecraft:entity.blaze.ambient net.minecraft.util.SoundEvent@4527f70a
[22:38:58] [Server thread/TRACE] [FML]:   Registry: 146 minecraft:entity.blaze.burn net.minecraft.util.SoundEvent@707b1a44
[22:38:58] [Server thread/TRACE] [FML]:   Registry: 147 minecraft:entity.blaze.death net.minecraft.util.SoundEvent@7132a9dc
[22:38:58] [Server thread/TRACE] [FML]:   Registry: 148 minecraft:entity.blaze.hurt net.minecraft.util.SoundEvent@57435801
[22:38:58] [Server thread/TRACE] [FML]:   Registry: 149 minecraft:entity.blaze.shoot net.minecraft.util.SoundEvent@2da66a44
[22:38:58] [Server thread/TRACE] [FML]:   Registry: 150 minecraft:entity.boat.paddle_land net.minecraft.util.SoundEvent@527fc8e
[22:38:58] [Server thread/TRACE] [FML]:   Registry: 151 minecraft:entity.boat.paddle_water net.minecraft.util.SoundEvent@61bfc9bf
[22:38:58] [Server thread/TRACE] [FML]:   Registry: 152 minecraft:entity.bobber.retrieve net.minecraft.util.SoundEvent@2c7106d9
[22:38:58] [Server thread/TRACE] [FML]:   Registry: 153 minecraft:entity.bobber.splash net.minecraft.util.SoundEvent@329bad59
[22:38:58] [Server thread/TRACE] [FML]:   Registry: 154 minecraft:entity.bobber.throw net.minecraft.util.SoundEvent@862f408
[22:38:58] [Server thread/TRACE] [FML]:   Registry: 155 minecraft:entity.cat.ambient net.minecraft.util.SoundEvent@178f268a
[22:38:58] [Server thread/TRACE] [FML]:   Registry: 156 minecraft:entity.cat.death net.minecraft.util.SoundEvent@33ecbd6c
[22:38:58] [Server thread/TRACE] [FML]:   Registry: 157 minecraft:entity.cat.hiss net.minecraft.util.SoundEvent@5c723f2d
[22:38:58] [Server thread/TRACE] [FML]:   Registry: 158 minecraft:entity.cat.hurt net.minecraft.util.SoundEvent@432f521f
[22:38:58] [Server thread/TRACE] [FML]:   Registry: 159 minecraft:entity.cat.purr net.minecraft.util.SoundEvent@2d7a9786
[22:38:58] [Server thread/TRACE] [FML]:   Registry: 160 minecraft:entity.cat.purreow net.minecraft.util.SoundEvent@7bab5898
[22:38:58] [Server thread/TRACE] [FML]:   Registry: 161 minecraft:entity.chicken.ambient net.minecraft.util.SoundEvent@366d8b97
[22:38:58] [Server thread/TRACE] [FML]:   Registry: 162 minecraft:entity.chicken.death net.minecraft.util.SoundEvent@feb98ef
[22:38:58] [Server thread/TRACE] [FML]:   Registry: 163 minecraft:entity.chicken.egg net.minecraft.util.SoundEvent@7654f833
[22:38:58] [Server thread/TRACE] [FML]:   Registry: 164 minecraft:entity.chicken.hurt net.minecraft.util.SoundEvent@571a01f9
[22:38:58] [Server thread/TRACE] [FML]:   Registry: 165 minecraft:entity.chicken.step net.minecraft.util.SoundEvent@d7109be
[22:38:58] [Server thread/TRACE] [FML]:   Registry: 166 minecraft:entity.cow.ambient net.minecraft.util.SoundEvent@5e0ec41f
[22:38:58] [Server thread/TRACE] [FML]:   Registry: 167 minecraft:entity.cow.death net.minecraft.util.SoundEvent@f4a3a8d
[22:38:58] [Server thread/TRACE] [FML]:   Registry: 168 minecraft:entity.cow.hurt net.minecraft.util.SoundEvent@8d8f754
[22:38:58] [Server thread/TRACE] [FML]:   Registry: 169 minecraft:entity.cow.milk net.minecraft.util.SoundEvent@d613308
[22:38:58] [Server thread/TRACE] [FML]:   Registry: 170 minecraft:entity.cow.step net.minecraft.util.SoundEvent@25673087
[22:38:58] [Server thread/TRACE] [FML]:   Registry: 171 minecraft:entity.creeper.death net.minecraft.util.SoundEvent@7b27e8f4
[22:38:58] [Server thread/TRACE] [FML]:   Registry: 172 minecraft:entity.creeper.hurt net.minecraft.util.SoundEvent@348ad293
[22:38:58] [Server thread/TRACE] [FML]:   Registry: 173 minecraft:entity.creeper.primed net.minecraft.util.SoundEvent@30f74e79
[22:38:58] [Server thread/TRACE] [FML]:   Registry: 174 minecraft:entity.donkey.ambient net.minecraft.util.SoundEvent@2c88a3e8
[22:38:58] [Server thread/TRACE] [FML]:   Registry: 175 minecraft:entity.donkey.angry net.minecraft.util.SoundEvent@68ac9ec5
[22:38:58] [Server thread/TRACE] [FML]:   Registry: 176 minecraft:entity.donkey.chest net.minecraft.util.SoundEvent@a50d709
[22:38:58] [Server thread/TRACE] [FML]:   Registry: 177 minecraft:entity.donkey.death net.minecraft.util.SoundEvent@5ed4bc
[22:38:58] [Server thread/TRACE] [FML]:   Registry: 178 minecraft:entity.donkey.hurt net.minecraft.util.SoundEvent@6920b0bc
[22:38:58] [Server thread/TRACE] [FML]:   Registry: 179 minecraft:entity.egg.throw net.minecraft.util.SoundEvent@65f651eb
[22:38:58] [Server thread/TRACE] [FML]:   Registry: 180 minecraft:entity.elder_guardian.ambient net.minecraft.util.SoundEvent@69923ac3
[22:38:58] [Server thread/TRACE] [FML]:   Registry: 181 minecraft:entity.elder_guardian.ambient_land net.minecraft.util.SoundEvent@1f1ff879
[22:38:58] [Server thread/TRACE] [FML]:   Registry: 182 minecraft:entity.elder_guardian.curse net.minecraft.util.SoundEvent@73d60e76
[22:38:58] [Server thread/TRACE] [FML]:   Registry: 183 minecraft:entity.elder_guardian.death net.minecraft.util.SoundEvent@24f870ee
[22:38:58] [Server thread/TRACE] [FML]:   Registry: 184 minecraft:entity.elder_guardian.death_land net.minecraft.util.SoundEvent@5c441290
[22:38:58] [Server thread/TRACE] [FML]:   Registry: 185 minecraft:entity.elder_guardian.flop net.minecraft.util.SoundEvent@3c78e551
[22:38:58] [Server thread/TRACE] [FML]:   Registry: 186 minecraft:entity.elder_guardian.hurt net.minecraft.util.SoundEvent@7f1ef916
[22:38:58] [Server thread/TRACE] [FML]:   Registry: 187 minecraft:entity.elder_guardian.hurt_land net.minecraft.util.SoundEvent@1886991b
[22:38:58] [Server thread/TRACE] [FML]:   Registry: 188 minecraft:entity.enderdragon.ambient net.minecraft.util.SoundEvent@64aad809
[22:38:58] [Server thread/TRACE] [FML]:   Registry: 189 minecraft:entity.enderdragon.death net.minecraft.util.SoundEvent@1f03fba0
[22:38:58] [Server thread/TRACE] [FML]:   Registry: 190 minecraft:entity.enderdragon.flap net.minecraft.util.SoundEvent@17dd671f
[22:38:58] [Server thread/TRACE] [FML]:   Registry: 191 minecraft:entity.enderdragon.growl net.minecraft.util.SoundEvent@3bbf6abe
[22:38:58] [Server thread/TRACE] [FML]:   Registry: 192 minecraft:entity.enderdragon.hurt net.minecraft.util.SoundEvent@9679750
[22:38:58] [Server thread/TRACE] [FML]:   Registry: 193 minecraft:entity.enderdragon.shoot net.minecraft.util.SoundEvent@9b9a327
[22:38:58] [Server thread/TRACE] [FML]:   Registry: 194 minecraft:entity.enderdragon_fireball.explode net.minecraft.util.SoundEvent@75a0c890
[22:38:58] [Server thread/TRACE] [FML]:   Registry: 195 minecraft:entity.endereye.death net.minecraft.util.SoundEvent@358ab600
[22:38:58] [Server thread/TRACE] [FML]:   Registry: 196 minecraft:entity.endereye.launch net.minecraft.util.SoundEvent@e26af6
[22:38:58] [Server thread/TRACE] [FML]:   Registry: 197 minecraft:entity.endermen.ambient net.minecraft.util.SoundEvent@44065156
[22:38:58] [Server thread/TRACE] [FML]:   Registry: 198 minecraft:entity.endermen.death net.minecraft.util.SoundEvent@3791f50e
[22:38:58] [Server thread/TRACE] [FML]:   Registry: 199 minecraft:entity.endermen.hurt net.minecraft.util.SoundEvent@574b7f4a
[22:38:58] [Server thread/TRACE] [FML]:   Registry: 200 minecraft:entity.endermen.scream net.minecraft.util.SoundEvent@44ed0a8f
[22:38:58] [Server thread/TRACE] [FML]:   Registry: 201 minecraft:entity.endermen.stare net.minecraft.util.SoundEvent@32177fa5
[22:38:58] [Server thread/TRACE] [FML]:   Registry: 202 minecraft:entity.endermen.teleport net.minecraft.util.SoundEvent@a96d56c
[22:38:58] [Server thread/TRACE] [FML]:   Registry: 203 minecraft:entity.endermite.ambient net.minecraft.util.SoundEvent@6ab4a5b
[22:38:58] [Server thread/TRACE] [FML]:   Registry: 204 minecraft:entity.endermite.death net.minecraft.util.SoundEvent@2abe9173
[22:38:58] [Server thread/TRACE] [FML]:   Registry: 205 minecraft:entity.endermite.hurt net.minecraft.util.SoundEvent@235d29d6
[22:38:58] [Server thread/TRACE] [FML]:   Registry: 206 minecraft:entity.endermite.step net.minecraft.util.SoundEvent@1fdca564
[22:38:58] [Server thread/TRACE] [FML]:   Registry: 207 minecraft:entity.enderpearl.throw net.minecraft.util.SoundEvent@43f9dd56
[22:38:58] [Server thread/TRACE] [FML]:   Registry: 208 minecraft:entity.evocation_fangs.attack net.minecraft.util.SoundEvent@1d12e953
[22:38:58] [Server thread/TRACE] [FML]:   Registry: 209 minecraft:entity.evocation_illager.ambient net.minecraft.util.SoundEvent@57cb70be
[22:38:58] [Server thread/TRACE] [FML]:   Registry: 210 minecraft:entity.evocation_illager.cast_spell net.minecraft.util.SoundEvent@2d4608a6
[22:38:58] [Server thread/TRACE] [FML]:   Registry: 211 minecraft:entity.evocation_illager.death net.minecraft.util.SoundEvent@20d87335
[22:38:58] [Server thread/TRACE] [FML]:   Registry: 212 minecraft:entity.evocation_illager.hurt net.minecraft.util.SoundEvent@2a8a4e0c
[22:38:58] [Server thread/TRACE] [FML]:   Registry: 213 minecraft:entity.evocation_illager.prepare_attack net.minecraft.util.SoundEvent@26c89563
[22:38:58] [Server thread/TRACE] [FML]:   Registry: 214 minecraft:entity.evocation_illager.prepare_summon net.minecraft.util.SoundEvent@3bd6ba24
[22:38:58] [Server thread/TRACE] [FML]:   Registry: 215 minecraft:entity.evocation_illager.prepare_wololo net.minecraft.util.SoundEvent@58f437b0
[22:38:58] [Server thread/TRACE] [FML]:   Registry: 216 minecraft:entity.experience_bottle.throw net.minecraft.util.SoundEvent@20f6f88c
[22:38:58] [Server thread/TRACE] [FML]:   Registry: 217 minecraft:entity.experience_orb.pickup net.minecraft.util.SoundEvent@4277127c
[22:38:58] [Server thread/TRACE] [FML]:   Registry: 218 minecraft:entity.firework.blast net.minecraft.util.SoundEvent@4c7e978c
[22:38:58] [Server thread/TRACE] [FML]:   Registry: 219 minecraft:entity.firework.blast_far net.minecraft.util.SoundEvent@354e7004
[22:38:58] [Server thread/TRACE] [FML]:   Registry: 220 minecraft:entity.firework.large_blast net.minecraft.util.SoundEvent@22ebccb9
[22:38:58] [Server thread/TRACE] [FML]:   Registry: 221 minecraft:entity.firework.large_blast_far net.minecraft.util.SoundEvent@5875de6a
[22:38:58] [Server thread/TRACE] [FML]:   Registry: 222 minecraft:entity.firework.launch net.minecraft.util.SoundEvent@608fe01f
[22:38:58] [Server thread/TRACE] [FML]:   Registry: 223 minecraft:entity.firework.shoot net.minecraft.util.SoundEvent@2687725a
[22:38:58] [Server thread/TRACE] [FML]:   Registry: 224 minecraft:entity.firework.twinkle net.minecraft.util.SoundEvent@5a75ec37
[22:38:58] [Server thread/TRACE] [FML]:   Registry: 225 minecraft:entity.firework.twinkle_far net.minecraft.util.SoundEvent@2c05ff9d
[22:38:58] [Server thread/TRACE] [FML]:   Registry: 226 minecraft:entity.generic.big_fall net.minecraft.util.SoundEvent@33956d1a
[22:38:58] [Server thread/TRACE] [FML]:   Registry: 227 minecraft:entity.generic.burn net.minecraft.util.SoundEvent@2e1ddc90
[22:38:58] [Server thread/TRACE] [FML]:   Registry: 228 minecraft:entity.generic.death net.minecraft.util.SoundEvent@5b7c8930
[22:38:58] [Server thread/TRACE] [FML]:   Registry: 229 minecraft:entity.generic.drink net.minecraft.util.SoundEvent@58867cd5
[22:38:58] [Server thread/TRACE] [FML]:   Registry: 230 minecraft:entity.generic.eat net.minecraft.util.SoundEvent@40e32762
[22:38:58] [Server thread/TRACE] [FML]:   Registry: 231 minecraft:entity.generic.explode net.minecraft.util.SoundEvent@5a8ab2
[22:38:58] [Server thread/TRACE] [FML]:   Registry: 232 minecraft:entity.generic.extinguish_fire net.minecraft.util.SoundEvent@3f50b680
[22:38:58] [Server thread/TRACE] [FML]:   Registry: 233 minecraft:entity.generic.hurt net.minecraft.util.SoundEvent@54db056b
[22:38:58] [Server thread/TRACE] [FML]:   Registry: 234 minecraft:entity.generic.small_fall net.minecraft.util.SoundEvent@d5af0a5
[22:38:58] [Server thread/TRACE] [FML]:   Registry: 235 minecraft:entity.generic.splash net.minecraft.util.SoundEvent@5981f4a6
[22:38:58] [Server thread/TRACE] [FML]:   Registry: 236 minecraft:entity.generic.swim net.minecraft.util.SoundEvent@63dfada0
[22:38:58] [Server thread/TRACE] [FML]:   Registry: 237 minecraft:entity.ghast.ambient net.minecraft.util.SoundEvent@6f231ced
[22:38:58] [Server thread/TRACE] [FML]:   Registry: 238 minecraft:entity.ghast.death net.minecraft.util.SoundEvent@35a60674
[22:38:58] [Server thread/TRACE] [FML]:   Registry: 239 minecraft:entity.ghast.hurt net.minecraft.util.SoundEvent@63d4f0a2
[22:38:58] [Server thread/TRACE] [FML]:   Registry: 240 minecraft:entity.ghast.scream net.minecraft.util.SoundEvent@7d78f3d5
[22:38:58] [Server thread/TRACE] [FML]:   Registry: 241 minecraft:entity.ghast.shoot net.minecraft.util.SoundEvent@a4b5ce3
[22:38:58] [Server thread/TRACE] [FML]:   Registry: 242 minecraft:entity.ghast.warn net.minecraft.util.SoundEvent@f5b6e78
[22:38:58] [Server thread/TRACE] [FML]:   Registry: 243 minecraft:entity.guardian.ambient net.minecraft.util.SoundEvent@4b4eced1
[22:38:58] [Server thread/TRACE] [FML]:   Registry: 244 minecraft:entity.guardian.ambient_land net.minecraft.util.SoundEvent@71926a36
[22:38:58] [Server thread/TRACE] [FML]:   Registry: 245 minecraft:entity.guardian.attack net.minecraft.util.SoundEvent@216e9ca3
[22:38:58] [Server thread/TRACE] [FML]:   Registry: 246 minecraft:entity.guardian.death net.minecraft.util.SoundEvent@75120e58
[22:38:58] [Server thread/TRACE] [FML]:   Registry: 247 minecraft:entity.guardian.death_land net.minecraft.util.SoundEvent@48976e6d
[22:38:58] [Server thread/TRACE] [FML]:   Registry: 248 minecraft:entity.guardian.flop net.minecraft.util.SoundEvent@2a367e93
[22:38:58] [Server thread/TRACE] [FML]:   Registry: 249 minecraft:entity.guardian.hurt net.minecraft.util.SoundEvent@7f6874f2
[22:38:58] [Server thread/TRACE] [FML]:   Registry: 250 minecraft:entity.guardian.hurt_land net.minecraft.util.SoundEvent@1a6dc589
[22:38:58] [Server thread/TRACE] [FML]:   Registry: 251 minecraft:entity.horse.ambient net.minecraft.util.SoundEvent@697a34af
[22:38:58] [Server thread/TRACE] [FML]:   Registry: 252 minecraft:entity.horse.angry net.minecraft.util.SoundEvent@70211df5
[22:38:58] [Server thread/TRACE] [FML]:   Registry: 253 minecraft:entity.horse.armor net.minecraft.util.SoundEvent@4c5228e7
[22:38:58] [Server thread/TRACE] [FML]:   Registry: 254 minecraft:entity.horse.breathe net.minecraft.util.SoundEvent@38e7ed69
[22:38:58] [Server thread/TRACE] [FML]:   Registry: 255 minecraft:entity.horse.death net.minecraft.util.SoundEvent@806996
[22:38:58] [Server thread/TRACE] [FML]:   Registry: 256 minecraft:entity.horse.eat net.minecraft.util.SoundEvent@78b612c6
[22:38:58] [Server thread/TRACE] [FML]:   Registry: 257 minecraft:entity.horse.gallop net.minecraft.util.SoundEvent@257e0827
[22:38:58] [Server thread/TRACE] [FML]:   Registry: 258 minecraft:entity.horse.hurt net.minecraft.util.SoundEvent@22752544
[22:38:58] [Server thread/TRACE] [FML]:   Registry: 259 minecraft:entity.horse.jump net.minecraft.util.SoundEvent@21ba2445
[22:38:58] [Server thread/TRACE] [FML]:   Registry: 260 minecraft:entity.horse.land net.minecraft.util.SoundEvent@69d23296
[22:38:58] [Server thread/TRACE] [FML]:   Registry: 261 minecraft:entity.horse.saddle net.minecraft.util.SoundEvent@3c3820bb
[22:38:58] [Server thread/TRACE] [FML]:   Registry: 262 minecraft:entity.horse.step net.minecraft.util.SoundEvent@376c7d7d
[22:38:58] [Server thread/TRACE] [FML]:   Registry: 263 minecraft:entity.horse.step_wood net.minecraft.util.SoundEvent@4784efd9
[22:38:58] [Server thread/TRACE] [FML]:   Registry: 264 minecraft:entity.hostile.big_fall net.minecraft.util.SoundEvent@3fba233d
[22:38:58] [Server thread/TRACE] [FML]:   Registry: 265 minecraft:entity.hostile.death net.minecraft.util.SoundEvent@427ae189
[22:38:58] [Server thread/TRACE] [FML]:   Registry: 266 minecraft:entity.hostile.hurt net.minecraft.util.SoundEvent@16a9eb2e
[22:38:58] [Server thread/TRACE] [FML]:   Registry: 267 minecraft:entity.hostile.small_fall net.minecraft.util.SoundEvent@76332405
[22:38:58] [Server thread/TRACE] [FML]:   Registry: 268 minecraft:entity.hostile.splash net.minecraft.util.SoundEvent@187e5235
[22:38:58] [Server thread/TRACE] [FML]:   Registry: 269 minecraft:entity.hostile.swim net.minecraft.util.SoundEvent@d1d8e1a
[22:38:58] [Server thread/TRACE] [FML]:   Registry: 270 minecraft:entity.husk.ambient net.minecraft.util.SoundEvent@5434e40c
[22:38:58] [Server thread/TRACE] [FML]:   Registry: 271 minecraft:entity.husk.death net.minecraft.util.SoundEvent@3b48e183
[22:38:58] [Server thread/TRACE] [FML]:   Registry: 272 minecraft:entity.husk.hurt net.minecraft.util.SoundEvent@514de325
[22:38:58] [Server thread/TRACE] [FML]:   Registry: 273 minecraft:entity.husk.step net.minecraft.util.SoundEvent@30c1da48
[22:38:58] [Server thread/TRACE] [FML]:   Registry: 274 minecraft:entity.illusion_illager.ambient net.minecraft.util.SoundEvent@43a65cd8
[22:38:58] [Server thread/TRACE] [FML]:   Registry: 275 minecraft:entity.illusion_illager.cast_spell net.minecraft.util.SoundEvent@3f1ef9d6
[22:38:58] [Server thread/TRACE] [FML]:   Registry: 276 minecraft:entity.illusion_illager.death net.minecraft.util.SoundEvent@17461db
[22:38:58] [Server thread/TRACE] [FML]:   Registry: 277 minecraft:entity.illusion_illager.hurt net.minecraft.util.SoundEvent@3fd9e827
[22:38:58] [Server thread/TRACE] [FML]:   Registry: 278 minecraft:entity.illusion_illager.mirror_move net.minecraft.util.SoundEvent@4e682398
[22:38:58] [Server thread/TRACE] [FML]:   Registry: 279 minecraft:entity.illusion_illager.prepare_blindness net.minecraft.util.SoundEvent@670b3ca
[22:38:58] [Server thread/TRACE] [FML]:   Registry: 280 minecraft:entity.illusion_illager.prepare_mirror net.minecraft.util.SoundEvent@24a86066
[22:38:58] [Server thread/TRACE] [FML]:   Registry: 281 minecraft:entity.irongolem.attack net.minecraft.util.SoundEvent@54402c04
[22:38:58] [Server thread/TRACE] [FML]:   Registry: 282 minecraft:entity.irongolem.death net.minecraft.util.SoundEvent@5b3bb1f7
[22:38:58] [Server thread/TRACE] [FML]:   Registry: 283 minecraft:entity.irongolem.hurt net.minecraft.util.SoundEvent@58d6b7b9
[22:38:58] [Server thread/TRACE] [FML]:   Registry: 284 minecraft:entity.irongolem.step net.minecraft.util.SoundEvent@3f1a4795
[22:38:58] [Server thread/TRACE] [FML]:   Registry: 285 minecraft:entity.item.break net.minecraft.util.SoundEvent@6a6f6c7e
[22:38:58] [Server thread/TRACE] [FML]:   Registry: 286 minecraft:entity.item.pickup net.minecraft.util.SoundEvent@6c5ddccd
[22:38:58] [Server thread/TRACE] [FML]:   Registry: 287 minecraft:entity.itemframe.add_item net.minecraft.util.SoundEvent@1dbd580
[22:38:58] [Server thread/TRACE] [FML]:   Registry: 288 minecraft:entity.itemframe.break net.minecraft.util.SoundEvent@6c101cc1
[22:38:58] [Server thread/TRACE] [FML]:   Registry: 289 minecraft:entity.itemframe.place net.minecraft.util.SoundEvent@7d0d91a1
[22:38:58] [Server thread/TRACE] [FML]:   Registry: 290 minecraft:entity.itemframe.remove_item net.minecraft.util.SoundEvent@7fb48179
[22:38:58] [Server thread/TRACE] [FML]:   Registry: 291 minecraft:entity.itemframe.rotate_item net.minecraft.util.SoundEvent@201c3cda
[22:38:58] [Server thread/TRACE] [FML]:   Registry: 292 minecraft:entity.leashknot.break net.minecraft.util.SoundEvent@4c86da0c
[22:38:58] [Server thread/TRACE] [FML]:   Registry: 293 minecraft:entity.leashknot.place net.minecraft.util.SoundEvent@5d97caa4
[22:38:58] [Server thread/TRACE] [FML]:   Registry: 294 minecraft:entity.lightning.impact net.minecraft.util.SoundEvent@6732726
[22:38:58] [Server thread/TRACE] [FML]:   Registry: 295 minecraft:entity.lightning.thunder net.minecraft.util.SoundEvent@474821de
[22:38:58] [Server thread/TRACE] [FML]:   Registry: 296 minecraft:entity.lingeringpotion.throw net.minecraft.util.SoundEvent@3d64c581
[22:38:58] [Server thread/TRACE] [FML]:   Registry: 297 minecraft:entity.llama.ambient net.minecraft.util.SoundEvent@5ec5ea63
[22:38:58] [Server thread/TRACE] [FML]:   Registry: 298 minecraft:entity.llama.angry net.minecraft.util.SoundEvent@4190bc8a
[22:38:58] [Server thread/TRACE] [FML]:   Registry: 299 minecraft:entity.llama.chest net.minecraft.util.SoundEvent@47d023b7
[22:38:58] [Server thread/TRACE] [FML]:   Registry: 300 minecraft:entity.llama.death net.minecraft.util.SoundEvent@5c83ae01
[22:38:58] [Server thread/TRACE] [FML]:   Registry: 301 minecraft:entity.llama.eat net.minecraft.util.SoundEvent@2d64c100
[22:38:58] [Server thread/TRACE] [FML]:   Registry: 302 minecraft:entity.llama.hurt net.minecraft.util.SoundEvent@69d45cca
[22:38:58] [Server thread/TRACE] [FML]:   Registry: 303 minecraft:entity.llama.spit net.minecraft.util.SoundEvent@2fdf17dc
[22:38:58] [Server thread/TRACE] [FML]:   Registry: 304 minecraft:entity.llama.step net.minecraft.util.SoundEvent@6e6d4780
[22:38:58] [Server thread/TRACE] [FML]:   Registry: 305 minecraft:entity.llama.swag net.minecraft.util.SoundEvent@650ae78c
[22:38:58] [Server thread/TRACE] [FML]:   Registry: 306 minecraft:entity.magmacube.death net.minecraft.util.SoundEvent@2e73d5eb
[22:38:58] [Server thread/TRACE] [FML]:   Registry: 307 minecraft:entity.magmacube.hurt net.minecraft.util.SoundEvent@79c5460e
[22:38:58] [Server thread/TRACE] [FML]:   Registry: 308 minecraft:entity.magmacube.jump net.minecraft.util.SoundEvent@7d904ff1
[22:38:58] [Server thread/TRACE] [FML]:   Registry: 309 minecraft:entity.magmacube.squish net.minecraft.util.SoundEvent@4f94e148
[22:38:58] [Server thread/TRACE] [FML]:   Registry: 310 minecraft:entity.minecart.inside net.minecraft.util.SoundEvent@7ff8a9dc
[22:38:58] [Server thread/TRACE] [FML]:   Registry: 311 minecraft:entity.minecart.riding net.minecraft.util.SoundEvent@2cde651b
[22:38:58] [Server thread/TRACE] [FML]:   Registry: 312 minecraft:entity.mooshroom.shear net.minecraft.util.SoundEvent@534e58b6
[22:38:58] [Server thread/TRACE] [FML]:   Registry: 313 minecraft:entity.mule.ambient net.minecraft.util.SoundEvent@3bb87d36
[22:38:58] [Server thread/TRACE] [FML]:   Registry: 314 minecraft:entity.mule.chest net.minecraft.util.SoundEvent@1b495d4
[22:38:58] [Server thread/TRACE] [FML]:   Registry: 315 minecraft:entity.mule.death net.minecraft.util.SoundEvent@5e1dde44
[22:38:58] [Server thread/TRACE] [FML]:   Registry: 316 minecraft:entity.mule.hurt net.minecraft.util.SoundEvent@7f37b6d9
[22:38:58] [Server thread/TRACE] [FML]:   Registry: 317 minecraft:entity.painting.break net.minecraft.util.SoundEvent@71e35c4
[22:38:58] [Server thread/TRACE] [FML]:   Registry: 318 minecraft:entity.painting.place net.minecraft.util.SoundEvent@22a10ac6
[22:38:58] [Server thread/TRACE] [FML]:   Registry: 319 minecraft:entity.parrot.ambient net.minecraft.util.SoundEvent@12fe1f28
[22:38:58] [Server thread/TRACE] [FML]:   Registry: 320 minecraft:entity.parrot.death net.minecraft.util.SoundEvent@503df2d0
[22:38:58] [Server thread/TRACE] [FML]:   Registry: 321 minecraft:entity.parrot.eat net.minecraft.util.SoundEvent@26fb4d06
[22:38:58] [Server thread/TRACE] [FML]:   Registry: 322 minecraft:entity.parrot.fly net.minecraft.util.SoundEvent@c269425
[22:38:58] [Server thread/TRACE] [FML]:   Registry: 323 minecraft:entity.parrot.hurt net.minecraft.util.SoundEvent@6e43ddd6
[22:38:58] [Server thread/TRACE] [FML]:   Registry: 324 minecraft:entity.parrot.imitate.blaze net.minecraft.util.SoundEvent@51d719bc
[22:38:58] [Server thread/TRACE] [FML]:   Registry: 325 minecraft:entity.parrot.imitate.creeper net.minecraft.util.SoundEvent@2d38edfd
[22:38:58] [Server thread/TRACE] [FML]:   Registry: 326 minecraft:entity.parrot.imitate.elder_guardian net.minecraft.util.SoundEvent@1507c3c3
[22:38:58] [Server thread/TRACE] [FML]:   Registry: 327 minecraft:entity.parrot.imitate.enderdragon net.minecraft.util.SoundEvent@655a01d8
[22:38:58] [Server thread/TRACE] [FML]:   Registry: 328 minecraft:entity.parrot.imitate.enderman net.minecraft.util.SoundEvent@c29fe36
[22:38:58] [Server thread/TRACE] [FML]:   Registry: 329 minecraft:entity.parrot.imitate.endermite net.minecraft.util.SoundEvent@6614bd4b
[22:38:58] [Server thread/TRACE] [FML]:   Registry: 330 minecraft:entity.parrot.imitate.evocation_illager net.minecraft.util.SoundEvent@4d266391
[22:38:58] [Server thread/TRACE] [FML]:   Registry: 331 minecraft:entity.parrot.imitate.ghast net.minecraft.util.SoundEvent@7847ef2c
[22:38:58] [Server thread/TRACE] [FML]:   Registry: 332 minecraft:entity.parrot.imitate.husk net.minecraft.util.SoundEvent@3b5c665c
[22:38:58] [Server thread/TRACE] [FML]:   Registry: 333 minecraft:entity.parrot.imitate.illusion_illager net.minecraft.util.SoundEvent@78e17a99
[22:38:58] [Server thread/TRACE] [FML]:   Registry: 334 minecraft:entity.parrot.imitate.magmacube net.minecraft.util.SoundEvent@625a4ff
[22:38:58] [Server thread/TRACE] [FML]:   Registry: 335 minecraft:entity.parrot.imitate.polar_bear net.minecraft.util.SoundEvent@41dc0598
[22:38:58] [Server thread/TRACE] [FML]:   Registry: 336 minecraft:entity.parrot.imitate.shulker net.minecraft.util.SoundEvent@196ae579
[22:38:58] [Server thread/TRACE] [FML]:   Registry: 337 minecraft:entity.parrot.imitate.silverfish net.minecraft.util.SoundEvent@6a2c717f
[22:38:58] [Server thread/TRACE] [FML]:   Registry: 338 minecraft:entity.parrot.imitate.skeleton net.minecraft.util.SoundEvent@41853299
[22:38:58] [Server thread/TRACE] [FML]:   Registry: 339 minecraft:entity.parrot.imitate.slime net.minecraft.util.SoundEvent@60d40ff4
[22:38:58] [Server thread/TRACE] [FML]:   Registry: 340 minecraft:entity.parrot.imitate.spider net.minecraft.util.SoundEvent@2e5b7fba
[22:38:58] [Server thread/TRACE] [FML]:   Registry: 341 minecraft:entity.parrot.imitate.stray net.minecraft.util.SoundEvent@27755487
[22:38:58] [Server thread/TRACE] [FML]:   Registry: 342 minecraft:entity.parrot.imitate.vex net.minecraft.util.SoundEvent@4f0cab0a
[22:38:58] [Server thread/TRACE] [FML]:   Registry: 343 minecraft:entity.parrot.imitate.vindication_illager net.minecraft.util.SoundEvent@fe7b6b0
[22:38:58] [Server thread/TRACE] [FML]:   Registry: 344 minecraft:entity.parrot.imitate.witch net.minecraft.util.SoundEvent@7ab4ae59
[22:38:58] [Server thread/TRACE] [FML]:   Registry: 345 minecraft:entity.parrot.imitate.wither net.minecraft.util.SoundEvent@77681ce4
[22:38:58] [Server thread/TRACE] [FML]:   Registry: 346 minecraft:entity.parrot.imitate.wither_skeleton net.minecraft.util.SoundEvent@5d96bdf8
[22:38:58] [Server thread/TRACE] [FML]:   Registry: 347 minecraft:entity.parrot.imitate.wolf net.minecraft.util.SoundEvent@6f76c2cc
[22:38:58] [Server thread/TRACE] [FML]:   Registry: 348 minecraft:entity.parrot.imitate.zombie net.minecraft.util.SoundEvent@306f6f1d
[22:38:58] [Server thread/TRACE] [FML]:   Registry: 349 minecraft:entity.parrot.imitate.zombie_pigman net.minecraft.util.SoundEvent@7d7cac8
[22:38:58] [Server thread/TRACE] [FML]:   Registry: 350 minecraft:entity.parrot.imitate.zombie_villager net.minecraft.util.SoundEvent@6fc6deb7
[22:38:58] [Server thread/TRACE] [FML]:   Registry: 351 minecraft:entity.parrot.step net.minecraft.util.SoundEvent@367f0121
[22:38:58] [Server thread/TRACE] [FML]:   Registry: 352 minecraft:entity.pig.ambient net.minecraft.util.SoundEvent@7da39774
[22:38:58] [Server thread/TRACE] [FML]:   Registry: 353 minecraft:entity.pig.death net.minecraft.util.SoundEvent@441b8382
[22:38:58] [Server thread/TRACE] [FML]:   Registry: 354 minecraft:entity.pig.hurt net.minecraft.util.SoundEvent@1df1ced0
[22:38:58] [Server thread/TRACE] [FML]:   Registry: 355 minecraft:entity.pig.saddle net.minecraft.util.SoundEvent@5349b246
[22:38:58] [Server thread/TRACE] [FML]:   Registry: 356 minecraft:entity.pig.step net.minecraft.util.SoundEvent@32b0876c
[22:38:58] [Server thread/TRACE] [FML]:   Registry: 357 minecraft:entity.player.attack.crit net.minecraft.util.SoundEvent@2aaf152b
[22:38:58] [Server thread/TRACE] [FML]:   Registry: 358 minecraft:entity.player.attack.knockback net.minecraft.util.SoundEvent@39bbd9e0
[22:38:58] [Server thread/TRACE] [FML]:   Registry: 359 minecraft:entity.player.attack.nodamage net.minecraft.util.SoundEvent@27fe9713
[22:38:58] [Server thread/TRACE] [FML]:   Registry: 360 minecraft:entity.player.attack.strong net.minecraft.util.SoundEvent@11c3ff67
[22:38:58] [Server thread/TRACE] [FML]:   Registry: 361 minecraft:entity.player.attack.sweep net.minecraft.util.SoundEvent@4397a639
[22:38:58] [Server thread/TRACE] [FML]:   Registry: 362 minecraft:entity.player.attack.weak net.minecraft.util.SoundEvent@24841372
[22:38:58] [Server thread/TRACE] [FML]:   Registry: 363 minecraft:entity.player.big_fall net.minecraft.util.SoundEvent@77114efe
[22:38:58] [Server thread/TRACE] [FML]:   Registry: 364 minecraft:entity.player.breath net.minecraft.util.SoundEvent@79a7bfbc
[22:38:58] [Server thread/TRACE] [FML]:   Registry: 365 minecraft:entity.player.burp net.minecraft.util.SoundEvent@77f68df
[22:38:58] [Server thread/TRACE] [FML]:   Registry: 366 minecraft:entity.player.death net.minecraft.util.SoundEvent@3e4e4c1
[22:38:58] [Server thread/TRACE] [FML]:   Registry: 367 minecraft:entity.player.hurt net.minecraft.util.SoundEvent@7e7f3cfd
[22:38:58] [Server thread/TRACE] [FML]:   Registry: 368 minecraft:entity.player.hurt_drown net.minecraft.util.SoundEvent@3ae126d1
[22:38:58] [Server thread/TRACE] [FML]:   Registry: 369 minecraft:entity.player.hurt_on_fire net.minecraft.util.SoundEvent@46a488c2
[22:38:58] [Server thread/TRACE] [FML]:   Registry: 370 minecraft:entity.player.levelup net.minecraft.util.SoundEvent@6242ae3b
[22:38:58] [Server thread/TRACE] [FML]:   Registry: 371 minecraft:entity.player.small_fall net.minecraft.util.SoundEvent@65ddee5a
[22:38:58] [Server thread/TRACE] [FML]:   Registry: 372 minecraft:entity.player.splash net.minecraft.util.SoundEvent@56399b9e
[22:38:58] [Server thread/TRACE] [FML]:   Registry: 373 minecraft:entity.player.swim net.minecraft.util.SoundEvent@34b9eb03
[22:38:58] [Server thread/TRACE] [FML]:   Registry: 374 minecraft:entity.polar_bear.ambient net.minecraft.util.SoundEvent@43fda8d9
[22:38:58] [Server thread/TRACE] [FML]:   Registry: 375 minecraft:entity.polar_bear.baby_ambient net.minecraft.util.SoundEvent@49d831c2
[22:38:58] [Server thread/TRACE] [FML]:   Registry: 376 minecraft:entity.polar_bear.death net.minecraft.util.SoundEvent@53a7a60c
[22:38:58] [Server thread/TRACE] [FML]:   Registry: 377 minecraft:entity.polar_bear.hurt net.minecraft.util.SoundEvent@28bdbe88
[22:38:58] [Server thread/TRACE] [FML]:   Registry: 378 minecraft:entity.polar_bear.step net.minecraft.util.SoundEvent@6a87026
[22:38:58] [Server thread/TRACE] [FML]:   Registry: 379 minecraft:entity.polar_bear.warning net.minecraft.util.SoundEvent@ef60710
[22:38:58] [Server thread/TRACE] [FML]:   Registry: 380 minecraft:entity.rabbit.ambient net.minecraft.util.SoundEvent@600f5704
[22:38:58] [Server thread/TRACE] [FML]:   Registry: 381 minecraft:entity.rabbit.attack net.minecraft.util.SoundEvent@2503ec73
[22:38:58] [Server thread/TRACE] [FML]:   Registry: 382 minecraft:entity.rabbit.death net.minecraft.util.SoundEvent@606f81b5
[22:38:58] [Server thread/TRACE] [FML]:   Registry: 383 minecraft:entity.rabbit.hurt net.minecraft.util.SoundEvent@5e1fc42f
[22:38:58] [Server thread/TRACE] [FML]:   Registry: 384 minecraft:entity.rabbit.jump net.minecraft.util.SoundEvent@44b21f9f
[22:38:58] [Server thread/TRACE] [FML]:   Registry: 385 minecraft:entity.sheep.ambient net.minecraft.util.SoundEvent@7ee8130e
[22:38:58] [Server thread/TRACE] [FML]:   Registry: 386 minecraft:entity.sheep.death net.minecraft.util.SoundEvent@6296474f
[22:38:58] [Server thread/TRACE] [FML]:   Registry: 387 minecraft:entity.sheep.hurt net.minecraft.util.SoundEvent@4288d98e
[22:38:58] [Server thread/TRACE] [FML]:   Registry: 388 minecraft:entity.sheep.shear net.minecraft.util.SoundEvent@169268a7
[22:38:58] [Server thread/TRACE] [FML]:   Registry: 389 minecraft:entity.sheep.step net.minecraft.util.SoundEvent@285c6918
[22:38:58] [Server thread/TRACE] [FML]:   Registry: 390 minecraft:entity.shulker.ambient net.minecraft.util.SoundEvent@78a0ff63
[22:38:58] [Server thread/TRACE] [FML]:   Registry: 391 minecraft:entity.shulker.close net.minecraft.util.SoundEvent@7c601d50
[22:38:58] [Server thread/TRACE] [FML]:   Registry: 392 minecraft:entity.shulker.death net.minecraft.util.SoundEvent@79b2852b
[22:38:58] [Server thread/TRACE] [FML]:   Registry: 393 minecraft:entity.shulker.hurt net.minecraft.util.SoundEvent@326d27ac
[22:38:58] [Server thread/TRACE] [FML]:   Registry: 394 minecraft:entity.shulker.hurt_closed net.minecraft.util.SoundEvent@4d499d65
[22:38:58] [Server thread/TRACE] [FML]:   Registry: 395 minecraft:entity.shulker.open net.minecraft.util.SoundEvent@313f8301
[22:38:58] [Server thread/TRACE] [FML]:   Registry: 396 minecraft:entity.shulker.shoot net.minecraft.util.SoundEvent@5cc9d3d0
[22:38:58] [Server thread/TRACE] [FML]:   Registry: 397 minecraft:entity.shulker.teleport net.minecraft.util.SoundEvent@7c2dfa2
[22:38:58] [Server thread/TRACE] [FML]:   Registry: 398 minecraft:entity.shulker_bullet.hit net.minecraft.util.SoundEvent@661d88a
[22:38:58] [Server thread/TRACE] [FML]:   Registry: 399 minecraft:entity.shulker_bullet.hurt net.minecraft.util.SoundEvent@4b0b64cc
[22:38:58] [Server thread/TRACE] [FML]:   Registry: 400 minecraft:entity.silverfish.ambient net.minecraft.util.SoundEvent@59ce792e
[22:38:58] [Server thread/TRACE] [FML]:   Registry: 401 minecraft:entity.silverfish.death net.minecraft.util.SoundEvent@4860827a
[22:38:58] [Server thread/TRACE] [FML]:   Registry: 402 minecraft:entity.silverfish.hurt net.minecraft.util.SoundEvent@404db674
[22:38:58] [Server thread/TRACE] [FML]:   Registry: 403 minecraft:entity.silverfish.step net.minecraft.util.SoundEvent@50f097b5
[22:38:58] [Server thread/TRACE] [FML]:   Registry: 404 minecraft:entity.skeleton.ambient net.minecraft.util.SoundEvent@7add838c
[22:38:58] [Server thread/TRACE] [FML]:   Registry: 405 minecraft:entity.skeleton.death net.minecraft.util.SoundEvent@3662bdff
[22:38:58] [Server thread/TRACE] [FML]:   Registry: 406 minecraft:entity.skeleton.hurt net.minecraft.util.SoundEvent@1bb15351
[22:38:58] [Server thread/TRACE] [FML]:   Registry: 407 minecraft:entity.skeleton.shoot net.minecraft.util.SoundEvent@4fa822ad
[22:38:58] [Server thread/TRACE] [FML]:   Registry: 408 minecraft:entity.skeleton.step net.minecraft.util.SoundEvent@597f0937
[22:38:58] [Server thread/TRACE] [FML]:   Registry: 409 minecraft:entity.skeleton_horse.ambient net.minecraft.util.SoundEvent@7ad1caa2
[22:38:58] [Server thread/TRACE] [FML]:   Registry: 410 minecraft:entity.skeleton_horse.death net.minecraft.util.SoundEvent@6b6b3572
[22:38:58] [Server thread/TRACE] [FML]:   Registry: 411 minecraft:entity.skeleton_horse.hurt net.minecraft.util.SoundEvent@65d8dff8
[22:38:58] [Server thread/TRACE] [FML]:   Registry: 412 minecraft:entity.slime.attack net.minecraft.util.SoundEvent@444f44c5
[22:38:58] [Server thread/TRACE] [FML]:   Registry: 413 minecraft:entity.slime.death net.minecraft.util.SoundEvent@303f1234
[22:38:58] [Server thread/TRACE] [FML]:   Registry: 414 minecraft:entity.slime.hurt net.minecraft.util.SoundEvent@24d61e4
[22:38:58] [Server thread/TRACE] [FML]:   Registry: 415 minecraft:entity.slime.jump net.minecraft.util.SoundEvent@2149594a
[22:38:58] [Server thread/TRACE] [FML]:   Registry: 416 minecraft:entity.slime.squish net.minecraft.util.SoundEvent@1f1e58ca
[22:38:58] [Server thread/TRACE] [FML]:   Registry: 417 minecraft:entity.small_magmacube.death net.minecraft.util.SoundEvent@57f847af
[22:38:58] [Server thread/TRACE] [FML]:   Registry: 418 minecraft:entity.small_magmacube.hurt net.minecraft.util.SoundEvent@3ed34ef5
[22:38:58] [Server thread/TRACE] [FML]:   Registry: 419 minecraft:entity.small_magmacube.squish net.minecraft.util.SoundEvent@553bc36c
[22:38:58] [Server thread/TRACE] [FML]:   Registry: 420 minecraft:entity.small_slime.death net.minecraft.util.SoundEvent@380e1909
[22:38:58] [Server thread/TRACE] [FML]:   Registry: 421 minecraft:entity.small_slime.hurt net.minecraft.util.SoundEvent@2d5ef498
[22:38:58] [Server thread/TRACE] [FML]:   Registry: 422 minecraft:entity.small_slime.jump net.minecraft.util.SoundEvent@95eb320
[22:38:58] [Server thread/TRACE] [FML]:   Registry: 423 minecraft:entity.small_slime.squish net.minecraft.util.SoundEvent@2f521c4
[22:38:58] [Server thread/TRACE] [FML]:   Registry: 424 minecraft:entity.snowball.throw net.minecraft.util.SoundEvent@4afbb6c2
[22:38:58] [Server thread/TRACE] [FML]:   Registry: 425 minecraft:entity.snowman.ambient net.minecraft.util.SoundEvent@10db6131
[22:38:58] [Server thread/TRACE] [FML]:   Registry: 426 minecraft:entity.snowman.death net.minecraft.util.SoundEvent@6c6017b9
[22:38:58] [Server thread/TRACE] [FML]:   Registry: 427 minecraft:entity.snowman.hurt net.minecraft.util.SoundEvent@4730e0f0
[22:38:58] [Server thread/TRACE] [FML]:   Registry: 428 minecraft:entity.snowman.shoot net.minecraft.util.SoundEvent@506a1372
[22:38:58] [Server thread/TRACE] [FML]:   Registry: 429 minecraft:entity.spider.ambient net.minecraft.util.SoundEvent@1b7332a7
[22:38:58] [Server thread/TRACE] [FML]:   Registry: 430 minecraft:entity.spider.death net.minecraft.util.SoundEvent@77c233af
[22:38:58] [Server thread/TRACE] [FML]:   Registry: 431 minecraft:entity.spider.hurt net.minecraft.util.SoundEvent@37b56ac7
[22:38:58] [Server thread/TRACE] [FML]:   Registry: 432 minecraft:entity.spider.step net.minecraft.util.SoundEvent@37c41ec0
[22:38:58] [Server thread/TRACE] [FML]:   Registry: 433 minecraft:entity.splash_potion.break net.minecraft.util.SoundEvent@35a0e495
[22:38:58] [Server thread/TRACE] [FML]:   Registry: 434 minecraft:entity.splash_potion.throw net.minecraft.util.SoundEvent@5399f6c5
[22:38:58] [Server thread/TRACE] [FML]:   Registry: 435 minecraft:entity.squid.ambient net.minecraft.util.SoundEvent@4fe64d23
[22:38:58] [Server thread/TRACE] [FML]:   Registry: 436 minecraft:entity.squid.death net.minecraft.util.SoundEvent@58437801
[22:38:58] [Server thread/TRACE] [FML]:   Registry: 437 minecraft:entity.squid.hurt net.minecraft.util.SoundEvent@6af5bbd0
[22:38:58] [Server thread/TRACE] [FML]:   Registry: 438 minecraft:entity.stray.ambient net.minecraft.util.SoundEvent@76464795
[22:38:58] [Server thread/TRACE] [FML]:   Registry: 439 minecraft:entity.stray.death net.minecraft.util.SoundEvent@b34832b
[22:38:58] [Server thread/TRACE] [FML]:   Registry: 440 minecraft:entity.stray.hurt net.minecraft.util.SoundEvent@48f4713c
[22:38:58] [Server thread/TRACE] [FML]:   Registry: 441 minecraft:entity.stray.step net.minecraft.util.SoundEvent@f1868c9
[22:38:58] [Server thread/TRACE] [FML]:   Registry: 442 minecraft:entity.tnt.primed net.minecraft.util.SoundEvent@4ba6ec50
[22:38:58] [Server thread/TRACE] [FML]:   Registry: 443 minecraft:entity.vex.ambient net.minecraft.util.SoundEvent@642413d4
[22:38:58] [Server thread/TRACE] [FML]:   Registry: 444 minecraft:entity.vex.charge net.minecraft.util.SoundEvent@fb2e3fd
[22:38:58] [Server thread/TRACE] [FML]:   Registry: 445 minecraft:entity.vex.death net.minecraft.util.SoundEvent@43a09ce2
[22:38:58] [Server thread/TRACE] [FML]:   Registry: 446 minecraft:entity.vex.hurt net.minecraft.util.SoundEvent@3f183caa
[22:38:58] [Server thread/TRACE] [FML]:   Registry: 447 minecraft:entity.villager.ambient net.minecraft.util.SoundEvent@7b66322e
[22:38:58] [Server thread/TRACE] [FML]:   Registry: 448 minecraft:entity.villager.death net.minecraft.util.SoundEvent@63538bb4
[22:38:58] [Server thread/TRACE] [FML]:   Registry: 449 minecraft:entity.villager.hurt net.minecraft.util.SoundEvent@24534cb0
[22:38:58] [Server thread/TRACE] [FML]:   Registry: 450 minecraft:entity.villager.no net.minecraft.util.SoundEvent@5a50d9fc
[22:38:58] [Server thread/TRACE] [FML]:   Registry: 451 minecraft:entity.villager.trading net.minecraft.util.SoundEvent@106d77da
[22:38:58] [Server thread/TRACE] [FML]:   Registry: 452 minecraft:entity.villager.yes net.minecraft.util.SoundEvent@6f9c5048
[22:38:58] [Server thread/TRACE] [FML]:   Registry: 453 minecraft:entity.vindication_illager.ambient net.minecraft.util.SoundEvent@5114b7c7
[22:38:58] [Server thread/TRACE] [FML]:   Registry: 454 minecraft:entity.vindication_illager.death net.minecraft.util.SoundEvent@dd71b20
[22:38:58] [Server thread/TRACE] [FML]:   Registry: 455 minecraft:entity.vindication_illager.hurt net.minecraft.util.SoundEvent@767f6ee7
[22:38:58] [Server thread/TRACE] [FML]:   Registry: 456 minecraft:entity.witch.ambient net.minecraft.util.SoundEvent@7b6c6e70
[22:38:58] [Server thread/TRACE] [FML]:   Registry: 457 minecraft:entity.witch.death net.minecraft.util.SoundEvent@f324455
[22:38:58] [Server thread/TRACE] [FML]:   Registry: 458 minecraft:entity.witch.drink net.minecraft.util.SoundEvent@3a894088
[22:38:58] [Server thread/TRACE] [FML]:   Registry: 459 minecraft:entity.witch.hurt net.minecraft.util.SoundEvent@370c1968
[22:38:58] [Server thread/TRACE] [FML]:   Registry: 460 minecraft:entity.witch.throw net.minecraft.util.SoundEvent@2f0bfe17
[22:38:58] [Server thread/TRACE] [FML]:   Registry: 461 minecraft:entity.wither.ambient net.minecraft.util.SoundEvent@3206174f
[22:38:58] [Server thread/TRACE] [FML]:   Registry: 462 minecraft:entity.wither.break_block net.minecraft.util.SoundEvent@42fb8c87
[22:38:58] [Server thread/TRACE] [FML]:   Registry: 463 minecraft:entity.wither.death net.minecraft.util.SoundEvent@15eb0ae9
[22:38:58] [Server thread/TRACE] [FML]:   Registry: 464 minecraft:entity.wither.hurt net.minecraft.util.SoundEvent@65e0b505
[22:38:58] [Server thread/TRACE] [FML]:   Registry: 465 minecraft:entity.wither.shoot net.minecraft.util.SoundEvent@67de7a99
[22:38:58] [Server thread/TRACE] [FML]:   Registry: 466 minecraft:entity.wither.spawn net.minecraft.util.SoundEvent@795f5d51
[22:38:58] [Server thread/TRACE] [FML]:   Registry: 467 minecraft:entity.wither_skeleton.ambient net.minecraft.util.SoundEvent@34aeacd1
[22:38:58] [Server thread/TRACE] [FML]:   Registry: 468 minecraft:entity.wither_skeleton.death net.minecraft.util.SoundEvent@54067fdc
[22:38:58] [Server thread/TRACE] [FML]:   Registry: 469 minecraft:entity.wither_skeleton.hurt net.minecraft.util.SoundEvent@4098dd77
[22:38:58] [Server thread/TRACE] [FML]:   Registry: 470 minecraft:entity.wither_skeleton.step net.minecraft.util.SoundEvent@43aeb5e0
[22:38:58] [Server thread/TRACE] [FML]:   Registry: 471 minecraft:entity.wolf.ambient net.minecraft.util.SoundEvent@2274160
[22:38:58] [Server thread/TRACE] [FML]:   Registry: 472 minecraft:entity.wolf.death net.minecraft.util.SoundEvent@65383667
[22:38:58] [Server thread/TRACE] [FML]:   Registry: 473 minecraft:entity.wolf.growl net.minecraft.util.SoundEvent@63cd2cd2
[22:38:58] [Server thread/TRACE] [FML]:   Registry: 474 minecraft:entity.wolf.howl net.minecraft.util.SoundEvent@557a84fe
[22:38:58] [Server thread/TRACE] [FML]:   Registry: 475 minecraft:entity.wolf.hurt net.minecraft.util.SoundEvent@6deee370
[22:38:58] [Server thread/TRACE] [FML]:   Registry: 476 minecraft:entity.wolf.pant net.minecraft.util.SoundEvent@49c17ba4
[22:38:58] [Server thread/TRACE] [FML]:   Registry: 477 minecraft:entity.wolf.shake net.minecraft.util.SoundEvent@43e065f2
[22:38:58] [Server thread/TRACE] [FML]:   Registry: 478 minecraft:entity.wolf.step net.minecraft.util.SoundEvent@423c5404
[22:38:58] [Server thread/TRACE] [FML]:   Registry: 479 minecraft:entity.wolf.whine net.minecraft.util.SoundEvent@5853ca50
[22:38:58] [Server thread/TRACE] [FML]:   Registry: 480 minecraft:entity.zombie.ambient net.minecraft.util.SoundEvent@1a0d96a5
[22:38:58] [Server thread/TRACE] [FML]:   Registry: 481 minecraft:entity.zombie.attack_door_wood net.minecraft.util.SoundEvent@5a02bfe3
[22:38:58] [Server thread/TRACE] [FML]:   Registry: 482 minecraft:entity.zombie.attack_iron_door net.minecraft.util.SoundEvent@7a3e5cd3
[22:38:58] [Server thread/TRACE] [FML]:   Registry: 483 minecraft:entity.zombie.break_door_wood net.minecraft.util.SoundEvent@3c79088e
[22:38:58] [Server thread/TRACE] [FML]:   Registry: 484 minecraft:entity.zombie.death net.minecraft.util.SoundEvent@4a37191a
[22:38:58] [Server thread/TRACE] [FML]:   Registry: 485 minecraft:entity.zombie.hurt net.minecraft.util.SoundEvent@5854a18
[22:38:58] [Server thread/TRACE] [FML]:   Registry: 486 minecraft:entity.zombie.infect net.minecraft.util.SoundEvent@d5556bf
[22:38:58] [Server thread/TRACE] [FML]:   Registry: 487 minecraft:entity.zombie.step net.minecraft.util.SoundEvent@791c12e3
[22:38:58] [Server thread/TRACE] [FML]:   Registry: 488 minecraft:entity.zombie_horse.ambient net.minecraft.util.SoundEvent@b112b13
[22:38:58] [Server thread/TRACE] [FML]:   Registry: 489 minecraft:entity.zombie_horse.death net.minecraft.util.SoundEvent@24eb65e3
[22:38:58] [Server thread/TRACE] [FML]:   Registry: 490 minecraft:entity.zombie_horse.hurt net.minecraft.util.SoundEvent@3ac3f6f
[22:38:58] [Server thread/TRACE] [FML]:   Registry: 491 minecraft:entity.zombie_pig.ambient net.minecraft.util.SoundEvent@1abebef3
[22:38:58] [Server thread/TRACE] [FML]:   Registry: 492 minecraft:entity.zombie_pig.angry net.minecraft.util.SoundEvent@18f55704
[22:38:58] [Server thread/TRACE] [FML]:   Registry: 493 minecraft:entity.zombie_pig.death net.minecraft.util.SoundEvent@67cefd84
[22:38:58] [Server thread/TRACE] [FML]:   Registry: 494 minecraft:entity.zombie_pig.hurt net.minecraft.util.SoundEvent@5fbe155
[22:38:58] [Server thread/TRACE] [FML]:   Registry: 495 minecraft:entity.zombie_villager.ambient net.minecraft.util.SoundEvent@6add8e3f
[22:38:58] [Server thread/TRACE] [FML]:   Registry: 496 minecraft:entity.zombie_villager.converted net.minecraft.util.SoundEvent@58a2b917
[22:38:58] [Server thread/TRACE] [FML]:   Registry: 497 minecraft:entity.zombie_villager.cure net.minecraft.util.SoundEvent@48904d5a
[22:38:58] [Server thread/TRACE] [FML]:   Registry: 498 minecraft:entity.zombie_villager.death net.minecraft.util.SoundEvent@12bbfc54
[22:38:58] [Server thread/TRACE] [FML]:   Registry: 499 minecraft:entity.zombie_villager.hurt net.minecraft.util.SoundEvent@1491344a
[22:38:58] [Server thread/TRACE] [FML]:   Registry: 500 minecraft:entity.zombie_villager.step net.minecraft.util.SoundEvent@59b65dce
[22:38:58] [Server thread/TRACE] [FML]:   Registry: 501 minecraft:item.armor.equip_chain net.minecraft.util.SoundEvent@1386313f
[22:38:58] [Server thread/TRACE] [FML]:   Registry: 502 minecraft:item.armor.equip_diamond net.minecraft.util.SoundEvent@5e922647
[22:38:58] [Server thread/TRACE] [FML]:   Registry: 503 minecraft:item.armor.equip_elytra net.minecraft.util.SoundEvent@433c6abb
[22:38:58] [Server thread/TRACE] [FML]:   Registry: 504 minecraft:item.armor.equip_generic net.minecraft.util.SoundEvent@288f173f
[22:38:58] [Server thread/TRACE] [FML]:   Registry: 505 minecraft:item.armor.equip_gold net.minecraft.util.SoundEvent@a22c4d8
[22:38:58] [Server thread/TRACE] [FML]:   Registry: 506 minecraft:item.armor.equip_iron net.minecraft.util.SoundEvent@45cd7bc5
[22:38:58] [Server thread/TRACE] [FML]:   Registry: 507 minecraft:item.armor.equip_leather net.minecraft.util.SoundEvent@6504a875
[22:38:58] [Server thread/TRACE] [FML]:   Registry: 508 minecraft:item.bottle.empty net.minecraft.util.SoundEvent@35e26d05
[22:38:58] [Server thread/TRACE] [FML]:   Registry: 509 minecraft:item.bottle.fill net.minecraft.util.SoundEvent@29fa6b65
[22:38:58] [Server thread/TRACE] [FML]:   Registry: 510 minecraft:item.bottle.fill_dragonbreath net.minecraft.util.SoundEvent@7c72ecc
[22:38:58] [Server thread/TRACE] [FML]:   Registry: 511 minecraft:item.bucket.empty net.minecraft.util.SoundEvent@47406941
[22:38:58] [Server thread/TRACE] [FML]:   Registry: 512 minecraft:item.bucket.empty_lava net.minecraft.util.SoundEvent@61ecbee9
[22:38:58] [Server thread/TRACE] [FML]:   Registry: 513 minecraft:item.bucket.fill net.minecraft.util.SoundEvent@1bb740f2
[22:38:58] [Server thread/TRACE] [FML]:   Registry: 514 minecraft:item.bucket.fill_lava net.minecraft.util.SoundEvent@2538bc06
[22:38:58] [Server thread/TRACE] [FML]:   Registry: 515 minecraft:item.chorus_fruit.teleport net.minecraft.util.SoundEvent@61f6d381
[22:38:58] [Server thread/TRACE] [FML]:   Registry: 516 minecraft:item.elytra.flying net.minecraft.util.SoundEvent@656922a0
[22:38:58] [Server thread/TRACE] [FML]:   Registry: 517 minecraft:item.firecharge.use net.minecraft.util.SoundEvent@44784e2f
[22:38:58] [Server thread/TRACE] [FML]:   Registry: 518 minecraft:item.flintandsteel.use net.minecraft.util.SoundEvent@2440022a
[22:38:58] [Server thread/TRACE] [FML]:   Registry: 519 minecraft:item.hoe.till net.minecraft.util.SoundEvent@737db7f8
[22:38:58] [Server thread/TRACE] [FML]:   Registry: 520 minecraft:item.shield.block net.minecraft.util.SoundEvent@5f2de715
[22:38:58] [Server thread/TRACE] [FML]:   Registry: 521 minecraft:item.shield.break net.minecraft.util.SoundEvent@5922d3e9
[22:38:58] [Server thread/TRACE] [FML]:   Registry: 522 minecraft:item.shovel.flatten net.minecraft.util.SoundEvent@7d57dbb5
[22:38:58] [Server thread/TRACE] [FML]:   Registry: 523 minecraft:item.totem.use net.minecraft.util.SoundEvent@630b6190
[22:38:58] [Server thread/TRACE] [FML]:   Registry: 524 minecraft:music.creative net.minecraft.util.SoundEvent@532e27ab
[22:38:58] [Server thread/TRACE] [FML]:   Registry: 525 minecraft:music.credits net.minecraft.util.SoundEvent@1cdc1bbc
[22:38:58] [Server thread/TRACE] [FML]:   Registry: 526 minecraft:music.dragon net.minecraft.util.SoundEvent@5f95f1e1
[22:38:58] [Server thread/TRACE] [FML]:   Registry: 527 minecraft:music.end net.minecraft.util.SoundEvent@672a1c62
[22:38:58] [Server thread/TRACE] [FML]:   Registry: 528 minecraft:music.game net.minecraft.util.SoundEvent@459b6c53
[22:38:58] [Server thread/TRACE] [FML]:   Registry: 529 minecraft:music.menu net.minecraft.util.SoundEvent@39e69ea7
[22:38:58] [Server thread/TRACE] [FML]:   Registry: 530 minecraft:music.nether net.minecraft.util.SoundEvent@490c7a83
[22:38:58] [Server thread/TRACE] [FML]:   Registry: 531 minecraft:record.11 net.minecraft.util.SoundEvent@7e72a6cc
[22:38:58] [Server thread/TRACE] [FML]:   Registry: 532 minecraft:record.13 net.minecraft.util.SoundEvent@6015a4a5
[22:38:58] [Server thread/TRACE] [FML]:   Registry: 533 minecraft:record.blocks net.minecraft.util.SoundEvent@6d0b0da6
[22:38:58] [Server thread/TRACE] [FML]:   Registry: 534 minecraft:record.cat net.minecraft.util.SoundEvent@4779aae6
[22:38:58] [Server thread/TRACE] [FML]:   Registry: 535 minecraft:record.chirp net.minecraft.util.SoundEvent@2cd62003
[22:38:58] [Server thread/TRACE] [FML]:   Registry: 536 minecraft:record.far net.minecraft.util.SoundEvent@61ab89b0
[22:38:58] [Server thread/TRACE] [FML]:   Registry: 537 minecraft:record.mall net.minecraft.util.SoundEvent@5478ce1e
[22:38:58] [Server thread/TRACE] [FML]:   Registry: 538 minecraft:record.mellohi net.minecraft.util.SoundEvent@5edc70ed
[22:38:58] [Server thread/TRACE] [FML]:   Registry: 539 minecraft:record.stal net.minecraft.util.SoundEvent@4317850d
[22:38:58] [Server thread/TRACE] [FML]:   Registry: 540 minecraft:record.strad net.minecraft.util.SoundEvent@7e4c72d6
[22:38:58] [Server thread/TRACE] [FML]:   Registry: 541 minecraft:record.wait net.minecraft.util.SoundEvent@6cd64b3f
[22:38:58] [Server thread/TRACE] [FML]:   Registry: 542 minecraft:record.ward net.minecraft.util.SoundEvent@51b01550
[22:38:58] [Server thread/TRACE] [FML]:   Registry: 543 minecraft:ui.button.click net.minecraft.util.SoundEvent@2ef0dd86
[22:38:58] [Server thread/TRACE] [FML]:   Registry: 544 minecraft:ui.toast.in net.minecraft.util.SoundEvent@3337d04c
[22:38:58] [Server thread/TRACE] [FML]:   Registry: 545 minecraft:ui.toast.out net.minecraft.util.SoundEvent@6de6faa6
[22:38:58] [Server thread/TRACE] [FML]:   Registry: 546 minecraft:ui.toast.challenge_complete net.minecraft.util.SoundEvent@3cad68df
[22:38:58] [Server thread/TRACE] [FML]:   Registry: 547 minecraft:weather.rain net.minecraft.util.SoundEvent@14998e21
[22:38:58] [Server thread/TRACE] [FML]:   Registry: 548 minecraft:weather.rain.above net.minecraft.util.SoundEvent@1921994e
[22:38:58] [Server thread/TRACE] [FML]: Registry Name : minecraft:potiontypes
[22:38:58] [Server thread/TRACE] [FML]:   Registry: 0 minecraft:empty net.minecraft.potion.PotionType@11015ca0
[22:38:58] [Server thread/TRACE] [FML]:   Registry: 1 minecraft:water net.minecraft.potion.PotionType@6ebbc06
[22:38:58] [Server thread/TRACE] [FML]:   Registry: 2 minecraft:mundane net.minecraft.potion.PotionType@50672905
[22:38:58] [Server thread/TRACE] [FML]:   Registry: 3 minecraft:thick net.minecraft.potion.PotionType@430d3021
[22:38:58] [Server thread/TRACE] [FML]:   Registry: 4 minecraft:awkward net.minecraft.potion.PotionType@58f290bc
[22:38:58] [Server thread/TRACE] [FML]:   Registry: 5 minecraft:night_vision net.minecraft.potion.PotionType@3220c28
[22:38:58] [Server thread/TRACE] [FML]:   Registry: 6 minecraft:long_night_vision net.minecraft.potion.PotionType@6ae42248
[22:38:58] [Server thread/TRACE] [FML]:   Registry: 7 minecraft:invisibility net.minecraft.potion.PotionType@40c28b0d
[22:38:58] [Server thread/TRACE] [FML]:   Registry: 8 minecraft:long_invisibility net.minecraft.potion.PotionType@cf984d9
[22:38:58] [Server thread/TRACE] [FML]:   Registry: 9 minecraft:leaping net.minecraft.potion.PotionType@1fa98a22
[22:38:58] [Server thread/TRACE] [FML]:   Registry: 10 minecraft:long_leaping net.minecraft.potion.PotionType@54941dfd
[22:38:58] [Server thread/TRACE] [FML]:   Registry: 11 minecraft:strong_leaping net.minecraft.potion.PotionType@5a7e81
[22:38:58] [Server thread/TRACE] [FML]:   Registry: 12 minecraft:fire_resistance net.minecraft.potion.PotionType@4045fd1f
[22:38:58] [Server thread/TRACE] [FML]:   Registry: 13 minecraft:long_fire_resistance net.minecraft.potion.PotionType@13ee97af
[22:38:58] [Server thread/TRACE] [FML]:   Registry: 14 minecraft:swiftness net.minecraft.potion.PotionType@67e11bda
[22:38:58] [Server thread/TRACE] [FML]:   Registry: 15 minecraft:long_swiftness net.minecraft.potion.PotionType@341ccfd1
[22:38:58] [Server thread/TRACE] [FML]:   Registry: 16 minecraft:strong_swiftness net.minecraft.potion.PotionType@5bde6148
[22:38:58] [Server thread/TRACE] [FML]:   Registry: 17 minecraft:slowness net.minecraft.potion.PotionType@3cead673
[22:38:58] [Server thread/TRACE] [FML]:   Registry: 18 minecraft:long_slowness net.minecraft.potion.PotionType@53ba25ff
[22:38:58] [Server thread/TRACE] [FML]:   Registry: 19 minecraft:water_breathing net.minecraft.potion.PotionType@10a0a1e
[22:38:58] [Server thread/TRACE] [FML]:   Registry: 20 minecraft:long_water_breathing net.minecraft.potion.PotionType@2976ef56
[22:38:58] [Server thread/TRACE] [FML]:   Registry: 21 minecraft:healing net.minecraft.potion.PotionType@4345fd45
[22:38:58] [Server thread/TRACE] [FML]:   Registry: 22 minecraft:strong_healing net.minecraft.potion.PotionType@4152bd0f
[22:38:58] [Server thread/TRACE] [FML]:   Registry: 23 minecraft:harming net.minecraft.potion.PotionType@10d905c1
[22:38:58] [Server thread/TRACE] [FML]:   Registry: 24 minecraft:strong_harming net.minecraft.potion.PotionType@e4b54d3
[22:38:58] [Server thread/TRACE] [FML]:   Registry: 25 minecraft:poison net.minecraft.potion.PotionType@62883f8a
[22:38:58] [Server thread/TRACE] [FML]:   Registry: 26 minecraft:long_poison net.minecraft.potion.PotionType@36665c11
[22:38:58] [Server thread/TRACE] [FML]:   Registry: 27 minecraft:strong_poison net.minecraft.potion.PotionType@6e49b011
[22:38:58] [Server thread/TRACE] [FML]:   Registry: 28 minecraft:regeneration net.minecraft.potion.PotionType@3a709cc7
[22:38:58] [Server thread/TRACE] [FML]:   Registry: 29 minecraft:long_regeneration net.minecraft.potion.PotionType@19a7906c
[22:38:58] [Server thread/TRACE] [FML]:   Registry: 30 minecraft:strong_regeneration net.minecraft.potion.PotionType@1da5c19d
[22:38:58] [Server thread/TRACE] [FML]:   Registry: 31 minecraft:strength net.minecraft.potion.PotionType@3e4f2300
[22:38:58] [Server thread/TRACE] [FML]:   Registry: 32 minecraft:long_strength net.minecraft.potion.PotionType@e706aa
[22:38:58] [Server thread/TRACE] [FML]:   Registry: 33 minecraft:strong_strength net.minecraft.potion.PotionType@25e6c22a
[22:38:58] [Server thread/TRACE] [FML]:   Registry: 34 minecraft:weakness net.minecraft.potion.PotionType@16fc5622
[22:38:58] [Server thread/TRACE] [FML]:   Registry: 35 minecraft:long_weakness net.minecraft.potion.PotionType@516c20de
[22:38:58] [Server thread/TRACE] [FML]:   Registry: 36 minecraft:luck net.minecraft.potion.PotionType@6906be0f
[22:38:58] [Server thread/TRACE] [FML]: Registry Name : minecraft:enchantments
[22:38:58] [Server thread/TRACE] [FML]:   Registry: 0 minecraft:protection net.minecraft.enchantment.EnchantmentProtection@65af05b2
[22:38:58] [Server thread/TRACE] [FML]:   Registry: 1 minecraft:fire_protection net.minecraft.enchantment.EnchantmentProtection@11ad095c
[22:38:58] [Server thread/TRACE] [FML]:   Registry: 2 minecraft:feather_falling net.minecraft.enchantment.EnchantmentProtection@2c2a903f
[22:38:58] [Server thread/TRACE] [FML]:   Registry: 3 minecraft:blast_protection net.minecraft.enchantment.EnchantmentProtection@7d537616
[22:38:58] [Server thread/TRACE] [FML]:   Registry: 4 minecraft:projectile_protection net.minecraft.enchantment.EnchantmentProtection@604c7e9b
[22:38:58] [Server thread/TRACE] [FML]:   Registry: 5 minecraft:respiration net.minecraft.enchantment.EnchantmentOxygen@e06ec83
[22:38:58] [Server thread/TRACE] [FML]:   Registry: 6 minecraft:aqua_affinity net.minecraft.enchantment.EnchantmentWaterWorker@29f3185c
[22:38:58] [Server thread/TRACE] [FML]:   Registry: 7 minecraft:thorns net.minecraft.enchantment.EnchantmentThorns@a0d875d
[22:38:58] [Server thread/TRACE] [FML]:   Registry: 8 minecraft:depth_strider net.minecraft.enchantment.EnchantmentWaterWalker@28ce75ec
[22:38:58] [Server thread/TRACE] [FML]:   Registry: 9 minecraft:frost_walker net.minecraft.enchantment.EnchantmentFrostWalker@3ff8a3ad
[22:38:58] [Server thread/TRACE] [FML]:   Registry: 10 minecraft:binding_curse net.minecraft.enchantment.EnchantmentBindingCurse@ff21443
[22:38:58] [Server thread/TRACE] [FML]:   Registry: 16 minecraft:sharpness net.minecraft.enchantment.EnchantmentDamage@16ccd2bc
[22:38:58] [Server thread/TRACE] [FML]:   Registry: 17 minecraft:smite net.minecraft.enchantment.EnchantmentDamage@12f8682a
[22:38:58] [Server thread/TRACE] [FML]:   Registry: 18 minecraft:bane_of_arthropods net.minecraft.enchantment.EnchantmentDamage@6f7a20da
[22:38:58] [Server thread/TRACE] [FML]:   Registry: 19 minecraft:knockback net.minecraft.enchantment.EnchantmentKnockback@9e50283
[22:38:58] [Server thread/TRACE] [FML]:   Registry: 20 minecraft:fire_aspect net.minecraft.enchantment.EnchantmentFireAspect@4cd7e993
[22:38:58] [Server thread/TRACE] [FML]:   Registry: 21 minecraft:looting net.minecraft.enchantment.EnchantmentLootBonus@2673487b
[22:38:58] [Server thread/TRACE] [FML]:   Registry: 22 minecraft:sweeping net.minecraft.enchantment.EnchantmentSweepingEdge@350f18a6
[22:38:58] [Server thread/TRACE] [FML]:   Registry: 32 minecraft:efficiency net.minecraft.enchantment.EnchantmentDigging@74bdfa0b
[22:38:58] [Server thread/TRACE] [FML]:   Registry: 33 minecraft:silk_touch net.minecraft.enchantment.EnchantmentUntouching@44492c06
[22:38:58] [Server thread/TRACE] [FML]:   Registry: 34 minecraft:unbreaking net.minecraft.enchantment.EnchantmentDurability@18db3b3c
[22:38:58] [Server thread/TRACE] [FML]:   Registry: 35 minecraft:fortune net.minecraft.enchantment.EnchantmentLootBonus@318e3942
[22:38:58] [Server thread/TRACE] [FML]:   Registry: 48 minecraft:power net.minecraft.enchantment.EnchantmentArrowDamage@2f99d8c
[22:38:58] [Server thread/TRACE] [FML]:   Registry: 49 minecraft:punch net.minecraft.enchantment.EnchantmentArrowKnockback@1224e1b6
[22:38:58] [Server thread/TRACE] [FML]:   Registry: 50 minecraft:flame net.minecraft.enchantment.EnchantmentArrowFire@3e4afd10
[22:38:58] [Server thread/TRACE] [FML]:   Registry: 51 minecraft:infinity net.minecraft.enchantment.EnchantmentArrowInfinite@48277712
[22:38:58] [Server thread/TRACE] [FML]:   Registry: 61 minecraft:luck_of_the_sea net.minecraft.enchantment.EnchantmentLootBonus@3d53e876
[22:38:58] [Server thread/TRACE] [FML]:   Registry: 62 minecraft:lure net.minecraft.enchantment.EnchantmentFishingSpeed@311a0b3e
[22:38:58] [Server thread/TRACE] [FML]:   Registry: 70 minecraft:mending net.minecraft.enchantment.EnchantmentMending@16a09809
[22:38:58] [Server thread/TRACE] [FML]:   Registry: 71 minecraft:vanishing_curse net.minecraft.enchantment.EnchantmentVanishingCurse@5f7cd50e
[22:38:58] [Server thread/TRACE] [FML]: Registry Name : minecraft:recipes
[22:38:58] [Server thread/TRACE] [FML]:   Registry: 0 minecraft:armordye net.minecraft.item.crafting.RecipesArmorDyes@6fefc5ea
[22:38:58] [Server thread/TRACE] [FML]:   Registry: 1 minecraft:bookcloning net.minecraft.item.crafting.RecipeBookCloning@86bf90b
[22:38:58] [Server thread/TRACE] [FML]:   Registry: 2 minecraft:mapcloning net.minecraft.item.crafting.RecipesMapCloning@519b0f00
[22:38:58] [Server thread/TRACE] [FML]:   Registry: 3 minecraft:mapextending net.minecraft.item.crafting.RecipesMapExtending@46fa2a7e
[22:38:58] [Server thread/TRACE] [FML]:   Registry: 4 minecraft:fireworks net.minecraft.item.crafting.RecipeFireworks@441aa7ae
[22:38:58] [Server thread/TRACE] [FML]:   Registry: 5 minecraft:repairitem net.minecraft.item.crafting.RecipeRepairItem@50d666a2
[22:38:58] [Server thread/TRACE] [FML]:   Registry: 6 minecraft:tippedarrow net.minecraft.item.crafting.RecipeTippedArrow@d229912
[22:38:58] [Server thread/TRACE] [FML]:   Registry: 7 minecraft:bannerduplicate net.minecraft.item.crafting.RecipesBanners$RecipeDuplicatePattern@493968a9
[22:38:58] [Server thread/TRACE] [FML]:   Registry: 8 minecraft:banneraddpattern net.minecraft.item.crafting.RecipesBanners$RecipeAddPattern@104bc677
[22:38:58] [Server thread/TRACE] [FML]:   Registry: 9 minecraft:shielddecoration net.minecraft.item.crafting.ShieldRecipes$Decoration@538905d2
[22:38:58] [Server thread/TRACE] [FML]:   Registry: 10 minecraft:shulkerboxcoloring net.minecraft.item.crafting.ShulkerBoxRecipes$ShulkerBoxColoring@7ec5aad
[22:38:58] [Server thread/TRACE] [FML]:   Registry: 11 minecraft:yellow_wool net.minecraft.item.crafting.ShapelessRecipes@229749f0
[22:38:58] [Server thread/TRACE] [FML]:   Registry: 12 minecraft:yellow_stained_hardened_clay net.minecraft.item.crafting.ShapedRecipes@24010875
[22:38:58] [Server thread/TRACE] [FML]:   Registry: 13 minecraft:yellow_stained_glass_pane net.minecraft.item.crafting.ShapedRecipes@4e030feb
[22:38:58] [Server thread/TRACE] [FML]:   Registry: 14 minecraft:yellow_stained_glass net.minecraft.item.crafting.ShapedRecipes@669580e2
[22:38:58] [Server thread/TRACE] [FML]:   Registry: 15 minecraft:yellow_dye_from_sunflower net.minecraft.item.crafting.ShapelessRecipes@1013871e
[22:38:58] [Server thread/TRACE] [FML]:   Registry: 16 minecraft:yellow_dye_from_dandelion net.minecraft.item.crafting.ShapelessRecipes@7c0ff7a0
[22:38:58] [Server thread/TRACE] [FML]:   Registry: 17 minecraft:yellow_concrete_powder net.minecraft.item.crafting.ShapelessRecipes@5831989d
[22:38:58] [Server thread/TRACE] [FML]:   Registry: 18 minecraft:yellow_carpet net.minecraft.item.crafting.ShapedRecipes@5f8df69
[22:38:58] [Server thread/TRACE] [FML]:   Registry: 19 minecraft:yellow_bed_from_white_bed net.minecraft.item.crafting.ShapelessRecipes@3b42b729
[22:38:58] [Server thread/TRACE] [FML]:   Registry: 20 minecraft:yellow_bed net.minecraft.item.crafting.ShapedRecipes@5ba63110
[22:38:58] [Server thread/TRACE] [FML]:   Registry: 21 minecraft:yellow_banner net.minecraft.item.crafting.ShapedRecipes@5897aae1
[22:38:58] [Server thread/TRACE] [FML]:   Registry: 22 minecraft:writable_book net.minecraft.item.crafting.ShapelessRecipes@17a77a7e
[22:38:58] [Server thread/TRACE] [FML]:   Registry: 23 minecraft:wooden_sword net.minecraft.item.crafting.ShapedRecipes@2f262474
[22:38:58] [Server thread/TRACE] [FML]:   Registry: 24 minecraft:wooden_shovel net.minecraft.item.crafting.ShapedRecipes@6aadb092
[22:38:58] [Server thread/TRACE] [FML]:   Registry: 25 minecraft:wooden_pressure_plate net.minecraft.item.crafting.ShapedRecipes@5abb7a8f
[22:38:58] [Server thread/TRACE] [FML]:   Registry: 26 minecraft:wooden_pickaxe net.minecraft.item.crafting.ShapedRecipes@656c5818
[22:38:58] [Server thread/TRACE] [FML]:   Registry: 27 minecraft:wooden_hoe net.minecraft.item.crafting.ShapedRecipes@5ea9373e
[22:38:58] [Server thread/TRACE] [FML]:   Registry: 28 minecraft:wooden_door net.minecraft.item.crafting.ShapedRecipes@774304ca
[22:38:58] [Server thread/TRACE] [FML]:   Registry: 29 minecraft:wooden_button net.minecraft.item.crafting.ShapedRecipes@65a80fdb
[22:38:58] [Server thread/TRACE] [FML]:   Registry: 30 minecraft:wooden_axe net.minecraft.item.crafting.ShapedRecipes@7294a684
[22:38:58] [Server thread/TRACE] [FML]:   Registry: 31 minecraft:white_stained_hardened_clay net.minecraft.item.crafting.ShapedRecipes@7bc8ffbc
[22:38:58] [Server thread/TRACE] [FML]:   Registry: 32 minecraft:white_stained_glass_pane net.minecraft.item.crafting.ShapedRecipes@40b70f31
[22:38:58] [Server thread/TRACE] [FML]:   Registry: 33 minecraft:white_stained_glass net.minecraft.item.crafting.ShapedRecipes@559c4e06
[22:38:58] [Server thread/TRACE] [FML]:   Registry: 34 minecraft:white_concrete_powder net.minecraft.item.crafting.ShapelessRecipes@784212
[22:38:58] [Server thread/TRACE] [FML]:   Registry: 35 minecraft:white_carpet net.minecraft.item.crafting.ShapedRecipes@1edac3b4
[22:38:58] [Server thread/TRACE] [FML]:   Registry: 36 minecraft:white_bed net.minecraft.item.crafting.ShapedRecipes@2059f785
[22:38:58] [Server thread/TRACE] [FML]:   Registry: 37 minecraft:white_banner net.minecraft.item.crafting.ShapedRecipes@e5864c2
[22:38:58] [Server thread/TRACE] [FML]:   Registry: 38 minecraft:wheat net.minecraft.item.crafting.ShapedRecipes@24842b8e
[22:38:58] [Server thread/TRACE] [FML]:   Registry: 39 minecraft:tripwire_hook net.minecraft.item.crafting.ShapedRecipes@2361365c
[22:38:58] [Server thread/TRACE] [FML]:   Registry: 40 minecraft:trapped_chest net.minecraft.item.crafting.ShapelessRecipes@3636f2a7
[22:38:58] [Server thread/TRACE] [FML]:   Registry: 41 minecraft:trapdoor net.minecraft.item.crafting.ShapedRecipes@57f725b8
[22:38:58] [Server thread/TRACE] [FML]:   Registry: 42 minecraft:torch net.minecraft.item.crafting.ShapedRecipes@12bcf7c6
[22:38:58] [Server thread/TRACE] [FML]:   Registry: 43 minecraft:tnt_minecart net.minecraft.item.crafting.ShapedRecipes@b2d8dcd
[22:38:58] [Server thread/TRACE] [FML]:   Registry: 44 minecraft:tnt net.minecraft.item.crafting.ShapedRecipes@6b899971
[22:38:58] [Server thread/TRACE] [FML]:   Registry: 45 minecraft:sugar net.minecraft.item.crafting.ShapedRecipes@205f52ea
[22:38:58] [Server thread/TRACE] [FML]:   Registry: 46 minecraft:string_to_wool net.minecraft.item.crafting.ShapedRecipes@24b8a393
[22:38:58] [Server thread/TRACE] [FML]:   Registry: 47 minecraft:stonebrick net.minecraft.item.crafting.ShapedRecipes@20be793a
[22:38:58] [Server thread/TRACE] [FML]:   Registry: 48 minecraft:stone_sword net.minecraft.item.crafting.ShapedRecipes@b842275
[22:38:58] [Server thread/TRACE] [FML]:   Registry: 49 minecraft:stone_stairs net.minecraft.item.crafting.ShapedRecipes@6cb662e8
[22:38:58] [Server thread/TRACE] [FML]:   Registry: 50 minecraft:stone_slab net.minecraft.item.crafting.ShapedRecipes@52a75c12
[22:38:58] [Server thread/TRACE] [FML]:   Registry: 51 minecraft:stone_shovel net.minecraft.item.crafting.ShapedRecipes@3b8d2abe
[22:38:58] [Server thread/TRACE] [FML]:   Registry: 52 minecraft:stone_pressure_plate net.minecraft.item.crafting.ShapedRecipes@400008bf
[22:38:58] [Server thread/TRACE] [FML]:   Registry: 53 minecraft:stone_pickaxe net.minecraft.item.crafting.ShapedRecipes@1b732dd
[22:38:58] [Server thread/TRACE] [FML]:   Registry: 54 minecraft:stone_hoe net.minecraft.item.crafting.ShapedRecipes@13c18bba
[22:38:58] [Server thread/TRACE] [FML]:   Registry: 55 minecraft:stone_button net.minecraft.item.crafting.ShapedRecipes@5bdb9c69
[22:38:58] [Server thread/TRACE] [FML]:   Registry: 56 minecraft:stone_brick_stairs net.minecraft.item.crafting.ShapedRecipes@369fb99a
[22:38:58] [Server thread/TRACE] [FML]:   Registry: 57 minecraft:stone_brick_slab net.minecraft.item.crafting.ShapedRecipes@751bb780
[22:38:58] [Server thread/TRACE] [FML]:   Registry: 58 minecraft:stone_axe net.minecraft.item.crafting.ShapedRecipes@de0c402
[22:38:58] [Server thread/TRACE] [FML]:   Registry: 59 minecraft:sticky_piston net.minecraft.item.crafting.ShapedRecipes@71d0b8a4
[22:38:58] [Server thread/TRACE] [FML]:   Registry: 60 minecraft:stick net.minecraft.item.crafting.ShapedRecipes@4acc27fd
[22:38:58] [Server thread/TRACE] [FML]:   Registry: 61 minecraft:spruce_wooden_slab net.minecraft.item.crafting.ShapedRecipes@19f1be04
[22:38:58] [Server thread/TRACE] [FML]:   Registry: 62 minecraft:spruce_stairs net.minecraft.item.crafting.ShapedRecipes@2cacd55e
[22:38:58] [Server thread/TRACE] [FML]:   Registry: 63 minecraft:spruce_planks net.minecraft.item.crafting.ShapedRecipes@3f3a6091
[22:38:58] [Server thread/TRACE] [FML]:   Registry: 64 minecraft:spruce_fence_gate net.minecraft.item.crafting.ShapedRecipes@5a57cf90
[22:38:58] [Server thread/TRACE] [FML]:   Registry: 65 minecraft:spruce_fence net.minecraft.item.crafting.ShapedRecipes@2a16d393
[22:38:58] [Server thread/TRACE] [FML]:   Registry: 66 minecraft:spruce_door net.minecraft.item.crafting.ShapedRecipes@1786150f
[22:38:58] [Server thread/TRACE] [FML]:   Registry: 67 minecraft:spruce_boat net.minecraft.item.crafting.ShapedRecipes@14499b52
[22:38:58] [Server thread/TRACE] [FML]:   Registry: 68 minecraft:spectral_arrow net.minecraft.item.crafting.ShapedRecipes@53d808ea
[22:38:58] [Server thread/TRACE] [FML]:   Registry: 69 minecraft:speckled_melon net.minecraft.item.crafting.ShapedRecipes@2586e878
[22:38:58] [Server thread/TRACE] [FML]:   Registry: 70 minecraft:snow_layer net.minecraft.item.crafting.ShapedRecipes@1c2fb9e8
[22:38:58] [Server thread/TRACE] [FML]:   Registry: 71 minecraft:snow net.minecraft.item.crafting.ShapedRecipes@35d0749
[22:38:58] [Server thread/TRACE] [FML]:   Registry: 72 minecraft:smooth_sandstone net.minecraft.item.crafting.ShapedRecipes@3c62f69a
[22:38:58] [Server thread/TRACE] [FML]:   Registry: 73 minecraft:smooth_red_sandstone net.minecraft.item.crafting.ShapedRecipes@54ae1240
[22:38:58] [Server thread/TRACE] [FML]:   Registry: 74 minecraft:slime_ball net.minecraft.item.crafting.ShapedRecipes@7d49a1a0
[22:38:58] [Server thread/TRACE] [FML]:   Registry: 75 minecraft:slime net.minecraft.item.crafting.ShapedRecipes@3514237f
[22:38:58] [Server thread/TRACE] [FML]:   Registry: 76 minecraft:sign net.minecraft.item.crafting.ShapedRecipes@27210a3b
[22:38:58] [Server thread/TRACE] [FML]:   Registry: 77 minecraft:shield net.minecraft.item.crafting.ShapedRecipes@720ffab4
[22:38:58] [Server thread/TRACE] [FML]:   Registry: 78 minecraft:shears net.minecraft.item.crafting.ShapedRecipes@71df5f30
[22:38:58] [Server thread/TRACE] [FML]:   Registry: 79 minecraft:sea_lantern net.minecraft.item.crafting.ShapedRecipes@3428420d
[22:38:58] [Server thread/TRACE] [FML]:   Registry: 80 minecraft:sandstone_stairs net.minecraft.item.crafting.ShapedRecipes@40aad17d
[22:38:58] [Server thread/TRACE] [FML]:   Registry: 81 minecraft:sandstone_slab net.minecraft.item.crafting.ShapedRecipes@5d2e65bd
[22:38:58] [Server thread/TRACE] [FML]:   Registry: 82 minecraft:sandstone net.minecraft.item.crafting.ShapedRecipes@5ad50b02
[22:38:58] [Server thread/TRACE] [FML]:   Registry: 83 minecraft:repeater net.minecraft.item.crafting.ShapedRecipes@7aa63f50
[22:38:58] [Server thread/TRACE] [FML]:   Registry: 84 minecraft:redstone_torch net.minecraft.item.crafting.ShapedRecipes@321b7b9e
[22:38:58] [Server thread/TRACE] [FML]:   Registry: 85 minecraft:redstone_lamp net.minecraft.item.crafting.ShapedRecipes@6bc62bb9
[22:38:58] [Server thread/TRACE] [FML]:   Registry: 86 minecraft:redstone_block net.minecraft.item.crafting.ShapedRecipes@6315bb4
[22:38:58] [Server thread/TRACE] [FML]:   Registry: 87 minecraft:redstone net.minecraft.item.crafting.ShapedRecipes@66716959
[22:38:58] [Server thread/TRACE] [FML]:   Registry: 88 minecraft:red_wool net.minecraft.item.crafting.ShapelessRecipes@4738131e
[22:38:58] [Server thread/TRACE] [FML]:   Registry: 89 minecraft:red_stained_hardened_clay net.minecraft.item.crafting.ShapedRecipes@6595ffce
[22:38:58] [Server thread/TRACE] [FML]:   Registry: 90 minecraft:red_stained_glass_pane net.minecraft.item.crafting.ShapedRecipes@e18d2a2
[22:38:58] [Server thread/TRACE] [FML]:   Registry: 91 minecraft:red_stained_glass net.minecraft.item.crafting.ShapedRecipes@2db3675a
[22:38:58] [Server thread/TRACE] [FML]:   Registry: 92 minecraft:red_sandstone_stairs net.minecraft.item.crafting.ShapedRecipes@64508788
[22:38:58] [Server thread/TRACE] [FML]:   Registry: 93 minecraft:red_sandstone_slab net.minecraft.item.crafting.ShapedRecipes@71f8ce0e
[22:38:58] [Server thread/TRACE] [FML]:   Registry: 94 minecraft:red_sandstone net.minecraft.item.crafting.ShapedRecipes@1fcc3461
[22:38:58] [Server thread/TRACE] [FML]:   Registry: 95 minecraft:red_nether_brick net.minecraft.item.crafting.ShapedRecipes@1a8b22b5
[22:38:58] [Server thread/TRACE] [FML]:   Registry: 96 minecraft:red_dye_from_tulip net.minecraft.item.crafting.ShapelessRecipes@681b42d3
[22:38:58] [Server thread/TRACE] [FML]:   Registry: 97 minecraft:red_dye_from_rose_bush net.minecraft.item.crafting.ShapelessRecipes@65a2755e
[22:38:58] [Server thread/TRACE] [FML]:   Registry: 98 minecraft:red_dye_from_poppy net.minecraft.item.crafting.ShapelessRecipes@5d8e4fa8
[22:38:58] [Server thread/TRACE] [FML]:   Registry: 99 minecraft:red_dye_from_beetroot net.minecraft.item.crafting.ShapelessRecipes@6796a873
[22:38:58] [Server thread/TRACE] [FML]:   Registry: 100 minecraft:red_concrete_powder net.minecraft.item.crafting.ShapelessRecipes@26f204a4
[22:38:58] [Server thread/TRACE] [FML]:   Registry: 101 minecraft:red_carpet net.minecraft.item.crafting.ShapedRecipes@74a1d60e
[22:38:58] [Server thread/TRACE] [FML]:   Registry: 102 minecraft:red_bed_from_white_bed net.minecraft.item.crafting.ShapelessRecipes@b3a8455
[22:38:58] [Server thread/TRACE] [FML]:   Registry: 103 minecraft:red_bed net.minecraft.item.crafting.ShapedRecipes@60ee7a51
[22:38:58] [Server thread/TRACE] [FML]:   Registry: 104 minecraft:red_banner net.minecraft.item.crafting.ShapedRecipes@787a0fd6
[22:38:58] [Server thread/TRACE] [FML]:   Registry: 105 minecraft:rail net.minecraft.item.crafting.ShapedRecipes@41492479
[22:38:58] [Server thread/TRACE] [FML]:   Registry: 106 minecraft:rabbit_stew_from_red_mushroom net.minecraft.item.crafting.ShapedRecipes@3aeb267
[22:38:58] [Server thread/TRACE] [FML]:   Registry: 107 minecraft:rabbit_stew_from_brown_mushroom net.minecraft.item.crafting.ShapedRecipes@47ae6c18
[22:38:58] [Server thread/TRACE] [FML]:   Registry: 108 minecraft:quartz_stairs net.minecraft.item.crafting.ShapedRecipes@61d6c8c4
[22:38:58] [Server thread/TRACE] [FML]:   Registry: 109 minecraft:quartz_slab net.minecraft.item.crafting.ShapedRecipes@2d8087da
[22:38:58] [Server thread/TRACE] [FML]:   Registry: 110 minecraft:quartz_block net.minecraft.item.crafting.ShapedRecipes@3cacc87
[22:38:58] [Server thread/TRACE] [FML]:   Registry: 111 minecraft:purpur_stairs net.minecraft.item.crafting.ShapedRecipes@15bb8ed5
[22:38:58] [Server thread/TRACE] [FML]:   Registry: 112 minecraft:purpur_slab net.minecraft.item.crafting.ShapedRecipes@7178d811
[22:38:58] [Server thread/TRACE] [FML]:   Registry: 113 minecraft:purpur_pillar net.minecraft.item.crafting.ShapedRecipes@430106cf
[22:38:58] [Server thread/TRACE] [FML]:   Registry: 114 minecraft:purpur_block net.minecraft.item.crafting.ShapedRecipes@625db0e0
[22:38:58] [Server thread/TRACE] [FML]:   Registry: 115 minecraft:purple_wool net.minecraft.item.crafting.ShapelessRecipes@aa633e6
[22:38:58] [Server thread/TRACE] [FML]:   Registry: 116 minecraft:purple_stained_hardened_clay net.minecraft.item.crafting.ShapedRecipes@25e796fe
[22:38:58] [Server thread/TRACE] [FML]:   Registry: 117 minecraft:purple_stained_glass_pane net.minecraft.item.crafting.ShapedRecipes@516b84d1
[22:38:58] [Server thread/TRACE] [FML]:   Registry: 118 minecraft:purple_stained_glass net.minecraft.item.crafting.ShapedRecipes@2524d07a
[22:38:58] [Server thread/TRACE] [FML]:   Registry: 119 minecraft:purple_shulker_box net.minecraft.item.crafting.ShapedRecipes@7d6019d5
[22:38:58] [Server thread/TRACE] [FML]:   Registry: 120 minecraft:purple_dye net.minecraft.item.crafting.ShapelessRecipes@5badeda0
[22:38:58] [Server thread/TRACE] [FML]:   Registry: 121 minecraft:purple_concrete_powder net.minecraft.item.crafting.ShapelessRecipes@665ed71a
[22:38:58] [Server thread/TRACE] [FML]:   Registry: 122 minecraft:purple_carpet net.minecraft.item.crafting.ShapedRecipes@7a587e84
[22:38:58] [Server thread/TRACE] [FML]:   Registry: 123 minecraft:purple_bed_from_white_bed net.minecraft.item.crafting.ShapelessRecipes@73316a0a
[22:38:58] [Server thread/TRACE] [FML]:   Registry: 124 minecraft:purple_bed net.minecraft.item.crafting.ShapedRecipes@53df7e67
[22:38:58] [Server thread/TRACE] [FML]:   Registry: 125 minecraft:purple_banner net.minecraft.item.crafting.ShapedRecipes@3f87780b
[22:38:58] [Server thread/TRACE] [FML]:   Registry: 126 minecraft:pumpkin_seeds net.minecraft.item.crafting.ShapedRecipes@240f2efd
[22:38:58] [Server thread/TRACE] [FML]:   Registry: 127 minecraft:pumpkin_pie net.minecraft.item.crafting.ShapelessRecipes@10fc1a22
[22:38:58] [Server thread/TRACE] [FML]:   Registry: 128 minecraft:prismarine_bricks net.minecraft.item.crafting.ShapedRecipes@7eebb316
[22:38:58] [Server thread/TRACE] [FML]:   Registry: 129 minecraft:prismarine net.minecraft.item.crafting.ShapedRecipes@33a3e5db
[22:38:58] [Server thread/TRACE] [FML]:   Registry: 130 minecraft:polished_granite net.minecraft.item.crafting.ShapedRecipes@47ffa248
[22:38:58] [Server thread/TRACE] [FML]:   Registry: 131 minecraft:polished_diorite net.minecraft.item.crafting.ShapedRecipes@248d2cec
[22:38:58] [Server thread/TRACE] [FML]:   Registry: 132 minecraft:polished_andesite net.minecraft.item.crafting.ShapedRecipes@57167ccb
[22:38:58] [Server thread/TRACE] [FML]:   Registry: 133 minecraft:piston net.minecraft.item.crafting.ShapedRecipes@78d61f17
[22:38:58] [Server thread/TRACE] [FML]:   Registry: 134 minecraft:pink_wool net.minecraft.item.crafting.ShapelessRecipes@47d4e28a
[22:38:58] [Server thread/TRACE] [FML]:   Registry: 135 minecraft:pink_stained_hardened_clay net.minecraft.item.crafting.ShapedRecipes@1f12d5e0
[22:38:58] [Server thread/TRACE] [FML]:   Registry: 136 minecraft:pink_stained_glass_pane net.minecraft.item.crafting.ShapedRecipes@c89e263
[22:38:58] [Server thread/TRACE] [FML]:   Registry: 137 minecraft:pink_stained_glass net.minecraft.item.crafting.ShapedRecipes@4fef5792
[22:38:58] [Server thread/TRACE] [FML]:   Registry: 138 minecraft:pink_dye_from_red_bonemeal net.minecraft.item.crafting.ShapelessRecipes@552ffa44
[22:38:58] [Server thread/TRACE] [FML]:   Registry: 139 minecraft:pink_dye_from_pink_tulip net.minecraft.item.crafting.ShapelessRecipes@45abbd24
[22:38:58] [Server thread/TRACE] [FML]:   Registry: 140 minecraft:pink_dye_from_peony net.minecraft.item.crafting.ShapelessRecipes@434ee422
[22:38:58] [Server thread/TRACE] [FML]:   Registry: 141 minecraft:pink_concrete_powder net.minecraft.item.crafting.ShapelessRecipes@77cf329d
[22:38:58] [Server thread/TRACE] [FML]:   Registry: 142 minecraft:pink_carpet net.minecraft.item.crafting.ShapedRecipes@47d81427
[22:38:58] [Server thread/TRACE] [FML]:   Registry: 143 minecraft:pink_bed_from_white_bed net.minecraft.item.crafting.ShapelessRecipes@4cded2cd
[22:38:58] [Server thread/TRACE] [FML]:   Registry: 144 minecraft:pink_bed net.minecraft.item.crafting.ShapedRecipes@6f921e32
[22:38:58] [Server thread/TRACE] [FML]:   Registry: 145 minecraft:pink_banner net.minecraft.item.crafting.ShapedRecipes@7b2dd35d
[22:38:58] [Server thread/TRACE] [FML]:   Registry: 146 minecraft:pillar_quartz_block net.minecraft.item.crafting.ShapedRecipes@4d8522ff
[22:38:58] [Server thread/TRACE] [FML]:   Registry: 147 minecraft:paper net.minecraft.item.crafting.ShapedRecipes@391b01c5
[22:38:58] [Server thread/TRACE] [FML]:   Registry: 148 minecraft:painting net.minecraft.item.crafting.ShapedRecipes@36120a8b
[22:38:58] [Server thread/TRACE] [FML]:   Registry: 149 minecraft:orange_wool net.minecraft.item.crafting.ShapelessRecipes@5521407f
[22:38:58] [Server thread/TRACE] [FML]:   Registry: 150 minecraft:orange_stained_hardened_clay net.minecraft.item.crafting.ShapedRecipes@5151accb
[22:38:58] [Server thread/TRACE] [FML]:   Registry: 151 minecraft:orange_stained_glass_pane net.minecraft.item.crafting.ShapedRecipes@418d1c03
[22:38:58] [Server thread/TRACE] [FML]:   Registry: 152 minecraft:orange_stained_glass net.minecraft.item.crafting.ShapedRecipes@443253a6
[22:38:58] [Server thread/TRACE] [FML]:   Registry: 153 minecraft:orange_dye_from_red_yellow net.minecraft.item.crafting.ShapelessRecipes@6723e6b3
[22:38:58] [Server thread/TRACE] [FML]:   Registry: 154 minecraft:orange_dye_from_orange_tulip net.minecraft.item.crafting.ShapelessRecipes@58f97013
[22:38:58] [Server thread/TRACE] [FML]:   Registry: 155 minecraft:orange_concrete_powder net.minecraft.item.crafting.ShapelessRecipes@4e80960a
[22:38:58] [Server thread/TRACE] [FML]:   Registry: 156 minecraft:orange_carpet net.minecraft.item.crafting.ShapedRecipes@1136122a
[22:38:58] [Server thread/TRACE] [FML]:   Registry: 157 minecraft:orange_bed_from_white_bed net.minecraft.item.crafting.ShapelessRecipes@2ee095c9
[22:38:58] [Server thread/TRACE] [FML]:   Registry: 158 minecraft:orange_bed net.minecraft.item.crafting.ShapedRecipes@6c19769c
[22:38:58] [Server thread/TRACE] [FML]:   Registry: 159 minecraft:orange_banner net.minecraft.item.crafting.ShapedRecipes@41ddec69
[22:38:58] [Server thread/TRACE] [FML]:   Registry: 160 minecraft:observer net.minecraft.item.crafting.ShapedRecipes@62de20d3
[22:38:58] [Server thread/TRACE] [FML]:   Registry: 161 minecraft:oak_wooden_slab net.minecraft.item.crafting.ShapedRecipes@1324e70a
[22:38:58] [Server thread/TRACE] [FML]:   Registry: 162 minecraft:oak_stairs net.minecraft.item.crafting.ShapedRecipes@4f2d8175
[22:38:58] [Server thread/TRACE] [FML]:   Registry: 163 minecraft:oak_planks net.minecraft.item.crafting.ShapedRecipes@5a6af2c4
[22:38:58] [Server thread/TRACE] [FML]:   Registry: 164 minecraft:noteblock net.minecraft.item.crafting.ShapedRecipes@6f785a27
[22:38:58] [Server thread/TRACE] [FML]:   Registry: 165 minecraft:nether_wart_block net.minecraft.item.crafting.ShapedRecipes@2dd08ff1
[22:38:58] [Server thread/TRACE] [FML]:   Registry: 166 minecraft:nether_brick_stairs net.minecraft.item.crafting.ShapedRecipes@30a791a6
[22:38:58] [Server thread/TRACE] [FML]:   Registry: 167 minecraft:nether_brick_slab net.minecraft.item.crafting.ShapedRecipes@45451333
[22:38:58] [Server thread/TRACE] [FML]:   Registry: 168 minecraft:nether_brick_fence net.minecraft.item.crafting.ShapedRecipes@70cd122
[22:38:58] [Server thread/TRACE] [FML]:   Registry: 169 minecraft:nether_brick net.minecraft.item.crafting.ShapedRecipes@3855b27e
[22:38:58] [Server thread/TRACE] [FML]:   Registry: 170 minecraft:mushroom_stew net.minecraft.item.crafting.ShapelessRecipes@6f430ea8
[22:38:58] [Server thread/TRACE] [FML]:   Registry: 171 minecraft:mossy_stonebrick net.minecraft.item.crafting.ShapelessRecipes@771afdd5
[22:38:58] [Server thread/TRACE] [FML]:   Registry: 172 minecraft:mossy_cobblestone_wall net.minecraft.item.crafting.ShapedRecipes@667dd150
[22:38:58] [Server thread/TRACE] [FML]:   Registry: 173 minecraft:mossy_cobblestone net.minecraft.item.crafting.ShapelessRecipes@7816454d
[22:38:58] [Server thread/TRACE] [FML]:   Registry: 174 minecraft:minecart net.minecraft.item.crafting.ShapedRecipes@58e5fbe5
[22:38:58] [Server thread/TRACE] [FML]:   Registry: 175 minecraft:melon_seeds net.minecraft.item.crafting.ShapedRecipes@11a67420
[22:38:58] [Server thread/TRACE] [FML]:   Registry: 176 minecraft:melon_block net.minecraft.item.crafting.ShapedRecipes@9cb927e
[22:38:58] [Server thread/TRACE] [FML]:   Registry: 177 minecraft:map net.minecraft.item.crafting.ShapedRecipes@504c415c
[22:38:58] [Server thread/TRACE] [FML]:   Registry: 178 minecraft:magma_cream net.minecraft.item.crafting.ShapelessRecipes@7de2bdc7
[22:38:58] [Server thread/TRACE] [FML]:   Registry: 179 minecraft:magma net.minecraft.item.crafting.ShapedRecipes@1554eaa4
[22:38:58] [Server thread/TRACE] [FML]:   Registry: 180 minecraft:magenta_wool net.minecraft.item.crafting.ShapelessRecipes@5bdb6ea8
[22:38:58] [Server thread/TRACE] [FML]:   Registry: 181 minecraft:magenta_stained_hardened_clay net.minecraft.item.crafting.ShapedRecipes@3cc2e3e
[22:38:58] [Server thread/TRACE] [FML]:   Registry: 182 minecraft:magenta_stained_glass_pane net.minecraft.item.crafting.ShapedRecipes@5807ea46
[22:38:58] [Server thread/TRACE] [FML]:   Registry: 183 minecraft:magenta_stained_glass net.minecraft.item.crafting.ShapedRecipes@33e4068
[22:38:58] [Server thread/TRACE] [FML]:   Registry: 184 minecraft:magenta_dye_from_purple_and_pink net.minecraft.item.crafting.ShapelessRecipes@4ec616d6
[22:38:58] [Server thread/TRACE] [FML]:   Registry: 185 minecraft:magenta_dye_from_lilac net.minecraft.item.crafting.ShapelessRecipes@3b77940f
[22:38:58] [Server thread/TRACE] [FML]:   Registry: 186 minecraft:magenta_dye_from_lapis_red_pink net.minecraft.item.crafting.ShapelessRecipes@52035328
[22:38:58] [Server thread/TRACE] [FML]:   Registry: 187 minecraft:magenta_dye_from_lapis_ink_bonemeal net.minecraft.item.crafting.ShapelessRecipes@349aeec4
[22:38:58] [Server thread/TRACE] [FML]:   Registry: 188 minecraft:magenta_dye_from_allium net.minecraft.item.crafting.ShapelessRecipes@2d3bb944
[22:38:58] [Server thread/TRACE] [FML]:   Registry: 189 minecraft:magenta_concrete_powder net.minecraft.item.crafting.ShapelessRecipes@6068cda1
[22:38:58] [Server thread/TRACE] [FML]:   Registry: 190 minecraft:magenta_carpet net.minecraft.item.crafting.ShapedRecipes@118e2487
[22:38:58] [Server thread/TRACE] [FML]:   Registry: 191 minecraft:magenta_bed_from_white_bed net.minecraft.item.crafting.ShapelessRecipes@7b423f90
[22:38:58] [Server thread/TRACE] [FML]:   Registry: 192 minecraft:magenta_bed net.minecraft.item.crafting.ShapedRecipes@40fcaae7
[22:38:58] [Server thread/TRACE] [FML]:   Registry: 193 minecraft:magenta_banner net.minecraft.item.crafting.ShapedRecipes@2de7fe0e
[22:38:58] [Server thread/TRACE] [FML]:   Registry: 194 minecraft:lit_pumpkin net.minecraft.item.crafting.ShapedRecipes@547052
[22:38:58] [Server thread/TRACE] [FML]:   Registry: 195 minecraft:lime_wool net.minecraft.item.crafting.ShapelessRecipes@20723ee
[22:38:58] [Server thread/TRACE] [FML]:   Registry: 196 minecraft:lime_stained_hardened_clay net.minecraft.item.crafting.ShapedRecipes@1fd0ae78
[22:38:58] [Server thread/TRACE] [FML]:   Registry: 197 minecraft:lime_stained_glass_pane net.minecraft.item.crafting.ShapedRecipes@637d111d
[22:38:58] [Server thread/TRACE] [FML]:   Registry: 198 minecraft:lime_stained_glass net.minecraft.item.crafting.ShapedRecipes@7b8d6c66
[22:38:58] [Server thread/TRACE] [FML]:   Registry: 199 minecraft:lime_dye net.minecraft.item.crafting.ShapelessRecipes@7097d921
[22:38:58] [Server thread/TRACE] [FML]:   Registry: 200 minecraft:lime_concrete_powder net.minecraft.item.crafting.ShapelessRecipes@6fd97fd1
[22:38:58] [Server thread/TRACE] [FML]:   Registry: 201 minecraft:lime_carpet net.minecraft.item.crafting.ShapedRecipes@361fa478
[22:38:58] [Server thread/TRACE] [FML]:   Registry: 202 minecraft:lime_bed_from_white_bed net.minecraft.item.crafting.ShapelessRecipes@6247c08c
[22:38:58] [Server thread/TRACE] [FML]:   Registry: 203 minecraft:lime_bed net.minecraft.item.crafting.ShapedRecipes@79e16dd9
[22:38:58] [Server thread/TRACE] [FML]:   Registry: 204 minecraft:lime_banner net.minecraft.item.crafting.ShapedRecipes@18b30951
[22:38:58] [Server thread/TRACE] [FML]:   Registry: 205 minecraft:light_weighted_pressure_plate net.minecraft.item.crafting.ShapedRecipes@53c40ed6
[22:38:58] [Server thread/TRACE] [FML]:   Registry: 206 minecraft:light_gray_wool net.minecraft.item.crafting.ShapelessRecipes@fe13916
[22:38:58] [Server thread/TRACE] [FML]:   Registry: 207 minecraft:light_gray_stained_hardened_clay net.minecraft.item.crafting.ShapedRecipes@780a91d0
[22:38:58] [Server thread/TRACE] [FML]:   Registry: 208 minecraft:light_gray_stained_glass_pane net.minecraft.item.crafting.ShapedRecipes@6b278b17
[22:38:58] [Server thread/TRACE] [FML]:   Registry: 209 minecraft:light_gray_stained_glass net.minecraft.item.crafting.ShapedRecipes@5a58db42
[22:38:58] [Server thread/TRACE] [FML]:   Registry: 210 minecraft:light_gray_dye_from_white_tulip net.minecraft.item.crafting.ShapelessRecipes@ba86c53
[22:38:58] [Server thread/TRACE] [FML]:   Registry: 211 minecraft:light_gray_dye_from_oxeye_daisy net.minecraft.item.crafting.ShapelessRecipes@53ddabc6
[22:38:58] [Server thread/TRACE] [FML]:   Registry: 212 minecraft:light_gray_dye_from_ink_bonemeal net.minecraft.item.crafting.ShapelessRecipes@7cd8831c
[22:38:58] [Server thread/TRACE] [FML]:   Registry: 213 minecraft:light_gray_dye_from_gray_bonemeal net.minecraft.item.crafting.ShapelessRecipes@1e9d721
[22:38:58] [Server thread/TRACE] [FML]:   Registry: 214 minecraft:light_gray_dye_from_azure_bluet net.minecraft.item.crafting.ShapelessRecipes@1f70bce5
[22:38:58] [Server thread/TRACE] [FML]:   Registry: 215 minecraft:light_gray_concrete_powder net.minecraft.item.crafting.ShapelessRecipes@3a4cb483
[22:38:58] [Server thread/TRACE] [FML]:   Registry: 216 minecraft:light_gray_carpet net.minecraft.item.crafting.ShapedRecipes@58ac0823
[22:38:58] [Server thread/TRACE] [FML]:   Registry: 217 minecraft:light_gray_bed_from_white_bed net.minecraft.item.crafting.ShapelessRecipes@62c46e53
[22:38:58] [Server thread/TRACE] [FML]:   Registry: 218 minecraft:light_gray_bed net.minecraft.item.crafting.ShapedRecipes@5d94ac8a
[22:38:58] [Server thread/TRACE] [FML]:   Registry: 219 minecraft:light_gray_banner net.minecraft.item.crafting.ShapedRecipes@582ea164
[22:38:58] [Server thread/TRACE] [FML]:   Registry: 220 minecraft:light_blue_wool net.minecraft.item.crafting.ShapelessRecipes@72646d16
[22:38:58] [Server thread/TRACE] [FML]:   Registry: 221 minecraft:light_blue_stained_hardened_clay net.minecraft.item.crafting.ShapedRecipes@2f39b534
[22:38:58] [Server thread/TRACE] [FML]:   Registry: 222 minecraft:light_blue_stained_glass_pane net.minecraft.item.crafting.ShapedRecipes@3de383f7
[22:38:58] [Server thread/TRACE] [FML]:   Registry: 223 minecraft:light_blue_stained_glass net.minecraft.item.crafting.ShapedRecipes@51b59d58
[22:38:58] [Server thread/TRACE] [FML]:   Registry: 224 minecraft:light_blue_dye_from_lapis_bonemeal net.minecraft.item.crafting.ShapelessRecipes@154b0748
[22:38:58] [Server thread/TRACE] [FML]:   Registry: 225 minecraft:light_blue_dye_from_blue_orchid net.minecraft.item.crafting.ShapelessRecipes@20556566
[22:38:58] [Server thread/TRACE] [FML]:   Registry: 226 minecraft:light_blue_concrete_powder net.minecraft.item.crafting.ShapelessRecipes@10e4ee33
[22:38:58] [Server thread/TRACE] [FML]:   Registry: 227 minecraft:light_blue_carpet net.minecraft.item.crafting.ShapedRecipes@69c227fd
[22:38:58] [Server thread/TRACE] [FML]:   Registry: 228 minecraft:light_blue_bed_from_white_bed net.minecraft.item.crafting.ShapelessRecipes@5d4a34ff
[22:38:58] [Server thread/TRACE] [FML]:   Registry: 229 minecraft:light_blue_bed net.minecraft.item.crafting.ShapedRecipes@2b19b346
[22:38:58] [Server thread/TRACE] [FML]:   Registry: 230 minecraft:light_blue_banner net.minecraft.item.crafting.ShapedRecipes@4e789704
[22:38:58] [Server thread/TRACE] [FML]:   Registry: 231 minecraft:lever net.minecraft.item.crafting.ShapedRecipes@4b240276
[22:38:58] [Server thread/TRACE] [FML]:   Registry: 232 minecraft:leather_leggings net.minecraft.item.crafting.ShapedRecipes@1835b783
[22:38:58] [Server thread/TRACE] [FML]:   Registry: 233 minecraft:leather_helmet net.minecraft.item.crafting.ShapedRecipes@2bd7f686
[22:38:58] [Server thread/TRACE] [FML]:   Registry: 234 minecraft:leather_chestplate net.minecraft.item.crafting.ShapedRecipes@f6bc75c
[22:38:58] [Server thread/TRACE] [FML]:   Registry: 235 minecraft:leather_boots net.minecraft.item.crafting.ShapedRecipes@22854f2b
[22:38:58] [Server thread/TRACE] [FML]:   Registry: 236 minecraft:leather net.minecraft.item.crafting.ShapedRecipes@fcd3a6f
[22:38:58] [Server thread/TRACE] [FML]:   Registry: 237 minecraft:lead net.minecraft.item.crafting.ShapedRecipes@27d6267e
[22:38:58] [Server thread/TRACE] [FML]:   Registry: 238 minecraft:lapis_lazuli net.minecraft.item.crafting.ShapedRecipes@637506d8
[22:38:58] [Server thread/TRACE] [FML]:   Registry: 239 minecraft:lapis_block net.minecraft.item.crafting.ShapedRecipes@18f4086e
[22:38:58] [Server thread/TRACE] [FML]:   Registry: 240 minecraft:ladder net.minecraft.item.crafting.ShapedRecipes@5cf3a7f9
[22:38:58] [Server thread/TRACE] [FML]:   Registry: 241 minecraft:jungle_wooden_slab net.minecraft.item.crafting.ShapedRecipes@2d0778d0
[22:38:58] [Server thread/TRACE] [FML]:   Registry: 242 minecraft:jungle_stairs net.minecraft.item.crafting.ShapedRecipes@631678e6
[22:38:58] [Server thread/TRACE] [FML]:   Registry: 243 minecraft:jungle_planks net.minecraft.item.crafting.ShapedRecipes@4b916cc2
[22:38:58] [Server thread/TRACE] [FML]:   Registry: 244 minecraft:jungle_fence_gate net.minecraft.item.crafting.ShapedRecipes@652a1a17
[22:38:58] [Server thread/TRACE] [FML]:   Registry: 245 minecraft:jungle_fence net.minecraft.item.crafting.ShapedRecipes@7affee54
[22:38:58] [Server thread/TRACE] [FML]:   Registry: 246 minecraft:jungle_door net.minecraft.item.crafting.ShapedRecipes@43719e98
[22:38:58] [Server thread/TRACE] [FML]:   Registry: 247 minecraft:jungle_boat net.minecraft.item.crafting.ShapedRecipes@147059f8
[22:38:58] [Server thread/TRACE] [FML]:   Registry: 248 minecraft:jukebox net.minecraft.item.crafting.ShapedRecipes@18209303
[22:38:58] [Server thread/TRACE] [FML]:   Registry: 249 minecraft:item_frame net.minecraft.item.crafting.ShapedRecipes@3b046e64
[22:38:58] [Server thread/TRACE] [FML]:   Registry: 250 minecraft:iron_trapdoor net.minecraft.item.crafting.ShapedRecipes@3921135e
[22:38:58] [Server thread/TRACE] [FML]:   Registry: 251 minecraft:iron_sword net.minecraft.item.crafting.ShapedRecipes@3211cc84
[22:38:58] [Server thread/TRACE] [FML]:   Registry: 252 minecraft:iron_shovel net.minecraft.item.crafting.ShapedRecipes@2ab7f649
[22:38:58] [Server thread/TRACE] [FML]:   Registry: 253 minecraft:iron_pickaxe net.minecraft.item.crafting.ShapedRecipes@5f4df55e
[22:38:58] [Server thread/TRACE] [FML]:   Registry: 254 minecraft:iron_nugget net.minecraft.item.crafting.ShapedRecipes@5296f00c
[22:38:58] [Server thread/TRACE] [FML]:   Registry: 255 minecraft:iron_leggings net.minecraft.item.crafting.ShapedRecipes@5b2ff4df
[22:38:58] [Server thread/TRACE] [FML]:   Registry: 256 minecraft:iron_ingot_from_nuggets net.minecraft.item.crafting.ShapedRecipes@33765d22
[22:38:58] [Server thread/TRACE] [FML]:   Registry: 257 minecraft:iron_ingot_from_block net.minecraft.item.crafting.ShapedRecipes@5d00b469
[22:38:58] [Server thread/TRACE] [FML]:   Registry: 258 minecraft:iron_hoe net.minecraft.item.crafting.ShapedRecipes@228958a
[22:38:58] [Server thread/TRACE] [FML]:   Registry: 259 minecraft:iron_helmet net.minecraft.item.crafting.ShapedRecipes@43de9fc9
[22:38:58] [Server thread/TRACE] [FML]:   Registry: 260 minecraft:iron_door net.minecraft.item.crafting.ShapedRecipes@2cc97e47
[22:38:58] [Server thread/TRACE] [FML]:   Registry: 261 minecraft:iron_chestplate net.minecraft.item.crafting.ShapedRecipes@c335b9
[22:38:58] [Server thread/TRACE] [FML]:   Registry: 262 minecraft:iron_boots net.minecraft.item.crafting.ShapedRecipes@7112fa5
[22:38:58] [Server thread/TRACE] [FML]:   Registry: 263 minecraft:iron_block net.minecraft.item.crafting.ShapedRecipes@26feccf7
[22:38:58] [Server thread/TRACE] [FML]:   Registry: 264 minecraft:iron_bars net.minecraft.item.crafting.ShapedRecipes@253b1cbd
[22:38:58] [Server thread/TRACE] [FML]:   Registry: 265 minecraft:iron_axe net.minecraft.item.crafting.ShapedRecipes@6a63ff31
[22:38:58] [Server thread/TRACE] [FML]:   Registry: 266 minecraft:hopper_minecart net.minecraft.item.crafting.ShapedRecipes@44de3b46
[22:38:58] [Server thread/TRACE] [FML]:   Registry: 267 minecraft:hopper net.minecraft.item.crafting.ShapedRecipes@10301d6f
[22:38:58] [Server thread/TRACE] [FML]:   Registry: 268 minecraft:heavy_weighted_pressure_plate net.minecraft.item.crafting.ShapedRecipes@71fb1da3
[22:38:58] [Server thread/TRACE] [FML]:   Registry: 269 minecraft:hay_block net.minecraft.item.crafting.ShapedRecipes@21d3d6ec
[22:38:58] [Server thread/TRACE] [FML]:   Registry: 270 minecraft:green_wool net.minecraft.item.crafting.ShapelessRecipes@17e2835c
[22:38:58] [Server thread/TRACE] [FML]:   Registry: 271 minecraft:green_stained_hardened_clay net.minecraft.item.crafting.ShapedRecipes@3c82bac3
[22:38:58] [Server thread/TRACE] [FML]:   Registry: 272 minecraft:green_stained_glass_pane net.minecraft.item.crafting.ShapedRecipes@4b76251c
[22:38:58] [Server thread/TRACE] [FML]:   Registry: 273 minecraft:green_stained_glass net.minecraft.item.crafting.ShapedRecipes@446a692f
[22:38:58] [Server thread/TRACE] [FML]:   Registry: 274 minecraft:green_concrete_powder net.minecraft.item.crafting.ShapelessRecipes@2ac3d530
[22:38:58] [Server thread/TRACE] [FML]:   Registry: 275 minecraft:green_carpet net.minecraft.item.crafting.ShapedRecipes@239d73ff
[22:38:58] [Server thread/TRACE] [FML]:   Registry: 276 minecraft:green_bed_from_white_bed net.minecraft.item.crafting.ShapelessRecipes@5edd9b4f
[22:38:58] [Server thread/TRACE] [FML]:   Registry: 277 minecraft:green_bed net.minecraft.item.crafting.ShapedRecipes@6694fb1b
[22:38:58] [Server thread/TRACE] [FML]:   Registry: 278 minecraft:green_banner net.minecraft.item.crafting.ShapedRecipes@2dcd451f
[22:38:58] [Server thread/TRACE] [FML]:   Registry: 279 minecraft:gray_wool net.minecraft.item.crafting.ShapelessRecipes@718d6b7c
[22:38:58] [Server thread/TRACE] [FML]:   Registry: 280 minecraft:gray_stained_hardened_clay net.minecraft.item.crafting.ShapedRecipes@5016f1a
[22:38:58] [Server thread/TRACE] [FML]:   Registry: 281 minecraft:gray_stained_glass_pane net.minecraft.item.crafting.ShapedRecipes@455d04d2
[22:38:58] [Server thread/TRACE] [FML]:   Registry: 282 minecraft:gray_stained_glass net.minecraft.item.crafting.ShapedRecipes@4e02f17d
[22:38:58] [Server thread/TRACE] [FML]:   Registry: 283 minecraft:gray_dye net.minecraft.item.crafting.ShapelessRecipes@52bb3dcd
[22:38:58] [Server thread/TRACE] [FML]:   Registry: 284 minecraft:gray_concrete_powder net.minecraft.item.crafting.ShapelessRecipes@362b384c
[22:38:58] [Server thread/TRACE] [FML]:   Registry: 285 minecraft:gray_carpet net.minecraft.item.crafting.ShapedRecipes@52c6e959
[22:38:58] [Server thread/TRACE] [FML]:   Registry: 286 minecraft:gray_bed_from_white_bed net.minecraft.item.crafting.ShapelessRecipes@19d9ba89
[22:38:58] [Server thread/TRACE] [FML]:   Registry: 287 minecraft:gray_bed net.minecraft.item.crafting.ShapedRecipes@3f40568e
[22:38:58] [Server thread/TRACE] [FML]:   Registry: 288 minecraft:gray_banner net.minecraft.item.crafting.ShapedRecipes@1bbb48dd
[22:38:58] [Server thread/TRACE] [FML]:   Registry: 289 minecraft:granite net.minecraft.item.crafting.ShapelessRecipes@5dc9d25a
[22:38:58] [Server thread/TRACE] [FML]:   Registry: 290 minecraft:golden_sword net.minecraft.item.crafting.ShapedRecipes@4d79d187
[22:38:58] [Server thread/TRACE] [FML]:   Registry: 291 minecraft:golden_shovel net.minecraft.item.crafting.ShapedRecipes@4fa6fb7f
[22:38:58] [Server thread/TRACE] [FML]:   Registry: 292 minecraft:golden_rail net.minecraft.item.crafting.ShapedRecipes@206bd7a0
[22:38:58] [Server thread/TRACE] [FML]:   Registry: 293 minecraft:golden_pickaxe net.minecraft.item.crafting.ShapedRecipes@575c23f1
[22:38:58] [Server thread/TRACE] [FML]:   Registry: 294 minecraft:golden_leggings net.minecraft.item.crafting.ShapedRecipes@6a299b9d
[22:38:58] [Server thread/TRACE] [FML]:   Registry: 295 minecraft:golden_hoe net.minecraft.item.crafting.ShapedRecipes@5a31abe9
[22:38:58] [Server thread/TRACE] [FML]:   Registry: 296 minecraft:golden_helmet net.minecraft.item.crafting.ShapedRecipes@40fee459
[22:38:58] [Server thread/TRACE] [FML]:   Registry: 297 minecraft:golden_chestplate net.minecraft.item.crafting.ShapedRecipes@24a7d3d3
[22:38:58] [Server thread/TRACE] [FML]:   Registry: 298 minecraft:golden_carrot net.minecraft.item.crafting.ShapedRecipes@5977bdea
[22:38:58] [Server thread/TRACE] [FML]:   Registry: 299 minecraft:golden_boots net.minecraft.item.crafting.ShapedRecipes@2cd52eda
[22:38:58] [Server thread/TRACE] [FML]:   Registry: 300 minecraft:golden_axe net.minecraft.item.crafting.ShapedRecipes@105dc246
[22:38:58] [Server thread/TRACE] [FML]:   Registry: 301 minecraft:golden_apple net.minecraft.item.crafting.ShapedRecipes@62c6db99
[22:38:58] [Server thread/TRACE] [FML]:   Registry: 302 minecraft:gold_nugget net.minecraft.item.crafting.ShapedRecipes@5c316230
[22:38:58] [Server thread/TRACE] [FML]:   Registry: 303 minecraft:gold_ingot_from_nuggets net.minecraft.item.crafting.ShapedRecipes@3494a35e
[22:38:58] [Server thread/TRACE] [FML]:   Registry: 304 minecraft:gold_ingot_from_block net.minecraft.item.crafting.ShapedRecipes@1885dc2b
[22:38:58] [Server thread/TRACE] [FML]:   Registry: 305 minecraft:gold_block net.minecraft.item.crafting.ShapedRecipes@27bbe773
[22:38:58] [Server thread/TRACE] [FML]:   Registry: 306 minecraft:glowstone net.minecraft.item.crafting.ShapedRecipes@ea84346
[22:38:58] [Server thread/TRACE] [FML]:   Registry: 307 minecraft:glass_pane net.minecraft.item.crafting.ShapedRecipes@2157889c
[22:38:58] [Server thread/TRACE] [FML]:   Registry: 308 minecraft:glass_bottle net.minecraft.item.crafting.ShapedRecipes@343727b5
[22:38:58] [Server thread/TRACE] [FML]:   Registry: 309 minecraft:furnace_minecart net.minecraft.item.crafting.ShapedRecipes@83e5898
[22:38:58] [Server thread/TRACE] [FML]:   Registry: 310 minecraft:furnace net.minecraft.item.crafting.ShapedRecipes@4c91a008
[22:38:58] [Server thread/TRACE] [FML]:   Registry: 311 minecraft:flower_pot net.minecraft.item.crafting.ShapedRecipes@582ca1e2
[22:38:58] [Server thread/TRACE] [FML]:   Registry: 312 minecraft:flint_and_steel net.minecraft.item.crafting.ShapelessRecipes@6d4d0a14
[22:38:58] [Server thread/TRACE] [FML]:   Registry: 313 minecraft:fishing_rod net.minecraft.item.crafting.ShapedRecipes@1da32baf
[22:38:58] [Server thread/TRACE] [FML]:   Registry: 314 minecraft:fire_charge net.minecraft.item.crafting.ShapelessRecipes@5617168c
[22:38:58] [Server thread/TRACE] [FML]:   Registry: 315 minecraft:fermented_spider_eye net.minecraft.item.crafting.ShapelessRecipes@6ba355e4
[22:38:58] [Server thread/TRACE] [FML]:   Registry: 316 minecraft:fence_gate net.minecraft.item.crafting.ShapedRecipes@59d0fac9
[22:38:58] [Server thread/TRACE] [FML]:   Registry: 317 minecraft:fence net.minecraft.item.crafting.ShapedRecipes@6e8aea7e
[22:38:58] [Server thread/TRACE] [FML]:   Registry: 318 minecraft:ender_eye net.minecraft.item.crafting.ShapelessRecipes@6371c5ec
[22:38:58] [Server thread/TRACE] [FML]:   Registry: 319 minecraft:ender_chest net.minecraft.item.crafting.ShapedRecipes@34647f58
[22:38:58] [Server thread/TRACE] [FML]:   Registry: 320 minecraft:end_rod net.minecraft.item.crafting.ShapedRecipes@2e4d2232
[22:38:58] [Server thread/TRACE] [FML]:   Registry: 321 minecraft:end_crystal net.minecraft.item.crafting.ShapedRecipes@5111f814
[22:38:58] [Server thread/TRACE] [FML]:   Registry: 322 minecraft:end_bricks net.minecraft.item.crafting.ShapedRecipes@2c70a1de
[22:38:58] [Server thread/TRACE] [FML]:   Registry: 323 minecraft:enchanting_table net.minecraft.item.crafting.ShapedRecipes@c683cf5
[22:38:58] [Server thread/TRACE] [FML]:   Registry: 324 minecraft:emerald_block net.minecraft.item.crafting.ShapedRecipes@5444f1c3
[22:38:58] [Server thread/TRACE] [FML]:   Registry: 325 minecraft:emerald net.minecraft.item.crafting.ShapedRecipes@4070c4ff
[22:38:58] [Server thread/TRACE] [FML]:   Registry: 326 minecraft:dropper net.minecraft.item.crafting.ShapedRecipes@3ca6bd01
[22:38:58] [Server thread/TRACE] [FML]:   Registry: 327 minecraft:dispenser net.minecraft.item.crafting.ShapedRecipes@903c13
[22:38:58] [Server thread/TRACE] [FML]:   Registry: 328 minecraft:diorite net.minecraft.item.crafting.ShapedRecipes@3ba1f56e
[22:38:58] [Server thread/TRACE] [FML]:   Registry: 329 minecraft:diamond_sword net.minecraft.item.crafting.ShapedRecipes@76134251
[22:38:58] [Server thread/TRACE] [FML]:   Registry: 330 minecraft:diamond_shovel net.minecraft.item.crafting.ShapedRecipes@12ebfb2d
[22:38:58] [Server thread/TRACE] [FML]:   Registry: 331 minecraft:diamond_pickaxe net.minecraft.item.crafting.ShapedRecipes@33837bd4
[22:38:58] [Server thread/TRACE] [FML]:   Registry: 332 minecraft:diamond_leggings net.minecraft.item.crafting.ShapedRecipes@79ee779c
[22:38:58] [Server thread/TRACE] [FML]:   Registry: 333 minecraft:diamond_hoe net.minecraft.item.crafting.ShapedRecipes@6549ce71
[22:38:58] [Server thread/TRACE] [FML]:   Registry: 334 minecraft:diamond_helmet net.minecraft.item.crafting.ShapedRecipes@14bf9fd0
[22:38:58] [Server thread/TRACE] [FML]:   Registry: 335 minecraft:diamond_chestplate net.minecraft.item.crafting.ShapedRecipes@2fa2143d
[22:38:58] [Server thread/TRACE] [FML]:   Registry: 336 minecraft:diamond_boots net.minecraft.item.crafting.ShapedRecipes@20518250
[22:38:58] [Server thread/TRACE] [FML]:   Registry: 337 minecraft:diamond_block net.minecraft.item.crafting.ShapedRecipes@4c9d833
[22:38:58] [Server thread/TRACE] [FML]:   Registry: 338 minecraft:diamond_axe net.minecraft.item.crafting.ShapedRecipes@42805abe
[22:38:58] [Server thread/TRACE] [FML]:   Registry: 339 minecraft:diamond net.minecraft.item.crafting.ShapedRecipes@3605ab16
[22:38:58] [Server thread/TRACE] [FML]:   Registry: 340 minecraft:detector_rail net.minecraft.item.crafting.ShapedRecipes@d02c00
[22:38:58] [Server thread/TRACE] [FML]:   Registry: 341 minecraft:daylight_detector net.minecraft.item.crafting.ShapedRecipes@8c18bde
[22:38:58] [Server thread/TRACE] [FML]:   Registry: 342 minecraft:dark_prismarine net.minecraft.item.crafting.ShapedRecipes@1870b9b8
[22:38:58] [Server thread/TRACE] [FML]:   Registry: 343 minecraft:dark_oak_wooden_slab net.minecraft.item.crafting.ShapedRecipes@2befb16f
[22:38:58] [Server thread/TRACE] [FML]:   Registry: 344 minecraft:dark_oak_stairs net.minecraft.item.crafting.ShapedRecipes@31c0c7e5
[22:38:58] [Server thread/TRACE] [FML]:   Registry: 345 minecraft:dark_oak_planks net.minecraft.item.crafting.ShapedRecipes@3b1137b0
[22:38:58] [Server thread/TRACE] [FML]:   Registry: 346 minecraft:dark_oak_fence_gate net.minecraft.item.crafting.ShapedRecipes@cea67b1
[22:38:58] [Server thread/TRACE] [FML]:   Registry: 347 minecraft:dark_oak_fence net.minecraft.item.crafting.ShapedRecipes@5ced0537
[22:38:58] [Server thread/TRACE] [FML]:   Registry: 348 minecraft:dark_oak_door net.minecraft.item.crafting.ShapedRecipes@44da745f
[22:38:58] [Server thread/TRACE] [FML]:   Registry: 349 minecraft:dark_oak_boat net.minecraft.item.crafting.ShapedRecipes@60b4d934
[22:38:58] [Server thread/TRACE] [FML]:   Registry: 350 minecraft:cyan_wool net.minecraft.item.crafting.ShapelessRecipes@30437e9c
[22:38:58] [Server thread/TRACE] [FML]:   Registry: 351 minecraft:cyan_stained_hardened_clay net.minecraft.item.crafting.ShapedRecipes@1e406cbe
[22:38:58] [Server thread/TRACE] [FML]:   Registry: 352 minecraft:cyan_stained_glass_pane net.minecraft.item.crafting.ShapedRecipes@438c0aaf
[22:38:58] [Server thread/TRACE] [FML]:   Registry: 353 minecraft:cyan_stained_glass net.minecraft.item.crafting.ShapedRecipes@5308e79d
[22:38:58] [Server thread/TRACE] [FML]:   Registry: 354 minecraft:cyan_dye net.minecraft.item.crafting.ShapelessRecipes@6a3a56de
[22:38:58] [Server thread/TRACE] [FML]:   Registry: 355 minecraft:cyan_concrete_powder net.minecraft.item.crafting.ShapelessRecipes@4e26040f
[22:38:58] [Server thread/TRACE] [FML]:   Registry: 356 minecraft:cyan_carpet net.minecraft.item.crafting.ShapedRecipes@2e9dcdd3
[22:38:58] [Server thread/TRACE] [FML]:   Registry: 357 minecraft:cyan_bed_from_white_bed net.minecraft.item.crafting.ShapelessRecipes@510203de
[22:38:58] [Server thread/TRACE] [FML]:   Registry: 358 minecraft:cyan_bed net.minecraft.item.crafting.ShapedRecipes@5dc7391e
[22:38:58] [Server thread/TRACE] [FML]:   Registry: 359 minecraft:cyan_banner net.minecraft.item.crafting.ShapedRecipes@35f22eef
[22:38:58] [Server thread/TRACE] [FML]:   Registry: 360 minecraft:crafting_table net.minecraft.item.crafting.ShapedRecipes@430212cb
[22:38:58] [Server thread/TRACE] [FML]:   Registry: 361 minecraft:cookie net.minecraft.item.crafting.ShapedRecipes@36fe83d
[22:38:58] [Server thread/TRACE] [FML]:   Registry: 362 minecraft:compass net.minecraft.item.crafting.ShapedRecipes@6d7677d8
[22:38:58] [Server thread/TRACE] [FML]:   Registry: 363 minecraft:comparator net.minecraft.item.crafting.ShapedRecipes@359fa722
[22:38:58] [Server thread/TRACE] [FML]:   Registry: 364 minecraft:cobblestone_wall net.minecraft.item.crafting.ShapedRecipes@2051a0ec
[22:38:58] [Server thread/TRACE] [FML]:   Registry: 365 minecraft:cobblestone_slab net.minecraft.item.crafting.ShapedRecipes@3731e8b6
[22:38:58] [Server thread/TRACE] [FML]:   Registry: 366 minecraft:coarse_dirt net.minecraft.item.crafting.ShapedRecipes@129c322f
[22:38:58] [Server thread/TRACE] [FML]:   Registry: 367 minecraft:coal_block net.minecraft.item.crafting.ShapedRecipes@31b91435
[22:38:58] [Server thread/TRACE] [FML]:   Registry: 368 minecraft:coal net.minecraft.item.crafting.ShapedRecipes@2314cd97
[22:38:58] [Server thread/TRACE] [FML]:   Registry: 369 minecraft:clock net.minecraft.item.crafting.ShapedRecipes@1e3dc24f
[22:38:58] [Server thread/TRACE] [FML]:   Registry: 370 minecraft:clay net.minecraft.item.crafting.ShapedRecipes@239d9cb7
[22:38:58] [Server thread/TRACE] [FML]:   Registry: 371 minecraft:chiseled_stonebrick net.minecraft.item.crafting.ShapedRecipes@169d4aba
[22:38:58] [Server thread/TRACE] [FML]:   Registry: 372 minecraft:chiseled_sandstone net.minecraft.item.crafting.ShapedRecipes@1eddca25
[22:38:58] [Server thread/TRACE] [FML]:   Registry: 373 minecraft:chiseled_red_sandstone net.minecraft.item.crafting.ShapedRecipes@687fd6e
[22:38:58] [Server thread/TRACE] [FML]:   Registry: 374 minecraft:chiseled_quartz_block net.minecraft.item.crafting.ShapedRecipes@19fc0ef7
[22:38:58] [Server thread/TRACE] [FML]:   Registry: 375 minecraft:chest_minecart net.minecraft.item.crafting.ShapedRecipes@6de9bba2
[22:38:58] [Server thread/TRACE] [FML]:   Registry: 376 minecraft:chest net.minecraft.item.crafting.ShapedRecipes@6e23ba17
[22:38:58] [Server thread/TRACE] [FML]:   Registry: 377 minecraft:cauldron net.minecraft.item.crafting.ShapedRecipes@20db19ff
[22:38:58] [Server thread/TRACE] [FML]:   Registry: 378 minecraft:carrot_on_a_stick net.minecraft.item.crafting.ShapedRecipes@423762ae
[22:38:58] [Server thread/TRACE] [FML]:   Registry: 379 minecraft:cake net.minecraft.item.crafting.ShapedRecipes@6e7f29d5
[22:38:58] [Server thread/TRACE] [FML]:   Registry: 380 minecraft:bucket net.minecraft.item.crafting.ShapedRecipes@6c4d0224
[22:38:58] [Server thread/TRACE] [FML]:   Registry: 381 minecraft:brown_wool net.minecraft.item.crafting.ShapelessRecipes@44587c44
[22:38:58] [Server thread/TRACE] [FML]:   Registry: 382 minecraft:brown_stained_hardened_clay net.minecraft.item.crafting.ShapedRecipes@4cb773c5
[22:38:58] [Server thread/TRACE] [FML]:   Registry: 383 minecraft:brown_stained_glass_pane net.minecraft.item.crafting.ShapedRecipes@33b2ba25
[22:38:58] [Server thread/TRACE] [FML]:   Registry: 384 minecraft:brown_stained_glass net.minecraft.item.crafting.ShapedRecipes@2a60981c
[22:38:58] [Server thread/TRACE] [FML]:   Registry: 385 minecraft:brown_concrete_powder net.minecraft.item.crafting.ShapelessRecipes@51da7b08
[22:38:58] [Server thread/TRACE] [FML]:   Registry: 386 minecraft:brown_carpet net.minecraft.item.crafting.ShapedRecipes@6c7f804c
[22:38:58] [Server thread/TRACE] [FML]:   Registry: 387 minecraft:brown_bed_from_white_bed net.minecraft.item.crafting.ShapelessRecipes@576b385d
[22:38:58] [Server thread/TRACE] [FML]:   Registry: 388 minecraft:brown_bed net.minecraft.item.crafting.ShapedRecipes@77f04d1a
[22:38:58] [Server thread/TRACE] [FML]:   Registry: 389 minecraft:brown_banner net.minecraft.item.crafting.ShapedRecipes@1f1574c
[22:38:58] [Server thread/TRACE] [FML]:   Registry: 390 minecraft:brick_stairs net.minecraft.item.crafting.ShapedRecipes@c79780
[22:38:58] [Server thread/TRACE] [FML]:   Registry: 391 minecraft:brick_slab net.minecraft.item.crafting.ShapedRecipes@6c46dc02
[22:38:58] [Server thread/TRACE] [FML]:   Registry: 392 minecraft:brick_block net.minecraft.item.crafting.ShapedRecipes@37f71e8
[22:38:58] [Server thread/TRACE] [FML]:   Registry: 393 minecraft:brewing_stand net.minecraft.item.crafting.ShapedRecipes@66fff42f
[22:38:58] [Server thread/TRACE] [FML]:   Registry: 394 minecraft:bread net.minecraft.item.crafting.ShapedRecipes@178c6261
[22:38:58] [Server thread/TRACE] [FML]:   Registry: 395 minecraft:bowl net.minecraft.item.crafting.ShapedRecipes@2ae7c1d
[22:38:58] [Server thread/TRACE] [FML]:   Registry: 396 minecraft:bow net.minecraft.item.crafting.ShapedRecipes@e3692ca
[22:38:58] [Server thread/TRACE] [FML]:   Registry: 397 minecraft:bookshelf net.minecraft.item.crafting.ShapedRecipes@5868ea91
[22:38:58] [Server thread/TRACE] [FML]:   Registry: 398 minecraft:book net.minecraft.item.crafting.ShapelessRecipes@31a024ea
[22:38:58] [Server thread/TRACE] [FML]:   Registry: 399 minecraft:bone_meal_from_bone net.minecraft.item.crafting.ShapelessRecipes@29b4444a
[22:38:58] [Server thread/TRACE] [FML]:   Registry: 400 minecraft:bone_meal_from_block net.minecraft.item.crafting.ShapelessRecipes@26291192
[22:38:58] [Server thread/TRACE] [FML]:   Registry: 401 minecraft:bone_block net.minecraft.item.crafting.ShapedRecipes@4c91f5bf
[22:38:58] [Server thread/TRACE] [FML]:   Registry: 402 minecraft:boat net.minecraft.item.crafting.ShapedRecipes@78bce1c4
[22:38:58] [Server thread/TRACE] [FML]:   Registry: 403 minecraft:blue_wool net.minecraft.item.crafting.ShapelessRecipes@1382a7d8
[22:38:58] [Server thread/TRACE] [FML]:   Registry: 404 minecraft:blue_stained_hardened_clay net.minecraft.item.crafting.ShapedRecipes@546c30c2
[22:38:58] [Server thread/TRACE] [FML]:   Registry: 405 minecraft:blue_stained_glass_pane net.minecraft.item.crafting.ShapedRecipes@e5c52fa
[22:38:58] [Server thread/TRACE] [FML]:   Registry: 406 minecraft:blue_stained_glass net.minecraft.item.crafting.ShapedRecipes@624494d4
[22:38:58] [Server thread/TRACE] [FML]:   Registry: 407 minecraft:blue_concrete_powder net.minecraft.item.crafting.ShapelessRecipes@4c1b4e07
[22:38:58] [Server thread/TRACE] [FML]:   Registry: 408 minecraft:blue_carpet net.minecraft.item.crafting.ShapedRecipes@24731caf
[22:38:58] [Server thread/TRACE] [FML]:   Registry: 409 minecraft:blue_bed_from_white_bed net.minecraft.item.crafting.ShapelessRecipes@e27d97b
[22:38:58] [Server thread/TRACE] [FML]:   Registry: 410 minecraft:blue_bed net.minecraft.item.crafting.ShapedRecipes@38d4488c
[22:38:58] [Server thread/TRACE] [FML]:   Registry: 411 minecraft:blue_banner net.minecraft.item.crafting.ShapedRecipes@2a8e30e3
[22:38:58] [Server thread/TRACE] [FML]:   Registry: 412 minecraft:blaze_powder net.minecraft.item.crafting.ShapelessRecipes@25172993
[22:38:58] [Server thread/TRACE] [FML]:   Registry: 413 minecraft:black_wool net.minecraft.item.crafting.ShapelessRecipes@23ea3853
[22:38:58] [Server thread/TRACE] [FML]:   Registry: 414 minecraft:black_stained_hardened_clay net.minecraft.item.crafting.ShapedRecipes@5a99543b
[22:38:58] [Server thread/TRACE] [FML]:   Registry: 415 minecraft:black_stained_glass_pane net.minecraft.item.crafting.ShapedRecipes@7857cb1d
[22:38:58] [Server thread/TRACE] [FML]:   Registry: 416 minecraft:black_stained_glass net.minecraft.item.crafting.ShapedRecipes@6eadd342
[22:38:58] [Server thread/TRACE] [FML]:   Registry: 417 minecraft:black_concrete_powder net.minecraft.item.crafting.ShapelessRecipes@1614499b
[22:38:58] [Server thread/TRACE] [FML]:   Registry: 418 minecraft:black_carpet net.minecraft.item.crafting.ShapedRecipes@578198d9
[22:38:58] [Server thread/TRACE] [FML]:   Registry: 419 minecraft:black_bed_from_white_bed net.minecraft.item.crafting.ShapelessRecipes@7f8f5d37
[22:38:58] [Server thread/TRACE] [FML]:   Registry: 420 minecraft:black_bed net.minecraft.item.crafting.ShapedRecipes@58486deb
[22:38:58] [Server thread/TRACE] [FML]:   Registry: 421 minecraft:black_banner net.minecraft.item.crafting.ShapedRecipes@1b5cf611
[22:38:58] [Server thread/TRACE] [FML]:   Registry: 422 minecraft:birch_wooden_slab net.minecraft.item.crafting.ShapedRecipes@3a17acd4
[22:38:58] [Server thread/TRACE] [FML]:   Registry: 423 minecraft:birch_stairs net.minecraft.item.crafting.ShapedRecipes@1d67348a
[22:38:58] [Server thread/TRACE] [FML]:   Registry: 424 minecraft:birch_planks net.minecraft.item.crafting.ShapedRecipes@38445703
[22:38:58] [Server thread/TRACE] [FML]:   Registry: 425 minecraft:birch_fence_gate net.minecraft.item.crafting.ShapedRecipes@7591cbd1
[22:38:58] [Server thread/TRACE] [FML]:   Registry: 426 minecraft:birch_fence net.minecraft.item.crafting.ShapedRecipes@3023f157
[22:38:58] [Server thread/TRACE] [FML]:   Registry: 427 minecraft:birch_door net.minecraft.item.crafting.ShapedRecipes@6f4029e9
[22:38:58] [Server thread/TRACE] [FML]:   Registry: 428 minecraft:birch_boat net.minecraft.item.crafting.ShapedRecipes@72bdbfe9
[22:38:58] [Server thread/TRACE] [FML]:   Registry: 429 minecraft:beetroot_soup net.minecraft.item.crafting.ShapedRecipes@46fdfaeb
[22:38:58] [Server thread/TRACE] [FML]:   Registry: 430 minecraft:beacon net.minecraft.item.crafting.ShapedRecipes@7a0f43dc
[22:38:58] [Server thread/TRACE] [FML]:   Registry: 431 minecraft:arrow net.minecraft.item.crafting.ShapedRecipes@7a71ebf1
[22:38:58] [Server thread/TRACE] [FML]:   Registry: 432 minecraft:armor_stand net.minecraft.item.crafting.ShapedRecipes@42f2cae8
[22:38:58] [Server thread/TRACE] [FML]:   Registry: 433 minecraft:anvil net.minecraft.item.crafting.ShapedRecipes@19677add
[22:38:58] [Server thread/TRACE] [FML]:   Registry: 434 minecraft:andesite net.minecraft.item.crafting.ShapelessRecipes@5b0575d0
[22:38:58] [Server thread/TRACE] [FML]:   Registry: 435 minecraft:activator_rail net.minecraft.item.crafting.ShapedRecipes@1e592ef2
[22:38:58] [Server thread/TRACE] [FML]:   Registry: 436 minecraft:acacia_wooden_slab net.minecraft.item.crafting.ShapedRecipes@51c6e775
[22:38:58] [Server thread/TRACE] [FML]:   Registry: 437 minecraft:acacia_stairs net.minecraft.item.crafting.ShapedRecipes@77ebc9e6
[22:38:58] [Server thread/TRACE] [FML]:   Registry: 438 minecraft:acacia_planks net.minecraft.item.crafting.ShapedRecipes@3e0e0ba7
[22:38:58] [Server thread/TRACE] [FML]:   Registry: 439 minecraft:acacia_fence_gate net.minecraft.item.crafting.ShapedRecipes@188ae8d2
[22:38:58] [Server thread/TRACE] [FML]:   Registry: 440 minecraft:acacia_fence net.minecraft.item.crafting.ShapedRecipes@7bdf94f2
[22:38:58] [Server thread/TRACE] [FML]:   Registry: 441 minecraft:acacia_door net.minecraft.item.crafting.ShapedRecipes@3ec62141
[22:38:58] [Server thread/TRACE] [FML]:   Registry: 442 minecraft:acacia_boat net.minecraft.item.crafting.ShapedRecipes@11e3d08
[22:38:58] [Server thread/TRACE] [FML]: Registry Name : minecraft:villagerprofessions
[22:38:58] [Server thread/TRACE] [FML]:   Registry: 0 minecraft:farmer net.minecraftforge.fml.common.registry.VillagerRegistry$VillagerProfession@75f8d9b0
[22:38:58] [Server thread/TRACE] [FML]:   Registry: 1 minecraft:librarian net.minecraftforge.fml.common.registry.VillagerRegistry$VillagerProfession@7f1fec57
[22:38:58] [Server thread/TRACE] [FML]:   Registry: 2 minecraft:priest net.minecraftforge.fml.common.registry.VillagerRegistry$VillagerProfession@5c9e3d01
[22:38:58] [Server thread/TRACE] [FML]:   Registry: 3 minecraft:smith net.minecraftforge.fml.common.registry.VillagerRegistry$VillagerProfession@1dc9f5ad
[22:38:58] [Server thread/TRACE] [FML]:   Registry: 4 minecraft:butcher net.minecraftforge.fml.common.registry.VillagerRegistry$VillagerProfession@4a2d66e
[22:38:58] [Server thread/TRACE] [FML]:   Registry: 5 minecraft:nitwit net.minecraftforge.fml.common.registry.VillagerRegistry$VillagerProfession@4dffff9
[22:38:58] [Server thread/TRACE] [FML]: Registry Name : minecraft:dataserializers
[22:38:58] [Server thread/TRACE] [FML]: Registry Name : minecraft:entities
[22:38:58] [Server thread/TRACE] [FML]:   Registry: 1 minecraft:item net.minecraftforge.fml.common.registry.EntityEntry@4ed19b69
[22:38:58] [Server thread/TRACE] [FML]:   Registry: 2 minecraft:xp_orb net.minecraftforge.fml.common.registry.EntityEntry@45dc7be
[22:38:58] [Server thread/TRACE] [FML]:   Registry: 3 minecraft:area_effect_cloud net.minecraftforge.fml.common.registry.EntityEntry@2676d96a
[22:38:58] [Server thread/TRACE] [FML]:   Registry: 4 minecraft:elder_guardian net.minecraftforge.fml.common.registry.EntityEntry@59b98ad1
[22:38:58] [Server thread/TRACE] [FML]:   Registry: 5 minecraft:wither_skeleton net.minecraftforge.fml.common.registry.EntityEntry@356f20b7
[22:38:58] [Server thread/TRACE] [FML]:   Registry: 6 minecraft:stray net.minecraftforge.fml.common.registry.EntityEntry@54496c2d
[22:38:58] [Server thread/TRACE] [FML]:   Registry: 7 minecraft:egg net.minecraftforge.fml.common.registry.EntityEntry@35af52dc
[22:38:58] [Server thread/TRACE] [FML]:   Registry: 8 minecraft:leash_knot net.minecraftforge.fml.common.registry.EntityEntry@4213bc3e
[22:38:58] [Server thread/TRACE] [FML]:   Registry: 9 minecraft:painting net.minecraftforge.fml.common.registry.EntityEntry@25dcf1b6
[22:38:58] [Server thread/TRACE] [FML]:   Registry: 10 minecraft:arrow net.minecraftforge.fml.common.registry.EntityEntry@4e10a320
[22:38:58] [Server thread/TRACE] [FML]:   Registry: 11 minecraft:snowball net.minecraftforge.fml.common.registry.EntityEntry@352c3d70
[22:38:58] [Server thread/TRACE] [FML]:   Registry: 12 minecraft:fireball net.minecraftforge.fml.common.registry.EntityEntry@4c6fc3e7
[22:38:58] [Server thread/TRACE] [FML]:   Registry: 13 minecraft:small_fireball net.minecraftforge.fml.common.registry.EntityEntry@66e12c3b
[22:38:58] [Server thread/TRACE] [FML]:   Registry: 14 minecraft:ender_pearl net.minecraftforge.fml.common.registry.EntityEntry@1e4d8770
[22:38:58] [Server thread/TRACE] [FML]:   Registry: 15 minecraft:eye_of_ender_signal net.minecraftforge.fml.common.registry.EntityEntry@41f7c02d
[22:38:58] [Server thread/TRACE] [FML]:   Registry: 16 minecraft:potion net.minecraftforge.fml.common.registry.EntityEntry@14b5325f
[22:38:58] [Server thread/TRACE] [FML]:   Registry: 17 minecraft:xp_bottle net.minecraftforge.fml.common.registry.EntityEntry@6cc90398
[22:38:58] [Server thread/TRACE] [FML]:   Registry: 18 minecraft:item_frame net.minecraftforge.fml.common.registry.EntityEntry@3d718248
[22:38:58] [Server thread/TRACE] [FML]:   Registry: 19 minecraft:wither_skull net.minecraftforge.fml.common.registry.EntityEntry@1450ffa3
[22:38:58] [Server thread/TRACE] [FML]:   Registry: 20 minecraft:tnt net.minecraftforge.fml.common.registry.EntityEntry@38ebc866
[22:38:58] [Server thread/TRACE] [FML]:   Registry: 21 minecraft:falling_block net.minecraftforge.fml.common.registry.EntityEntry@7962a746
[22:38:58] [Server thread/TRACE] [FML]:   Registry: 22 minecraft:fireworks_rocket net.minecraftforge.fml.common.registry.EntityEntry@7a7f9d45
[22:38:58] [Server thread/TRACE] [FML]:   Registry: 23 minecraft:husk net.minecraftforge.fml.common.registry.EntityEntry@5876bed9
[22:38:58] [Server thread/TRACE] [FML]:   Registry: 24 minecraft:spectral_arrow net.minecraftforge.fml.common.registry.EntityEntry@67f8f5a6
[22:38:58] [Server thread/TRACE] [FML]:   Registry: 25 minecraft:shulker_bullet net.minecraftforge.fml.common.registry.EntityEntry@ba0018e
[22:38:58] [Server thread/TRACE] [FML]:   Registry: 26 minecraft:dragon_fireball net.minecraftforge.fml.common.registry.EntityEntry@f237ae7
[22:38:58] [Server thread/TRACE] [FML]:   Registry: 27 minecraft:zombie_villager net.minecraftforge.fml.common.registry.EntityEntry@6fe5da76
[22:38:58] [Server thread/TRACE] [FML]:   Registry: 28 minecraft:skeleton_horse net.minecraftforge.fml.common.registry.EntityEntry@25e95af1
[22:38:58] [Server thread/TRACE] [FML]:   Registry: 29 minecraft:zombie_horse net.minecraftforge.fml.common.registry.EntityEntry@72f3acc9
[22:38:58] [Server thread/TRACE] [FML]:   Registry: 30 minecraft:armor_stand net.minecraftforge.fml.common.registry.EntityEntry@584136c1
[22:38:58] [Server thread/TRACE] [FML]:   Registry: 31 minecraft:donkey net.minecraftforge.fml.common.registry.EntityEntry@295f2d1b
[22:38:58] [Server thread/TRACE] [FML]:   Registry: 32 minecraft:mule net.minecraftforge.fml.common.registry.EntityEntry@44e08a7a
[22:38:58] [Server thread/TRACE] [FML]:   Registry: 33 minecraft:evocation_fangs net.minecraftforge.fml.common.registry.EntityEntry@17ae13d5
[22:38:58] [Server thread/TRACE] [FML]:   Registry: 34 minecraft:evocation_illager net.minecraftforge.fml.common.registry.EntityEntry@c82ad22
[22:38:58] [Server thread/TRACE] [FML]:   Registry: 35 minecraft:vex net.minecraftforge.fml.common.registry.EntityEntry@43d6262c
[22:38:58] [Server thread/TRACE] [FML]:   Registry: 36 minecraft:vindication_illager net.minecraftforge.fml.common.registry.EntityEntry@1d2c253
[22:38:58] [Server thread/TRACE] [FML]:   Registry: 37 minecraft:illusion_illager net.minecraftforge.fml.common.registry.EntityEntry@57b130f6
[22:38:58] [Server thread/TRACE] [FML]:   Registry: 40 minecraft:commandblock_minecart net.minecraftforge.fml.common.registry.EntityEntry@71beada8
[22:38:58] [Server thread/TRACE] [FML]:   Registry: 41 minecraft:boat net.minecraftforge.fml.common.registry.EntityEntry@2b3b1124
[22:38:58] [Server thread/TRACE] [FML]:   Registry: 42 minecraft:minecart net.minecraftforge.fml.common.registry.EntityEntry@507f47f9
[22:38:58] [Server thread/TRACE] [FML]:   Registry: 43 minecraft:chest_minecart net.minecraftforge.fml.common.registry.EntityEntry@2a2798a2
[22:38:58] [Server thread/TRACE] [FML]:   Registry: 44 minecraft:furnace_minecart net.minecraftforge.fml.common.registry.EntityEntry@31f1b268
[22:38:58] [Server thread/TRACE] [FML]:   Registry: 45 minecraft:tnt_minecart net.minecraftforge.fml.common.registry.EntityEntry@2833c093
[22:38:58] [Server thread/TRACE] [FML]:   Registry: 46 minecraft:hopper_minecart net.minecraftforge.fml.common.registry.EntityEntry@4ff074a0
[22:38:58] [Server thread/TRACE] [FML]:   Registry: 47 minecraft:spawner_minecart net.minecraftforge.fml.common.registry.EntityEntry@275902e1
[22:38:58] [Server thread/TRACE] [FML]:   Registry: 50 minecraft:creeper net.minecraftforge.fml.common.registry.EntityEntry@32dbca45
[22:38:58] [Server thread/TRACE] [FML]:   Registry: 51 minecraft:skeleton net.minecraftforge.fml.common.registry.EntityEntry@7791ff50
[22:38:58] [Server thread/TRACE] [FML]:   Registry: 52 minecraft:spider net.minecraftforge.fml.common.registry.EntityEntry@42238078
[22:38:58] [Server thread/TRACE] [FML]:   Registry: 53 minecraft:giant net.minecraftforge.fml.common.registry.EntityEntry@e3c36d
[22:38:58] [Server thread/TRACE] [FML]:   Registry: 54 minecraft:zombie net.minecraftforge.fml.common.registry.EntityEntry@39a865c1
[22:38:58] [Server thread/TRACE] [FML]:   Registry: 55 minecraft:slime net.minecraftforge.fml.common.registry.EntityEntry@1c815814
[22:38:58] [Server thread/TRACE] [FML]:   Registry: 56 minecraft:ghast net.minecraftforge.fml.common.registry.EntityEntry@1dfe5dd1
[22:38:58] [Server thread/TRACE] [FML]:   Registry: 57 minecraft:zombie_pigman net.minecraftforge.fml.common.registry.EntityEntry@79445efb
[22:38:58] [Server thread/TRACE] [FML]:   Registry: 58 minecraft:enderman net.minecraftforge.fml.common.registry.EntityEntry@2932e15f
[22:38:58] [Server thread/TRACE] [FML]:   Registry: 59 minecraft:cave_spider net.minecraftforge.fml.common.registry.EntityEntry@bb6869a
[22:38:58] [Server thread/TRACE] [FML]:   Registry: 60 minecraft:silverfish net.minecraftforge.fml.common.registry.EntityEntry@7b2d58e6
[22:38:58] [Server thread/TRACE] [FML]:   Registry: 61 minecraft:blaze net.minecraftforge.fml.common.registry.EntityEntry@33eab2e8
[22:38:58] [Server thread/TRACE] [FML]:   Registry: 62 minecraft:magma_cube net.minecraftforge.fml.common.registry.EntityEntry@14b26e90
[22:38:58] [Server thread/TRACE] [FML]:   Registry: 63 minecraft:ender_dragon net.minecraftforge.fml.common.registry.EntityEntry@62b42406
[22:38:58] [Server thread/TRACE] [FML]:   Registry: 64 minecraft:wither net.minecraftforge.fml.common.registry.EntityEntry@1ab268bd
[22:38:58] [Server thread/TRACE] [FML]:   Registry: 65 minecraft:bat net.minecraftforge.fml.common.registry.EntityEntry@5e020dd1
[22:38:58] [Server thread/TRACE] [FML]:   Registry: 66 minecraft:witch net.minecraftforge.fml.common.registry.EntityEntry@1d9ff1e2
[22:38:58] [Server thread/TRACE] [FML]:   Registry: 67 minecraft:endermite net.minecraftforge.fml.common.registry.EntityEntry@6487f7f8
[22:38:58] [Server thread/TRACE] [FML]:   Registry: 68 minecraft:guardian net.minecraftforge.fml.common.registry.EntityEntry@4990b335
[22:38:58] [Server thread/TRACE] [FML]:   Registry: 69 minecraft:shulker net.minecraftforge.fml.common.registry.EntityEntry@41404aa2
[22:38:58] [Server thread/TRACE] [FML]:   Registry: 90 minecraft:pig net.minecraftforge.fml.common.registry.EntityEntry@289a4b90
[22:38:58] [Server thread/TRACE] [FML]:   Registry: 91 minecraft:sheep net.minecraftforge.fml.common.registry.EntityEntry@5f68eec6
[22:38:58] [Server thread/TRACE] [FML]:   Registry: 92 minecraft:cow net.minecraftforge.fml.common.registry.EntityEntry@74f649a7
[22:38:58] [Server thread/TRACE] [FML]:   Registry: 93 minecraft:chicken net.minecraftforge.fml.common.registry.EntityEntry@50fa5938
[22:38:58] [Server thread/TRACE] [FML]:   Registry: 94 minecraft:squid net.minecraftforge.fml.common.registry.EntityEntry@5814b4fb
[22:38:58] [Server thread/TRACE] [FML]:   Registry: 95 minecraft:wolf net.minecraftforge.fml.common.registry.EntityEntry@16d4024e
[22:38:58] [Server thread/TRACE] [FML]:   Registry: 96 minecraft:mooshroom net.minecraftforge.fml.common.registry.EntityEntry@3684d2c0
[22:38:58] [Server thread/TRACE] [FML]:   Registry: 97 minecraft:snowman net.minecraftforge.fml.common.registry.EntityEntry@454e9d65
[22:38:58] [Server thread/TRACE] [FML]:   Registry: 98 minecraft:ocelot net.minecraftforge.fml.common.registry.EntityEntry@154f8280
[22:38:58] [Server thread/TRACE] [FML]:   Registry: 99 minecraft:villager_golem net.minecraftforge.fml.common.registry.EntityEntry@2d3eecda
[22:38:58] [Server thread/TRACE] [FML]:   Registry: 100 minecraft:horse net.minecraftforge.fml.common.registry.EntityEntry@736788b
[22:38:58] [Server thread/TRACE] [FML]:   Registry: 101 minecraft:rabbit net.minecraftforge.fml.common.registry.EntityEntry@6c1bebca
[22:38:58] [Server thread/TRACE] [FML]:   Registry: 102 minecraft:polar_bear net.minecraftforge.fml.common.registry.EntityEntry@49925d21
[22:38:58] [Server thread/TRACE] [FML]:   Registry: 103 minecraft:llama net.minecraftforge.fml.common.registry.EntityEntry@8ce3f27
[22:38:58] [Server thread/TRACE] [FML]:   Registry: 104 minecraft:llama_spit net.minecraftforge.fml.common.registry.EntityEntry@6802d023
[22:38:58] [Server thread/TRACE] [FML]:   Registry: 105 minecraft:parrot net.minecraftforge.fml.common.registry.EntityEntry@72237be8
[22:38:58] [Server thread/TRACE] [FML]:   Registry: 120 minecraft:villager net.minecraftforge.fml.common.registry.EntityEntry@54ca9420
[22:38:58] [Server thread/TRACE] [FML]:   Registry: 200 minecraft:ender_crystal net.minecraftforge.fml.common.registry.EntityEntry@72c704f1
[22:38:58] [Server thread/TRACE] [FML]: Sending event FMLModIdMappingEvent to mod minecraft
[22:38:58] [Server thread/TRACE] [FML]: Sent event FMLModIdMappingEvent to mod minecraft
[22:38:58] [Server thread/DEBUG] [FML]: Bar Step: ModIdMapping - Minecraft took 0.000s
[22:38:58] [Server thread/TRACE] [FML]: Sending event FMLModIdMappingEvent to mod mcp
[22:38:58] [Server thread/TRACE] [FML]: Sent event FMLModIdMappingEvent to mod mcp
[22:38:58] [Server thread/DEBUG] [FML]: Bar Step: ModIdMapping - Minecraft Coder Pack took 0.000s
[22:38:58] [Server thread/TRACE] [FML]: Sending event FMLModIdMappingEvent to mod FML
[22:38:58] [Server thread/TRACE] [FML]: Sent event FMLModIdMappingEvent to mod FML
[22:38:58] [Server thread/DEBUG] [FML]: Bar Step: ModIdMapping - Forge Mod Loader took 0.000s
[22:38:58] [Server thread/TRACE] [FML]: Sending event FMLModIdMappingEvent to mod forge
[22:38:58] [Server thread/TRACE] [FML]: Sent event FMLModIdMappingEvent to mod forge
[22:38:58] [Server thread/DEBUG] [FML]: Bar Step: ModIdMapping - Minecraft Forge took 0.174s
[22:38:58] [Server thread/TRACE] [FML]: Sending event FMLModIdMappingEvent to mod dragontweaks
[22:38:58] [Server thread/TRACE] [FML]: Sent event FMLModIdMappingEvent to mod dragontweaks
[22:38:58] [Server thread/DEBUG] [FML]: Bar Step: ModIdMapping - dragontweaks took 0.000s
[22:38:58] [Server thread/DEBUG] [FML]: Bar Finished: ModIdMapping took 0.175s
[22:38:58] [Server thread/INFO] [FML]: Applying holder lookups
[22:38:58] [Server thread/INFO] [FML]: Holder lookups applied
[22:38:58] [Server thread/DEBUG] [FML]: Loading persistent fluid defaults from world
[22:38:58] [Server thread/DEBUG] [FML]: The fluid minecraft:lava has been selected as the default fluid for lava
[22:38:58] [Server thread/DEBUG] [FML]: The fluid minecraft:water has been selected as the default fluid for water
[22:38:59] [Server thread/INFO] [FML]: Loading dimension 0 (New World) (net.minecraft.server.integrated.IntegratedServer@4b478fd2)
[22:39:00] [Server thread/INFO] [net.minecraft.advancements.AdvancementList]: Loaded 488 advancements
[22:39:01] [Server thread/INFO] [FML]: Loading dimension -1 (New World) (net.minecraft.server.integrated.IntegratedServer@4b478fd2)
[22:39:01] [Server thread/INFO] [FML]: Loading dimension 1 (New World) (net.minecraft.server.integrated.IntegratedServer@4b478fd2)
[22:39:01] [Server thread/INFO] [net.minecraft.server.MinecraftServer]: Preparing start region for level 0
[22:39:02] [Server thread/INFO] [net.minecraft.server.MinecraftServer]: Preparing spawn area: 5%
[22:39:03] [Server thread/INFO] [net.minecraft.server.MinecraftServer]: Preparing spawn area: 10%
[22:39:04] [Server thread/INFO] [net.minecraft.server.MinecraftServer]: Preparing spawn area: 15%
[22:39:05] [Server thread/INFO] [net.minecraft.server.MinecraftServer]: Preparing spawn area: 19%
[22:39:06] [Server thread/INFO] [net.minecraft.server.MinecraftServer]: Preparing spawn area: 24%
[22:39:07] [Server thread/INFO] [net.minecraft.server.MinecraftServer]: Preparing spawn area: 28%
[22:39:08] [Server thread/INFO] [net.minecraft.server.MinecraftServer]: Preparing spawn area: 36%
[22:39:09] [Server thread/INFO] [net.minecraft.server.MinecraftServer]: Preparing spawn area: 44%
[22:39:10] [Server thread/INFO] [net.minecraft.server.MinecraftServer]: Preparing spawn area: 53%
[22:39:11] [Server thread/INFO] [net.minecraft.server.MinecraftServer]: Preparing spawn area: 63%
[22:39:12] [Server thread/INFO] [net.minecraft.server.MinecraftServer]: Preparing spawn area: 75%
[22:39:13] [Server thread/INFO] [net.minecraft.server.MinecraftServer]: Preparing spawn area: 87%
[22:39:14] [Server thread/TRACE] [FML]: Sending event FMLServerStartingEvent to mod minecraft
[22:39:14] [Server thread/TRACE] [FML]: Sent event FMLServerStartingEvent to mod minecraft
[22:39:14] [Server thread/DEBUG] [FML]: Bar Step: ServerStarting - Minecraft took 0.000s
[22:39:14] [Server thread/TRACE] [FML]: Sending event FMLServerStartingEvent to mod mcp
[22:39:14] [Server thread/TRACE] [FML]: Sent event FMLServerStartingEvent to mod mcp
[22:39:14] [Server thread/DEBUG] [FML]: Bar Step: ServerStarting - Minecraft Coder Pack took 0.000s
[22:39:14] [Server thread/TRACE] [FML]: Sending event FMLServerStartingEvent to mod FML
[22:39:14] [Server thread/TRACE] [FML]: Sent event FMLServerStartingEvent to mod FML
[22:39:14] [Server thread/DEBUG] [FML]: Bar Step: ServerStarting - Forge Mod Loader took 0.000s
[22:39:14] [Server thread/TRACE] [FML]: Sending event FMLServerStartingEvent to mod forge
[22:39:14] [Server thread/TRACE] [FML]: Sent event FMLServerStartingEvent to mod forge
[22:39:14] [Server thread/DEBUG] [FML]: Bar Step: ServerStarting - Minecraft Forge took 0.061s
[22:39:14] [Server thread/TRACE] [FML]: Sending event FMLServerStartingEvent to mod dragontweaks
[22:39:14] [Server thread/TRACE] [FML]: Sent event FMLServerStartingEvent to mod dragontweaks
[22:39:14] [Server thread/DEBUG] [FML]: Bar Step: ServerStarting - dragontweaks took 0.000s
[22:39:14] [Server thread/DEBUG] [FML]: Bar Finished: ServerStarting took 0.062s
[22:39:14] [Server thread/TRACE] [FML]: Sending event FMLServerStartedEvent to mod minecraft
[22:39:14] [Server thread/TRACE] [FML]: Sent event FMLServerStartedEvent to mod minecraft
[22:39:14] [Server thread/DEBUG] [FML]: Bar Step: ServerStarted - Minecraft took 0.000s
[22:39:14] [Server thread/TRACE] [FML]: Sending event FMLServerStartedEvent to mod mcp
[22:39:14] [Server thread/TRACE] [FML]: Sent event FMLServerStartedEvent to mod mcp
[22:39:14] [Server thread/DEBUG] [FML]: Bar Step: ServerStarted - Minecraft Coder Pack took 0.001s
[22:39:14] [Server thread/TRACE] [FML]: Sending event FMLServerStartedEvent to mod FML
[22:39:14] [Server thread/TRACE] [FML]: Sent event FMLServerStartedEvent to mod FML
[22:39:14] [Server thread/DEBUG] [FML]: Bar Step: ServerStarted - Forge Mod Loader took 0.000s
[22:39:14] [Server thread/TRACE] [FML]: Sending event FMLServerStartedEvent to mod forge
[22:39:14] [Server thread/TRACE] [FML]: Sent event FMLServerStartedEvent to mod forge
[22:39:14] [Server thread/DEBUG] [FML]: Bar Step: ServerStarted - Minecraft Forge took 0.000s
[22:39:14] [Server thread/TRACE] [FML]: Sending event FMLServerStartedEvent to mod dragontweaks
[22:39:14] [Server thread/TRACE] [FML]: Sent event FMLServerStartedEvent to mod dragontweaks
[22:39:14] [Server thread/DEBUG] [FML]: Bar Step: ServerStarted - dragontweaks took 0.000s
[22:39:14] [Server thread/DEBUG] [FML]: Bar Finished: ServerStarted took 0.002s
[22:39:14] [Server thread/DEBUG] [FML]: Queueing dimension -1 to unload
[22:39:14] [Server thread/DEBUG] [FML]: Queueing dimension 1 to unload
[22:39:14] [Server thread/INFO] [FML]: Unloading dimension -1
[22:39:14] [Server thread/INFO] [FML]: Unloading dimension 1
[22:39:14] [Server thread/INFO] [net.minecraft.server.integrated.IntegratedServer]: Changing view distance to 12, from 10
[22:39:16] [Netty Local Client IO #0/TRACE] [FML]: Handshake channel activating
[22:39:16] [Netty Local Client IO #0/DEBUG] [FML]: FMLHandshakeClientState: null->FMLHandshakeClientState$1:START
[22:39:16] [Netty Local Client IO #0/DEBUG] [FML]:   Next: HELLO
[22:39:16] [Server thread/TRACE] [FML]: Handshake channel activating
[22:39:16] [Server thread/DEBUG] [FML]: FMLHandshakeServerState: null->FMLHandshakeServerState$1:START
[22:39:16] [Server thread/DEBUG] [FML]:   Next: HELLO
[22:39:16] [Netty Local Client IO #0/DEBUG] [FML]: Server FML protocol version 2, 4 byte dimension received 0
[22:39:16] [Netty Local Client IO #0/DEBUG] [FML]: FMLHandshakeClientState: $ServerHello->FMLHandshakeClientState$2:HELLO
[22:39:16] [Netty Local Client IO #0/DEBUG] [FML]:   Next: WAITINGSERVERDATA
[22:39:16] [Netty Local Client IO #0/INFO] [FML]: Server protocol version 2
[22:39:16] [Netty Local Client IO #0/DEBUG] [FML]: Received override dimension 0
[22:39:16] [Netty Server IO #1/DEBUG] [FML]: FMLHandshakeServerState: $ClientHello->FMLHandshakeServerState$2:HELLO
[22:39:16] [Netty Server IO #1/INFO] [FML]: Client protocol version 2
[22:39:16] [Netty Server IO #1/DEBUG] [FML]: FMLHandshakeServerState: $ModList:5 mods->FMLHandshakeServerState$2:HELLO
[22:39:16] [Netty Server IO #1/INFO] [FML]: Client attempting to join with 5 mods : minecraft@1.12.2,FML@8.0.99.99,forge@14.23.5.2860,mcp@9.42,dragontweaks@1.0
[22:39:16] [Netty Server IO #1/DEBUG] [FML]:   Next: WAITINGCACK
[22:39:16] [Netty Local Client IO #0/DEBUG] [FML]: FMLHandshakeClientState: $ModList:5 mods->FMLHandshakeClientState$3:WAITINGSERVERDATA
[22:39:16] [Netty Local Client IO #0/DEBUG] [FML]:   Next: PENDINGCOMPLETE
[22:39:16] [Netty Server IO #1/DEBUG] [FML]: FMLHandshakeServerState: $HandshakeAck:{2}->FMLHandshakeServerState$3:WAITINGCACK
[22:39:16] [Netty Server IO #1/DEBUG] [FML]:   Next: COMPLETE
[22:39:16] [Netty Local Client IO #0/DEBUG] [FML]: FMLHandshakeClientState: $HandshakeAck:{2}->FMLHandshakeClientState$5:PENDINGCOMPLETE
[22:39:16] [Netty Local Client IO #0/DEBUG] [FML]:   Next: COMPLETE
[22:39:16] [Netty Server IO #1/DEBUG] [FML]: FMLHandshakeServerState: $HandshakeAck:{4}->FMLHandshakeServerState$4:COMPLETE
[22:39:16] [Netty Server IO #1/DEBUG] [FML]:   Next: DONE
[22:39:16] [Netty Local Client IO #0/DEBUG] [FML]: The fluid minecraft:lava has been selected as the default fluid for lava
[22:39:16] [Netty Local Client IO #0/DEBUG] [FML]: The fluid minecraft:water has been selected as the default fluid for water
[22:39:16] [Netty Local Client IO #0/DEBUG] [FML]: FMLHandshakeClientState: $HandshakeAck:{3}->FMLHandshakeClientState$6:COMPLETE
[22:39:16] [Netty Local Client IO #0/DEBUG] [FML]:   Next: DONE
[22:39:16] [Netty Server IO #1/DEBUG] [FML]: FMLHandshakeServerState: $HandshakeAck:{5}->FMLHandshakeServerState$5:DONE
[22:39:16] [Netty Local Client IO #0/INFO] [FML]: [Netty Local Client IO #0] Client side modded connection established
[22:39:16] [Server thread/INFO] [FML]: [Server thread] Server side modded connection established
[22:39:16] [Server thread/INFO] [net.minecraft.server.management.PlayerList]: Player672[local:E:01b05539] logged in with entity id 1246 at (67.5, 68.0, 249.5)
[22:39:16] [Server thread/INFO] [net.minecraft.server.MinecraftServer]: Player672 joined the game
[22:39:16] [Client thread/DEBUG] [FML]: Overriding dimension: using 0
[22:39:17] [Server thread/WARN] [net.minecraft.server.MinecraftServer]: Can't keep up! Did the system time change, or is the server overloaded? Running 2490ms behind, skipping 49 tick(s)
[22:39:18] [Server thread/INFO] [net.minecraft.server.integrated.IntegratedServer]: Saving and pausing game...
[22:39:18] [Server thread/INFO] [net.minecraft.server.MinecraftServer]: Saving chunks for level 'New World'/overworld
[22:39:18] [Server thread/DEBUG] [FML]: Gathering id map for writing to world save New World
[22:39:30] [Server thread/INFO] [net.minecraft.server.integrated.IntegratedServer]: Saving and pausing game...
[22:39:30] [Server thread/INFO] [net.minecraft.server.MinecraftServer]: Saving chunks for level 'New World'/overworld
[22:39:30] [Server thread/DEBUG] [FML]: Gathering id map for writing to world save New World
[22:41:54] [Client thread/INFO] [net.minecraft.client.Minecraft]: Stopping!
[22:41:54] [Server thread/TRACE] [FML]: Sending event FMLServerStoppingEvent to mod minecraft
[22:41:54] [Server thread/TRACE] [FML]: Sent event FMLServerStoppingEvent to mod minecraft
[22:41:54] [Server thread/DEBUG] [FML]: Bar Step: ServerStopping - Minecraft took 0.000s
[22:41:54] [Server thread/TRACE] [FML]: Sending event FMLServerStoppingEvent to mod mcp
[22:41:54] [Server thread/TRACE] [FML]: Sent event FMLServerStoppingEvent to mod mcp
[22:41:54] [Server thread/DEBUG] [FML]: Bar Step: ServerStopping - Minecraft Coder Pack took 0.000s
[22:41:54] [Server thread/TRACE] [FML]: Sending event FMLServerStoppingEvent to mod FML
[22:41:54] [Server thread/TRACE] [FML]: Sent event FMLServerStoppingEvent to mod FML
[22:41:54] [Server thread/DEBUG] [FML]: Bar Step: ServerStopping - Forge Mod Loader took 0.000s
[22:41:54] [Server thread/TRACE] [FML]: Sending event FMLServerStoppingEvent to mod forge
[22:41:54] [Server thread/TRACE] [FML]: Sent event FMLServerStoppingEvent to mod forge
[22:41:54] [Server thread/DEBUG] [FML]: Bar Step: ServerStopping - Minecraft Forge took 0.000s
[22:41:54] [Server thread/TRACE] [FML]: Sending event FMLServerStoppingEvent to mod dragontweaks
[22:41:54] [Server thread/TRACE] [FML]: Sent event FMLServerStoppingEvent to mod dragontweaks
[22:41:54] [Server thread/DEBUG] [FML]: Bar Step: ServerStopping - dragontweaks took 0.000s
[22:41:54] [Server thread/DEBUG] [FML]: Bar Finished: ServerStopping took 0.001s
[22:41:54] [Server thread/INFO] [net.minecraft.server.MinecraftServer]: Stopping server
[22:41:54] [Server thread/INFO] [net.minecraft.server.MinecraftServer]: Saving players
[22:41:54] [Server thread/INFO] [net.minecraft.server.MinecraftServer]: Saving worlds
[22:41:54] [Server thread/INFO] [net.minecraft.server.MinecraftServer]: Saving chunks for level 'New World'/overworld
[22:41:54] [Server thread/DEBUG] [FML]: Gathering id map for writing to world save New World
[22:41:54] [Server thread/INFO] [FML]: Unloading dimension 0
[22:41:54] [Server thread/DEBUG] [FML]: Reverting to frozen data state.
[22:41:54] [Server thread/TRACE] [FML]: Sending event FMLModIdMappingEvent to mod minecraft
[22:41:54] [Server thread/TRACE] [FML]: Sent event FMLModIdMappingEvent to mod minecraft
[22:41:54] [Server thread/DEBUG] [FML]: Bar Step: ModIdMapping - Minecraft took 0.000s
[22:41:54] [Server thread/TRACE] [FML]: Sending event FMLModIdMappingEvent to mod mcp
[22:41:54] [Server thread/TRACE] [FML]: Sent event FMLModIdMappingEvent to mod mcp
[22:41:54] [Server thread/DEBUG] [FML]: Bar Step: ModIdMapping - Minecraft Coder Pack took 0.000s
[22:41:54] [Server thread/TRACE] [FML]: Sending event FMLModIdMappingEvent to mod FML
[22:41:54] [Server thread/TRACE] [FML]: Sent event FMLModIdMappingEvent to mod FML
[22:41:54] [Server thread/DEBUG] [FML]: Bar Step: ModIdMapping - Forge Mod Loader took 0.000s
[22:41:54] [Server thread/TRACE] [FML]: Sending event FMLModIdMappingEvent to mod forge
[22:41:54] [Server thread/TRACE] [FML]: Sent event FMLModIdMappingEvent to mod forge
[22:41:54] [Server thread/DEBUG] [FML]: Bar Step: ModIdMapping - Minecraft Forge took 0.083s
[22:41:54] [Server thread/TRACE] [FML]: Sending event FMLModIdMappingEvent to mod dragontweaks
[22:41:54] [Server thread/TRACE] [FML]: Sent event FMLModIdMappingEvent to mod dragontweaks
[22:41:54] [Server thread/DEBUG] [FML]: Bar Step: ModIdMapping - dragontweaks took 0.000s
[22:41:54] [Server thread/DEBUG] [FML]: Bar Finished: ModIdMapping took 0.083s
[22:41:54] [Server thread/INFO] [FML]: Applying holder lookups
[22:41:54] [Server thread/INFO] [FML]: Holder lookups applied
[22:41:55] [Server thread/DEBUG] [FML]: Frozen state restored.
[22:41:55] [Server thread/TRACE] [FML]: Sending event FMLServerStoppedEvent to mod minecraft
[22:41:55] [Server thread/TRACE] [FML]: Sent event FMLServerStoppedEvent to mod minecraft
[22:41:55] [Server thread/DEBUG] [FML]: Bar Step: ServerStopped - Minecraft took 0.000s
[22:41:55] [Server thread/TRACE] [FML]: Sending event FMLServerStoppedEvent to mod mcp
[22:41:55] [Server thread/TRACE] [FML]: Sent event FMLServerStoppedEvent to mod mcp
[22:41:55] [Server thread/DEBUG] [FML]: Bar Step: ServerStopped - Minecraft Coder Pack took 0.000s
[22:41:55] [Server thread/TRACE] [FML]: Sending event FMLServerStoppedEvent to mod FML
[22:41:55] [Server thread/TRACE] [FML]: Sent event FMLServerStoppedEvent to mod FML
[22:41:55] [Server thread/DEBUG] [FML]: Bar Step: ServerStopped - Forge Mod Loader took 0.000s
[22:41:55] [Server thread/TRACE] [FML]: Sending event FMLServerStoppedEvent to mod forge
[22:41:55] [Server thread/TRACE] [FML]: Sent event FMLServerStoppedEvent to mod forge
[22:41:55] [Server thread/DEBUG] [FML]: Bar Step: ServerStopped - Minecraft Forge took 0.000s
[22:41:55] [Server thread/TRACE] [FML]: Sending event FMLServerStoppedEvent to mod dragontweaks
[22:41:55] [Server thread/TRACE] [FML]: Sent event FMLServerStoppedEvent to mod dragontweaks
[22:41:55] [Server thread/DEBUG] [FML]: Bar Step: ServerStopped - dragontweaks took 0.000s
[22:41:55] [Server thread/DEBUG] [FML]: Bar Finished: ServerStopped took 0.001s
[22:41:55] [Client thread/INFO] [net.minecraft.client.audio.SoundManager]: SoundSystem shutting down...
[22:41:55] [Client thread/WARN] [net.minecraft.client.audio.SoundManager]: Author: Paul Lamb, www.paulscode.com
