[20:10:28] [main/INFO] [LaunchWrapper]: Loading tweak class name net.minecraftforge.fml.common.launcher.FMLTweaker
[20:10:28] [main/INFO] [LaunchWrapper]: Using primary tweak class name net.minecraftforge.fml.common.launcher.FMLTweaker
[20:10:28] [main/INFO] [LaunchWrapper]: Loading tweak class name org.spongepowered.asm.launch.MixinTweaker
[20:10:28] [main/INFO] [mixin]: SpongePowered MIXIN Subsystem Version=0.8.3 Source=file:/C:/Users/Evan/.gradle/caches/modules-2/files-2.1/org.spongepowered/mixin/0.8.3-SNAPSHOT/995c9ce930521d4f7a113421fd4b67d184530004/mixin-0.8.3-SNAPSHOT.jar Service=LaunchWrapper Env=CLIENT
[20:10:29] [main/WARN] [FML]: The coremod com.dhanantry.scapeandrunparasites.SRPCoreMod does not have a MCVersion annotation, it may cause issues with this version of Minecraft
[20:10:29] [main/WARN] [FML]: The coremod SRPCoreMod (com.dhanantry.scapeandrunparasites.SRPCoreMod) is not signed!
[20:10:30] [main/INFO] [mixin]: Compatibility level set to JAVA_8
[20:10:30] [main/ERROR] [FML]: Coremod SRPCoreMod: The plugin com.dhanantry.scapeandrunparasites.SRPCoreMod is not an implementor of IFMLLoadingPlugin
java.lang.ClassCastException: com.dhanantry.scapeandrunparasites.SRPCoreMod cannot be cast to net.minecraftforge.fml.relauncher.IFMLLoadingPlugin
	at net.minecraftforge.fml.relauncher.CoreModManager.loadCoreMod(CoreModManager.java:594) [forge-1.12.2-14.23.5.2860_mapped_snapshot_20180814-1.12-recomp.jar:?]
	at sun.reflect.NativeMethodAccessorImpl.invoke0(Native Method) ~[?:1.8.0_412]
	at sun.reflect.NativeMethodAccessorImpl.invoke(NativeMethodAccessorImpl.java:62) ~[?:1.8.0_412]
	at sun.reflect.DelegatingMethodAccessorImpl.invoke(DelegatingMethodAccessorImpl.java:43) ~[?:1.8.0_412]
	at java.lang.reflect.Method.invoke(Method.java:498) ~[?:1.8.0_412]
	at org.spongepowered.asm.launch.platform.MixinPlatformAgentFMLLegacy.injectCorePlugin(MixinPlatformAgentFMLLegacy.java:240) [mixin-0.8.3-SNAPSHOT.jar:0.8.3-SNAPSHOT+Jenkins-b298.git-9d4fcbb678203b9615d133a70153d9dd9c055047]
	at org.spongepowered.asm.launch.platform.MixinPlatformAgentFMLLegacy.initFMLCoreMod(MixinPlatformAgentFMLLegacy.java:167) [mixin-0.8.3-SNAPSHOT.jar:0.8.3-SNAPSHOT+Jenkins-b298.git-9d4fcbb678203b9615d133a70153d9dd9c055047]
	at org.spongepowered.asm.launch.platform.MixinPlatformAgentFMLLegacy.accept(MixinPlatformAgentFMLLegacy.java:153) [mixin-0.8.3-SNAPSHOT.jar:0.8.3-SNAPSHOT+Jenkins-b298.git-9d4fcbb678203b9615d133a70153d9dd9c055047]
	at org.spongepowered.asm.launch.platform.MixinContainer.<init>(MixinContainer.java:75) [mixin-0.8.3-SNAPSHOT.jar:0.8.3-SNAPSHOT+Jenkins-b298.git-9d4fcbb678203b9615d133a70153d9dd9c055047]
	at org.spongepowered.asm.launch.platform.MixinPlatformManager.createContainerFor(MixinPlatformManager.java:143) [mixin-0.8.3-SNAPSHOT.jar:0.8.3-SNAPSHOT+Jenkins-b298.git-9d4fcbb678203b9615d133a70153d9dd9c055047]
	at org.spongepowered.asm.launch.platform.MixinPlatformManager.addContainer(MixinPlatformManager.java:135) [mixin-0.8.3-SNAPSHOT.jar:0.8.3-SNAPSHOT+Jenkins-b298.git-9d4fcbb678203b9615d133a70153d9dd9c055047]
	at org.spongepowered.asm.launch.platform.MixinPlatformManager.scanForContainers(MixinPlatformManager.java:220) [mixin-0.8.3-SNAPSHOT.jar:0.8.3-SNAPSHOT+Jenkins-b298.git-9d4fcbb678203b9615d133a70153d9dd9c055047]
	at org.spongepowered.asm.launch.platform.MixinPlatformManager.init(MixinPlatformManager.java:107) [mixin-0.8.3-SNAPSHOT.jar:0.8.3-SNAPSHOT+Jenkins-b298.git-9d4fcbb678203b9615d133a70153d9dd9c055047]
	at org.spongepowered.asm.launch.MixinBootstrap.getPlatform(MixinBootstrap.java:118) [mixin-0.8.3-SNAPSHOT.jar:0.8.3-SNAPSHOT+Jenkins-b298.git-9d4fcbb678203b9615d133a70153d9dd9c055047]
	at org.spongepowered.asm.launch.MixinBootstrap.start(MixinBootstrap.java:166) [mixin-0.8.3-SNAPSHOT.jar:0.8.3-SNAPSHOT+Jenkins-b298.git-9d4fcbb678203b9615d133a70153d9dd9c055047]
	at org.spongepowered.asm.launch.MixinTweaker.<init>(MixinTweaker.java:46) [mixin-0.8.3-SNAPSHOT.jar:0.8.3-SNAPSHOT+Jenkins-b298.git-9d4fcbb678203b9615d133a70153d9dd9c055047]
	at sun.reflect.NativeConstructorAccessorImpl.newInstance0(Native Method) ~[?:1.8.0_412]
	at sun.reflect.NativeConstructorAccessorImpl.newInstance(NativeConstructorAccessorImpl.java:62) [?:1.8.0_412]
	at sun.reflect.DelegatingConstructorAccessorImpl.newInstance(DelegatingConstructorAccessorImpl.java:45) [?:1.8.0_412]
	at java.lang.reflect.Constructor.newInstance(Constructor.java:423) [?:1.8.0_412]
	at java.lang.Class.newInstance(Class.java:442) [?:1.8.0_412]
	at net.minecraft.launchwrapper.Launch.launch(Launch.java:98) [launchwrapper-1.12.jar:?]
	at net.minecraft.launchwrapper.Launch.main(Launch.java:28) [launchwrapper-1.12.jar:?]
	at sun.reflect.NativeMethodAccessorImpl.invoke0(Native Method) ~[?:1.8.0_412]
	at sun.reflect.NativeMethodAccessorImpl.invoke(NativeMethodAccessorImpl.java:62) ~[?:1.8.0_412]
	at sun.reflect.DelegatingMethodAccessorImpl.invoke(DelegatingMethodAccessorImpl.java:43) ~[?:1.8.0_412]
	at java.lang.reflect.Method.invoke(Method.java:498) ~[?:1.8.0_412]
	at net.minecraftforge.legacydev.Main.start(Main.java:86) [legacydev-0.2.3.1-fatjar.jar:0.2.3.1+4+372be23]
	at net.minecraftforge.legacydev.MainClient.main(MainClient.java:29) [legacydev-0.2.3.1-fatjar.jar:0.2.3.1+4+372be23]
[20:10:30] [main/INFO] [LaunchWrapper]: Calling tweak class net.minecraftforge.fml.common.launcher.FMLTweaker
[20:10:31] [main/INFO] [FML]: Forge Mod Loader version 14.23.5.2860 for Minecraft 1.12.2 loading
[20:10:31] [main/INFO] [FML]: Java is OpenJDK 64-Bit Server VM, version 1.8.0_412, running on Windows 10:amd64:10.0, installed at C:\Program Files\Eclipse Adoptium\jdk-8.0.412.8-hotspot\jre
[20:10:31] [main/ERROR] [FML]: Apache Maven library folder was not in the format expected. Using default libraries directory.
[20:10:31] [main/ERROR] [FML]: Full: C:\Users\Evan\.gradle\caches\modules-2\files-2.1\org.apache.maven\maven-artifact\3.5.3\7dc72b6d6d8a6dced3d294ed54c2cc3515ade9f4\maven-artifact-3.5.3.jar
[20:10:31] [main/ERROR] [FML]: Trimmed: c:/users/evan/.gradle/caches/modules-2/files-2.1/org.apache.maven/maven-artifact/3.5.3/
[20:10:31] [main/INFO] [FML]: Managed to load a deobfuscated Minecraft name- we are in a deobfuscated environment. Skipping runtime deobfuscation
[20:10:31] [main/INFO] [FML]: Detected deobfuscated environment, loading log configs for colored console logs.
[20:10:31] [main/INFO] [FML]: Ignoring missing certificate for coremod FMLCorePlugin (net.minecraftforge.fml.relauncher.FMLCorePlugin), we are in deobf and it's a forge core plugin
[20:10:31] [main/INFO] [FML]: Ignoring missing certificate for coremod FMLForgePlugin (net.minecraftforge.classloading.FMLForgePlugin), we are in deobf and it's a forge core plugin
[20:10:31] [main/INFO] [FML]: Searching C:\Users\Evan\Desktop\SRPWarriorsArmaments\run\.\mods for mods
[20:10:31] [main/INFO] [FML]: Loading tweaker org.spongepowered.asm.launch.MixinTweaker from SRParasites-1.10.9.jar
[20:10:31] [main/INFO] [LaunchWrapper]: Calling tweak class org.spongepowered.asm.launch.MixinTweaker
[20:10:31] [main/ERROR] [mixin]: Mixin config mixins.srpwarriorsarmaments.json does not specify "minVersion" property
[20:10:32] [main/INFO] [mixin]: Initialised Mixin FML Remapper Adapter with net.minecraftforge.fml.common.asm.transformers.deobf.FMLDeobfuscatingRemapper@4fad9bb2
[20:10:32] [main/WARN] [FML]: The coremod com.dhanantry.scapeandrunparasites.SRPCoreMod does not have a MCVersion annotation, it may cause issues with this version of Minecraft
[20:10:32] [main/WARN] [FML]: The coremod SRPCoreMod (com.dhanantry.scapeandrunparasites.SRPCoreMod) is not signed!
[20:10:32] [main/ERROR] [FML]: Coremod SRPCoreMod: The plugin com.dhanantry.scapeandrunparasites.SRPCoreMod is not an implementor of IFMLLoadingPlugin
java.lang.ClassCastException: com.dhanantry.scapeandrunparasites.SRPCoreMod cannot be cast to net.minecraftforge.fml.relauncher.IFMLLoadingPlugin
	at net.minecraftforge.fml.relauncher.CoreModManager.loadCoreMod(CoreModManager.java:594) [forge-1.12.2-14.23.5.2860_mapped_snapshot_20180814-1.12-recomp.jar:?]
	at sun.reflect.NativeMethodAccessorImpl.invoke0(Native Method) ~[?:1.8.0_412]
	at sun.reflect.NativeMethodAccessorImpl.invoke(NativeMethodAccessorImpl.java:62) ~[?:1.8.0_412]
	at sun.reflect.DelegatingMethodAccessorImpl.invoke(DelegatingMethodAccessorImpl.java:43) ~[?:1.8.0_412]
	at java.lang.reflect.Method.invoke(Method.java:498) ~[?:1.8.0_412]
	at org.spongepowered.asm.launch.platform.MixinPlatformAgentFMLLegacy.injectCorePlugin(MixinPlatformAgentFMLLegacy.java:240) [mixin-0.8.3-SNAPSHOT.jar:0.8.3-SNAPSHOT+Jenkins-b298.git-9d4fcbb678203b9615d133a70153d9dd9c055047]
	at org.spongepowered.asm.launch.platform.MixinPlatformAgentFMLLegacy.initFMLCoreMod(MixinPlatformAgentFMLLegacy.java:167) [mixin-0.8.3-SNAPSHOT.jar:0.8.3-SNAPSHOT+Jenkins-b298.git-9d4fcbb678203b9615d133a70153d9dd9c055047]
	at org.spongepowered.asm.launch.platform.MixinPlatformAgentFMLLegacy.accept(MixinPlatformAgentFMLLegacy.java:153) [mixin-0.8.3-SNAPSHOT.jar:0.8.3-SNAPSHOT+Jenkins-b298.git-9d4fcbb678203b9615d133a70153d9dd9c055047]
	at org.spongepowered.asm.launch.platform.MixinContainer.<init>(MixinContainer.java:75) [mixin-0.8.3-SNAPSHOT.jar:0.8.3-SNAPSHOT+Jenkins-b298.git-9d4fcbb678203b9615d133a70153d9dd9c055047]
	at org.spongepowered.asm.launch.platform.MixinPlatformManager.createContainerFor(MixinPlatformManager.java:143) [mixin-0.8.3-SNAPSHOT.jar:0.8.3-SNAPSHOT+Jenkins-b298.git-9d4fcbb678203b9615d133a70153d9dd9c055047]
	at org.spongepowered.asm.launch.platform.MixinPlatformManager.addContainer(MixinPlatformManager.java:135) [mixin-0.8.3-SNAPSHOT.jar:0.8.3-SNAPSHOT+Jenkins-b298.git-9d4fcbb678203b9615d133a70153d9dd9c055047]
	at org.spongepowered.asm.launch.platform.MixinPlatformManager.scanForContainers(MixinPlatformManager.java:220) [mixin-0.8.3-SNAPSHOT.jar:0.8.3-SNAPSHOT+Jenkins-b298.git-9d4fcbb678203b9615d133a70153d9dd9c055047]
	at org.spongepowered.asm.launch.platform.MixinPlatformManager.inject(MixinPlatformManager.java:187) [mixin-0.8.3-SNAPSHOT.jar:0.8.3-SNAPSHOT+Jenkins-b298.git-9d4fcbb678203b9615d133a70153d9dd9c055047]
	at org.spongepowered.asm.launch.MixinBootstrap.inject(MixinBootstrap.java:202) [mixin-0.8.3-SNAPSHOT.jar:0.8.3-SNAPSHOT+Jenkins-b298.git-9d4fcbb678203b9615d133a70153d9dd9c055047]
	at org.spongepowered.asm.launch.MixinTweaker.injectIntoClassLoader(MixinTweaker.java:64) [mixin-0.8.3-SNAPSHOT.jar:0.8.3-SNAPSHOT+Jenkins-b298.git-9d4fcbb678203b9615d133a70153d9dd9c055047]
	at net.minecraft.launchwrapper.Launch.launch(Launch.java:115) [launchwrapper-1.12.jar:?]
	at net.minecraft.launchwrapper.Launch.main(Launch.java:28) [launchwrapper-1.12.jar:?]
	at sun.reflect.NativeMethodAccessorImpl.invoke0(Native Method) ~[?:1.8.0_412]
	at sun.reflect.NativeMethodAccessorImpl.invoke(NativeMethodAccessorImpl.java:62) ~[?:1.8.0_412]
	at sun.reflect.DelegatingMethodAccessorImpl.invoke(DelegatingMethodAccessorImpl.java:43) ~[?:1.8.0_412]
	at java.lang.reflect.Method.invoke(Method.java:498) ~[?:1.8.0_412]
	at net.minecraftforge.legacydev.Main.start(Main.java:86) [legacydev-0.2.3.1-fatjar.jar:0.2.3.1+4+372be23]
	at net.minecraftforge.legacydev.MainClient.main(MainClient.java:29) [legacydev-0.2.3.1-fatjar.jar:0.2.3.1+4+372be23]
[20:10:32] [main/INFO] [LaunchWrapper]: Loading tweak class name net.minecraftforge.fml.common.launcher.FMLInjectionAndSortingTweaker
[20:10:32] [main/WARN] [LaunchWrapper]: Tweak class name org.spongepowered.asm.launch.MixinTweaker has already been visited -- skipping
[20:10:32] [main/INFO] [LaunchWrapper]: Loading tweak class name net.minecraftforge.fml.common.launcher.FMLDeobfTweaker
[20:10:32] [main/INFO] [LaunchWrapper]: Loading tweak class name org.spongepowered.asm.mixin.EnvironmentStateTweaker
[20:10:32] [main/INFO] [LaunchWrapper]: Calling tweak class net.minecraftforge.fml.common.launcher.FMLInjectionAndSortingTweaker
[20:10:32] [main/INFO] [LaunchWrapper]: Calling tweak class net.minecraftforge.fml.common.launcher.FMLInjectionAndSortingTweaker
[20:10:32] [main/INFO] [LaunchWrapper]: Calling tweak class net.minecraftforge.fml.relauncher.CoreModManager$FMLPluginWrapper
[20:10:39] [main/ERROR] [FML]: FML appears to be missing any signature data. This is not a good thing
[20:10:39] [main/INFO] [LaunchWrapper]: Calling tweak class net.minecraftforge.fml.relauncher.CoreModManager$FMLPluginWrapper
[20:10:39] [main/INFO] [LaunchWrapper]: Calling tweak class org.spongepowered.asm.mixin.EnvironmentStateTweaker
[20:10:39] [main/INFO] [LaunchWrapper]: Calling tweak class net.minecraftforge.fml.common.launcher.FMLDeobfTweaker
[20:10:40] [main/INFO] [LaunchWrapper]: Loading tweak class name net.minecraftforge.fml.common.launcher.TerminalTweaker
[20:10:40] [main/INFO] [LaunchWrapper]: Calling tweak class net.minecraftforge.fml.common.launcher.TerminalTweaker
[20:10:40] [main/INFO] [mixin]: Remapping refMap mixins.srparasites.refmap.json using C:\Users\Evan\Desktop\SRPWarriorsArmaments\build\createSrgToMcp\output.srg
[20:10:40] [main/WARN] [mixin]: Reference map 'refmap.srpwarriorsarmaments.json' for mixins.srpwarriorsarmaments.json could not be read. If this is a development environment you can ignore this message
[20:10:41] [main/INFO] [LaunchWrapper]: Launching wrapped minecraft {net.minecraft.client.main.Main}
[20:10:42] [main/INFO] [STDOUT]: [net.minecraft.client.main.Main:main:59]: Completely ignored arguments: [--mixin.config, mixins.srpwarriorsarmaments.json]
[20:10:42] [Client thread/INFO] [net.minecraft.client.Minecraft]: Setting user: Player718
[20:10:50] [Client thread/WARN] [net.minecraft.client.settings.GameSettings]: Skipping bad option: lastServer:
[20:10:50] [Client thread/INFO] [net.minecraft.client.Minecraft]: LWJGL Version: 2.9.4
[20:10:53] [Client thread/INFO] [FML]: -- System Details --
Details:
	Minecraft Version: 1.12.2
	Operating System: Windows 10 (amd64) version 10.0
	Java Version: 1.8.0_412, Temurin
	Java VM Version: OpenJDK 64-Bit Server VM (mixed mode), Temurin
	Memory: 295623760 bytes (281 MB) / 568328192 bytes (542 MB) up to 3790077952 bytes (3614 MB)
	JVM Flags: 0 total; 
	IntCache: cache: 0, tcache: 0, allocated: 0, tallocated: 0
	FML: 
	Loaded coremods (and transformers): 
	GL info: ' Vendor: 'NVIDIA Corporation' Version: '4.6.0 NVIDIA 616.92' Renderer: 'NVIDIA GeForce GTX 1660/PCIe/SSE2'
[20:10:54] [Client thread/INFO] [FML]: MinecraftForge v14.23.5.2860 Initialized
[20:10:54] [Client thread/INFO] [FML]: Starts to replace vanilla recipe ingredients with ore ingredients.
[20:10:54] [Client thread/INFO] [FML]: Invalid recipe found with multiple oredict ingredients in the same ingredient...
[20:10:54] [Client thread/INFO] [FML]: Replaced 1227 ore ingredients
[20:10:55] [Client thread/INFO] [FML]: Searching C:\Users\Evan\Desktop\SRPWarriorsArmaments\run\.\mods for mods
[20:10:55] [Client thread/ERROR] [FML]: The mcmod.info file in main cannot be parsed as valid JSON. It will be ignored
com.google.gson.JsonSyntaxException: com.google.gson.stream.MalformedJsonException: Unterminated object at line 10 column 19 path $[0].authorList
	at com.google.gson.internal.Streams.parse(Streams.java:60) ~[Streams.class:?]
	at com.google.gson.JsonParser.parse(JsonParser.java:84) ~[JsonParser.class:?]
	at com.google.gson.JsonParser.parse(JsonParser.java:59) ~[JsonParser.class:?]
	at net.minecraftforge.fml.common.MetadataCollection.from(MetadataCollection.java:63) [MetadataCollection.class:?]
	at net.minecraftforge.fml.common.discovery.DirectoryDiscoverer.exploreFileSystem(DirectoryDiscoverer.java:80) [DirectoryDiscoverer.class:?]
	at net.minecraftforge.fml.common.discovery.DirectoryDiscoverer.discover(DirectoryDiscoverer.java:62) [DirectoryDiscoverer.class:?]
	at net.minecraftforge.fml.common.discovery.ContainerType.findMods(ContainerType.java:47) [ContainerType.class:?]
	at net.minecraftforge.fml.common.discovery.ModCandidate.explore(ModCandidate.java:74) [ModCandidate.class:?]
	at net.minecraftforge.fml.common.discovery.ModDiscoverer.identifyMods(ModDiscoverer.java:93) [ModDiscoverer.class:?]
	at net.minecraftforge.fml.common.Loader.identifyMods(Loader.java:427) [Loader.class:?]
	at net.minecraftforge.fml.common.Loader.loadMods(Loader.java:568) [Loader.class:?]
	at net.minecraftforge.fml.client.FMLClientHandler.beginMinecraftLoading(FMLClientHandler.java:232) [FMLClientHandler.class:?]
	at net.minecraft.client.Minecraft.init(Minecraft.java:467) [Minecraft.class:?]
	at net.minecraft.client.Minecraft.run(Minecraft.java:378) [Minecraft.class:?]
	at net.minecraft.client.main.Main.main(Main.java:118) [Main.class:?]
	at sun.reflect.NativeMethodAccessorImpl.invoke0(Native Method) ~[?:1.8.0_412]
	at sun.reflect.NativeMethodAccessorImpl.invoke(NativeMethodAccessorImpl.java:62) ~[?:1.8.0_412]
	at sun.reflect.DelegatingMethodAccessorImpl.invoke(DelegatingMethodAccessorImpl.java:43) ~[?:1.8.0_412]
	at java.lang.reflect.Method.invoke(Method.java:498) ~[?:1.8.0_412]
	at net.minecraft.launchwrapper.Launch.launch(Launch.java:135) [launchwrapper-1.12.jar:?]
	at net.minecraft.launchwrapper.Launch.main(Launch.java:28) [launchwrapper-1.12.jar:?]
	at sun.reflect.NativeMethodAccessorImpl.invoke0(Native Method) ~[?:1.8.0_412]
	at sun.reflect.NativeMethodAccessorImpl.invoke(NativeMethodAccessorImpl.java:62) ~[?:1.8.0_412]
	at sun.reflect.DelegatingMethodAccessorImpl.invoke(DelegatingMethodAccessorImpl.java:43) ~[?:1.8.0_412]
	at java.lang.reflect.Method.invoke(Method.java:498) ~[?:1.8.0_412]
	at net.minecraftforge.legacydev.Main.start(Main.java:86) [legacydev-0.2.3.1-fatjar.jar:0.2.3.1+4+372be23]
	at net.minecraftforge.legacydev.MainClient.main(MainClient.java:29) [legacydev-0.2.3.1-fatjar.jar:0.2.3.1+4+372be23]
Caused by: com.google.gson.stream.MalformedJsonException: Unterminated object at line 10 column 19 path $[0].authorList
	at com.google.gson.stream.JsonReader.syntaxError(JsonReader.java:1559) ~[JsonReader.class:?]
	at com.google.gson.stream.JsonReader.doPeek(JsonReader.java:491) ~[JsonReader.class:?]
	at com.google.gson.stream.JsonReader.hasNext(JsonReader.java:414) ~[JsonReader.class:?]
	at com.google.gson.internal.bind.TypeAdapters$29.read(TypeAdapters.java:738) ~[TypeAdapters$29.class:?]
	at com.google.gson.internal.bind.TypeAdapters$29.read(TypeAdapters.java:731) ~[TypeAdapters$29.class:?]
	at com.google.gson.internal.bind.TypeAdapters$29.read(TypeAdapters.java:714) ~[TypeAdapters$29.class:?]
	at com.google.gson.internal.Streams.parse(Streams.java:48) ~[Streams.class:?]
	... 26 more
[20:10:55] [Client thread/INFO] [FML]: Mod srpwarriorsarmaments is missing the required element 'name'. Substituting srpwarriorsarmaments
[20:10:55] [Client thread/WARN] [FML]: Mod srpwarriorsarmaments is missing the required element 'version' and no fallback can be found. Substituting '1.0'.
[20:10:57] [Thread-3/INFO] [FML]: Using sync timing. 200 frames of Display.update took 204796302 nanos
[20:10:57] [Client thread/INFO] [FML]: Forge Mod Loader has identified 7 mods to load
[20:10:58] [Client thread/INFO] [FML]: Attempting connection with missing mods [minecraft, mcp, FML, forge, srpwarriorsarmaments, neat, srparasites] at CLIENT
[20:10:58] [Client thread/INFO] [FML]: Attempting connection with missing mods [minecraft, mcp, FML, forge, srpwarriorsarmaments, neat, srparasites] at SERVER
[20:11:00] [Client thread/INFO] [Service]: Initializing MixinExtras via com.llamalad7.mixinextras.service.MixinExtrasServiceImpl(version=0.5.4).
[20:11:05] [Client thread/INFO] [net.minecraft.client.resources.SimpleReloadableResourceManager]: Reloading ResourceManager: Default, FMLFileResourcePack:Forge Mod Loader, FMLFileResourcePack:Minecraft Forge, FMLFileResourcePack:srpwarriorsarmaments, FMLFileResourcePack:Neat, FMLFileResourcePack:Scape and Run Parasites, Alternate Weapon Textures
[20:11:05] [Client thread/INFO] [FML]: Processing ObjectHolder annotations
[20:11:05] [Client thread/INFO] [FML]: Found 1168 ObjectHolder annotations
[20:11:05] [Client thread/INFO] [FML]: Identifying ItemStackHolder annotations
[20:11:05] [Client thread/INFO] [FML]: Found 0 ItemStackHolder annotations
[20:11:05] [Client thread/INFO] [FML]: Configured a dormant chunk cache size of 0
[20:11:05] [Forge Version Check/INFO] [forge.VersionCheck]: [forge] Starting version check at http://files.minecraftforge.net/maven/net/minecraftforge/forge/promotions_slim.json
[20:11:06] [Forge Version Check/INFO] [forge.VersionCheck]: [forge] Found status: OUTDATED Target: 14.23.5.2864
[20:11:08] [Client thread/INFO] [srparasites]: [MOD COMPATIBILITY] Checked for 2 mods that may be in the list that need patches or alternative code
[20:11:12] [Client thread/INFO] [FML]: OBJLoader: Domain srparasites has been added.
[20:11:13] [Client thread/INFO] [FML]: Applying holder lookups
[20:11:13] [Client thread/INFO] [FML]: Holder lookups applied
[20:11:13] [Client thread/INFO] [FML]: Applying holder lookups
[20:11:13] [Client thread/INFO] [FML]: Holder lookups applied
[20:11:14] [Client thread/INFO] [FML]: Applying holder lookups
[20:11:14] [Client thread/INFO] [FML]: Holder lookups applied
[20:11:14] [Client thread/ERROR] [srparasites]: registerItemModel(Block): no ItemBlock for block Block{srparasites:snow_covered_grass} reg=srparasites:snow_covered_grass
[20:11:14] [Client thread/ERROR] [srparasites]: registerItemModel(Item): item is NULL
[20:11:14] [Client thread/ERROR] [srparasites]: registerItemModel(Item): item is NULL
[20:11:14] [Client thread/INFO] [srparasites]: Models registered
[20:11:14] [Client thread/INFO] [FML]: Applying holder lookups
[20:11:14] [Client thread/INFO] [FML]: Holder lookups applied
[20:11:14] [Client thread/INFO] [FML]: Injecting itemstacks
[20:11:14] [Client thread/INFO] [FML]: Itemstack injection complete
[20:11:23] [Client thread/WARN] [net.minecraft.client.audio.SoundHandler]: File srparasites:sounds/adapted/tozoon/special.ogg does not exist, cannot add it to event srparasites:attack.wymo
[20:11:23] [Client thread/WARN] [net.minecraft.client.audio.SoundHandler]: File srparasites:sounds/prim_burrower_death.ogg does not exist, cannot add it to event srparasites:zaa.death
[20:11:23] [Client thread/WARN] [net.minecraft.client.audio.SoundHandler]: File srparasites:sounds/prim_burrower_hurt_1.ogg does not exist, cannot add it to event srparasites:zaa.hurt
[20:11:23] [Client thread/WARN] [net.minecraft.client.audio.SoundHandler]: File srparasites:sounds/prim_burrower_hurt_2.ogg does not exist, cannot add it to event srparasites:zaa.hurt
[20:11:23] [Client thread/WARN] [net.minecraft.client.audio.SoundHandler]: File srparasites:sounds/prim_burrower_hurt_3.ogg does not exist, cannot add it to event srparasites:zaa.hurt
[20:11:23] [Client thread/WARN] [net.minecraft.client.audio.SoundHandler]: File srparasites:sounds/prim_burrower_living_1.ogg does not exist, cannot add it to event srparasites:zaa.growl
[20:11:23] [Client thread/WARN] [net.minecraft.client.audio.SoundHandler]: File srparasites:sounds/prim_burrower_living_2.ogg does not exist, cannot add it to event srparasites:zaa.growl
[20:11:23] [Client thread/WARN] [net.minecraft.client.audio.SoundHandler]: File srparasites:sounds/prim_burrower_living_3.ogg does not exist, cannot add it to event srparasites:zaa.growl
[20:11:23] [Client thread/WARN] [net.minecraft.client.audio.SoundHandler]: File srparasites:sounds/prim_tozoon_death.ogg does not exist, cannot add it to event srparasites:wymo.death
[20:11:23] [Client thread/WARN] [net.minecraft.client.audio.SoundHandler]: File srparasites:sounds/primitive/tozoon/hurt1.ogg does not exist, cannot add it to event srparasites:wymo.hurt
[20:11:23] [Client thread/WARN] [net.minecraft.client.audio.SoundHandler]: File srparasites:sounds/primitive/tozoon/hurt2.ogg does not exist, cannot add it to event srparasites:wymo.hurt
[20:11:23] [Client thread/WARN] [net.minecraft.client.audio.SoundHandler]: File srparasites:sounds/primitive/tozoon/hurt3.ogg does not exist, cannot add it to event srparasites:wymo.hurt
[20:11:23] [Client thread/WARN] [net.minecraft.client.audio.SoundHandler]: File srparasites:sounds/primitive/tozoon/idle1.ogg does not exist, cannot add it to event srparasites:wymo.growl
[20:11:23] [Client thread/WARN] [net.minecraft.client.audio.SoundHandler]: File srparasites:sounds/primitive/tozoon/idle2.ogg does not exist, cannot add it to event srparasites:wymo.growl
[20:11:23] [Client thread/WARN] [net.minecraft.client.audio.SoundHandler]: File srparasites:sounds/primitive/tozoon/idle3.ogg does not exist, cannot add it to event srparasites:wymo.growl
[20:11:24] [Client thread/WARN] [net.minecraft.client.audio.SoundHandler]: File srparasites:sounds/mob/crude/flesh/infected_melting.ogg does not exist, cannot add it to event srparasites:infected.melt
[20:11:24] [Client thread/WARN] [net.minecraft.client.audio.SoundHandler]: File srparasites:sounds/ada_burrower_death.ogg does not exist, cannot add it to event srparasites:azaa.death
[20:11:24] [Client thread/WARN] [net.minecraft.client.audio.SoundHandler]: File srparasites:sounds/ada_burrower_living_1.ogg does not exist, cannot add it to event srparasites:azaa.growl
[20:11:24] [Client thread/WARN] [net.minecraft.client.audio.SoundHandler]: File srparasites:sounds/ada_burrower_living_2.ogg does not exist, cannot add it to event srparasites:azaa.growl
[20:11:24] [Client thread/WARN] [net.minecraft.client.audio.SoundHandler]: File srparasites:sounds/ada_burrower_living_3.ogg does not exist, cannot add it to event srparasites:azaa.growl
[20:11:24] [Client thread/WARN] [net.minecraft.client.audio.SoundHandler]: File srparasites:sounds/ada_burrower_living_4.ogg does not exist, cannot add it to event srparasites:azaa.growl
[20:11:24] [Client thread/WARN] [net.minecraft.client.audio.SoundHandler]: File srparasites:sounds/ada_burrower_hurt_1.ogg does not exist, cannot add it to event srparasites:azaa.hurt
[20:11:24] [Client thread/WARN] [net.minecraft.client.audio.SoundHandler]: File srparasites:sounds/ada_burrower_hurt_2.ogg does not exist, cannot add it to event srparasites:azaa.hurt
[20:11:24] [Client thread/WARN] [net.minecraft.client.audio.SoundHandler]: File srparasites:sounds/ada_burrower_hurt_3.ogg does not exist, cannot add it to event srparasites:azaa.hurt
[20:11:24] [Client thread/WARN] [net.minecraft.client.audio.SoundHandler]: File srparasites:sounds/worm_carrier_death.ogg does not exist, cannot add it to event srparasites:quac.death
[20:11:24] [Client thread/WARN] [net.minecraft.client.audio.SoundHandler]: File srparasites:sounds/worm_carrier_hurt_1.ogg does not exist, cannot add it to event srparasites:quac.hurt
[20:11:24] [Client thread/WARN] [net.minecraft.client.audio.SoundHandler]: File srparasites:sounds/worm_carrier_hurt_2.ogg does not exist, cannot add it to event srparasites:quac.hurt
[20:11:24] [Client thread/WARN] [net.minecraft.client.audio.SoundHandler]: File srparasites:sounds/worm_carrier_hurt_3.ogg does not exist, cannot add it to event srparasites:quac.hurt
[20:11:24] [Client thread/WARN] [net.minecraft.client.audio.SoundHandler]: File srparasites:sounds/worm_carrier_living_1.ogg does not exist, cannot add it to event srparasites:quac.growl
[20:11:24] [Client thread/WARN] [net.minecraft.client.audio.SoundHandler]: File srparasites:sounds/worm_carrier_living_2.ogg does not exist, cannot add it to event srparasites:quac.growl
[20:11:24] [Client thread/WARN] [net.minecraft.client.audio.SoundHandler]: File srparasites:sounds/worm_carrier_living_3.ogg does not exist, cannot add it to event srparasites:quac.growl
[20:11:25] [Client thread/WARN] [net.minecraft.client.audio.SoundHandler]: File srparasites:sounds/mob/derived/draconite/death.ogg does not exist, cannot add it to event srparasites:heblu.death
[20:11:25] [Client thread/WARN] [net.minecraft.client.audio.SoundHandler]: File srparasites:sounds/ancient.ogg does not exist, cannot add it to event srparasites:ancient.mob
[20:11:25] [Client thread/WARN] [net.minecraft.client.audio.SoundHandler]: File srparasites:sounds/misc/biome_heart.ogg does not exist, cannot add it to event srparasites:biome.heart
[20:11:25] [Client thread/WARN] [net.minecraft.client.audio.SoundHandler]: File srparasites:sounds/music/tying_veins.ogg does not exist, cannot add it to event srparasites:srparasites.biome
[20:11:25] [Client thread/WARN] [net.minecraft.client.audio.SoundHandler]: File srparasites:sounds/music/well_meet_again.ogg does not exist, cannot add it to event srparasites:srparasites.discone
[20:11:25] [Client thread/WARN] [net.minecraft.client.audio.SoundHandler]: File srparasites:sounds/music/well_meet_again.ogg does not exist, cannot add it to event srparasites:srparasites.disctwo
[20:11:25] [Client thread/WARN] [net.minecraft.client.audio.SoundHandler]: File srparasites:sounds/misc/vector_removed.ogg does not exist, cannot add it to event srparasites:origin.deleted
[20:11:26] [Client thread/WARN] [net.minecraft.client.audio.SoundManager]: Missing sound for event: srparasites:meteor.impact
[20:11:26] [Client thread/WARN] [net.minecraft.client.audio.SoundManager]: Missing sound for event: srparasites:scent.outrange
[20:11:26] [Client thread/WARN] [net.minecraft.client.audio.SoundManager]: Missing sound for event: srparasites:scent.death
[20:11:26] [Client thread/WARN] [net.minecraft.client.audio.SoundManager]: Missing sound for event: srparasites:dislo.s30
[20:11:26] [Client thread/WARN] [net.minecraft.client.audio.SoundManager]: Missing sound for event: srparasites:srparasites.scentgoing
[20:11:26] [Sound Library Loader/INFO] [net.minecraft.client.audio.SoundManager]: Starting up SoundSystem...
[20:11:26] [Thread-5/INFO] [net.minecraft.client.audio.SoundManager]: Initializing LWJGL OpenAL
[20:11:26] [Thread-5/INFO] [net.minecraft.client.audio.SoundManager]: (The LWJGL binding of OpenAL.  For more information, see http://www.lwjgl.org)
[20:11:26] [Thread-5/INFO] [net.minecraft.client.audio.SoundManager]: OpenAL initialized.
[20:11:26] [Sound Library Loader/INFO] [net.minecraft.client.audio.SoundManager]: Sound engine started
[20:11:59] [Client thread/INFO] [FML]: Max texture size: 16384
[20:12:00] [Client thread/WARN] [net.minecraft.client.renderer.texture.TextureMap]: Texture srparasites:textures/particle/wind/wind2.png with size 8x8 will have visual artifacts at mip level 4, it can only support level 3. Please report to the mod author that the texture should be some multiple of 16x16.
[20:12:00] [Client thread/WARN] [net.minecraft.client.renderer.texture.TextureMap]: Texture srparasites:textures/particle/wind/wind1.png with size 8x8 will have visual artifacts at mip level 4, it can only support level 3. Please report to the mod author that the texture should be some multiple of 16x16.
[20:12:00] [Client thread/WARN] [net.minecraft.client.renderer.texture.TextureMap]: Texture srparasites:textures/particle/wind/wind9.png with size 8x8 will have visual artifacts at mip level 4, it can only support level 3. Please report to the mod author that the texture should be some multiple of 16x16.
[20:12:00] [Client thread/WARN] [net.minecraft.client.renderer.texture.TextureMap]: Texture srparasites:textures/particle/wind/wind8.png with size 8x8 will have visual artifacts at mip level 4, it can only support level 3. Please report to the mod author that the texture should be some multiple of 16x16.
[20:12:00] [Client thread/WARN] [net.minecraft.client.renderer.texture.TextureMap]: Texture srparasites:textures/particle/wind/wind7.png with size 8x8 will have visual artifacts at mip level 4, it can only support level 3. Please report to the mod author that the texture should be some multiple of 16x16.
[20:12:00] [Client thread/WARN] [net.minecraft.client.renderer.texture.TextureMap]: Texture srparasites:textures/particle/wind/wind6.png with size 8x8 will have visual artifacts at mip level 4, it can only support level 3. Please report to the mod author that the texture should be some multiple of 16x16.
[20:12:00] [Client thread/WARN] [net.minecraft.client.renderer.texture.TextureMap]: Texture srparasites:textures/particle/wind/wind5.png with size 8x8 will have visual artifacts at mip level 4, it can only support level 3. Please report to the mod author that the texture should be some multiple of 16x16.
[20:12:00] [Client thread/WARN] [net.minecraft.client.renderer.texture.TextureMap]: Texture srparasites:textures/particle/wind/wind4.png with size 8x8 will have visual artifacts at mip level 4, it can only support level 3. Please report to the mod author that the texture should be some multiple of 16x16.
[20:12:00] [Client thread/WARN] [net.minecraft.client.renderer.texture.TextureMap]: Texture srparasites:textures/particle/wind/wind3.png with size 8x8 will have visual artifacts at mip level 4, it can only support level 3. Please report to the mod author that the texture should be some multiple of 16x16.
[20:12:00] [Client thread/WARN] [net.minecraft.client.renderer.texture.TextureMap]: Texture srparasites:textures/gui/abhorrence.png with size 18x18 will have visual artifacts at mip level 4, it can only support level 1. Please report to the mod author that the texture should be some multiple of 16x16.
[20:12:01] [Client thread/WARN] [net.minecraft.client.renderer.texture.TextureMap]: Texture srparasites:textures/particle/biomass4.png with size 8x8 will have visual artifacts at mip level 4, it can only support level 3. Please report to the mod author that the texture should be some multiple of 16x16.
[20:12:01] [Client thread/WARN] [net.minecraft.client.renderer.texture.TextureMap]: Texture srparasites:textures/particle/biomass1.png with size 8x8 will have visual artifacts at mip level 4, it can only support level 3. Please report to the mod author that the texture should be some multiple of 16x16.
[20:12:01] [Client thread/WARN] [net.minecraft.client.renderer.texture.TextureMap]: Texture srparasites:textures/particle/biomass3.png with size 8x8 will have visual artifacts at mip level 4, it can only support level 3. Please report to the mod author that the texture should be some multiple of 16x16.
[20:12:02] [Client thread/WARN] [net.minecraft.client.renderer.texture.TextureMap]: Texture srparasites:textures/particle/biomass2.png with size 8x8 will have visual artifacts at mip level 4, it can only support level 3. Please report to the mod author that the texture should be some multiple of 16x16.
[20:12:02] [Client thread/WARN] [net.minecraft.client.renderer.texture.TextureMap]: Texture srparasites:textures/gui/potion_overheating.png with size 18x18 will have visual artifacts at mip level 4, it can only support level 1. Please report to the mod author that the texture should be some multiple of 16x16.
[20:12:02] [Client thread/WARN] [net.minecraft.client.renderer.texture.TextureMap]: Texture srparasites:textures/particle/spore/spore_red1.png with size 4x4 will have visual artifacts at mip level 4, it can only support level 2. Please report to the mod author that the texture should be some multiple of 16x16.
[20:12:02] [Client thread/WARN] [net.minecraft.client.renderer.texture.TextureMap]: Texture srparasites:textures/particle/vomit/vomit1.png with size 8x8 will have visual artifacts at mip level 4, it can only support level 3. Please report to the mod author that the texture should be some multiple of 16x16.
[20:12:02] [Client thread/WARN] [net.minecraft.client.renderer.texture.TextureMap]: Texture srparasites:textures/particle/vomit/vomit2.png with size 8x8 will have visual artifacts at mip level 4, it can only support level 3. Please report to the mod author that the texture should be some multiple of 16x16.
[20:12:03] [Client thread/WARN] [net.minecraft.client.renderer.texture.TextureMap]: Texture srparasites:textures/gui/potion_crude.png with size 18x18 will have visual artifacts at mip level 4, it can only support level 1. Please report to the mod author that the texture should be some multiple of 16x16.
[20:12:04] [Client thread/WARN] [net.minecraft.client.renderer.texture.TextureMap]: Texture srparasites:textures/particle/blood1.png with size 8x8 will have visual artifacts at mip level 4, it can only support level 3. Please report to the mod author that the texture should be some multiple of 16x16.
[20:12:04] [Client thread/WARN] [net.minecraft.client.renderer.texture.TextureMap]: Texture srparasites:textures/particle/blood2.png with size 8x8 will have visual artifacts at mip level 4, it can only support level 3. Please report to the mod author that the texture should be some multiple of 16x16.
[20:12:04] [Client thread/WARN] [net.minecraft.client.renderer.texture.TextureMap]: Texture srparasites:textures/gui/guerilla.png with size 18x18 will have visual artifacts at mip level 4, it can only support level 1. Please report to the mod author that the texture should be some multiple of 16x16.
[20:12:04] [Client thread/WARN] [net.minecraft.client.renderer.texture.TextureMap]: Texture srparasites:textures/gui/potion_senses.png with size 18x18 will have visual artifacts at mip level 4, it can only support level 1. Please report to the mod author that the texture should be some multiple of 16x16.
[20:12:05] [Client thread/WARN] [net.minecraft.client.renderer.texture.TextureMap]: Texture srparasites:textures/gui/brew_fear.png with size 18x18 will have visual artifacts at mip level 4, it can only support level 1. Please report to the mod author that the texture should be some multiple of 16x16.
[20:12:05] [Client thread/WARN] [net.minecraft.client.renderer.texture.TextureMap]: Texture srparasites:textures/particle/dot.png with size 8x8 will have visual artifacts at mip level 4, it can only support level 3. Please report to the mod author that the texture should be some multiple of 16x16.
[20:12:05] [Client thread/WARN] [net.minecraft.client.renderer.texture.TextureMap]: Texture srparasites:textures/particle/vomit/vomit5.png with size 8x8 will have visual artifacts at mip level 4, it can only support level 3. Please report to the mod author that the texture should be some multiple of 16x16.
[20:12:05] [Client thread/WARN] [net.minecraft.client.renderer.texture.TextureMap]: Texture srparasites:textures/particle/vomit/vomit6.png with size 8x8 will have visual artifacts at mip level 4, it can only support level 3. Please report to the mod author that the texture should be some multiple of 16x16.
[20:12:05] [Client thread/WARN] [net.minecraft.client.renderer.texture.TextureMap]: Texture srparasites:textures/particle/vomit/vomit3.png with size 8x8 will have visual artifacts at mip level 4, it can only support level 3. Please report to the mod author that the texture should be some multiple of 16x16.
[20:12:05] [Client thread/WARN] [net.minecraft.client.renderer.texture.TextureMap]: Texture srparasites:textures/particle/vomit/vomit4.png with size 8x8 will have visual artifacts at mip level 4, it can only support level 3. Please report to the mod author that the texture should be some multiple of 16x16.
[20:12:05] [Client thread/WARN] [net.minecraft.client.renderer.texture.TextureMap]: Texture srparasites:textures/particle/gore/flesh_pure1.png with size 8x8 will have visual artifacts at mip level 4, it can only support level 3. Please report to the mod author that the texture should be some multiple of 16x16.
[20:12:05] [Client thread/WARN] [net.minecraft.client.renderer.texture.TextureMap]: Texture srparasites:textures/particle/gore/flesh_pure2.png with size 8x8 will have visual artifacts at mip level 4, it can only support level 3. Please report to the mod author that the texture should be some multiple of 16x16.
[20:12:05] [Client thread/WARN] [net.minecraft.client.renderer.texture.TextureMap]: Texture srparasites:textures/particle/gore/flesh_pure3.png with size 8x8 will have visual artifacts at mip level 4, it can only support level 3. Please report to the mod author that the texture should be some multiple of 16x16.
[20:12:05] [Client thread/WARN] [net.minecraft.client.renderer.texture.TextureMap]: Texture srparasites:textures/particle/gore/flesh_adapted3.png with size 8x8 will have visual artifacts at mip level 4, it can only support level 3. Please report to the mod author that the texture should be some multiple of 16x16.
[20:12:05] [Client thread/WARN] [net.minecraft.client.renderer.texture.TextureMap]: Texture srparasites:textures/particle/gore/flesh_adapted2.png with size 8x8 will have visual artifacts at mip level 4, it can only support level 3. Please report to the mod author that the texture should be some multiple of 16x16.
[20:12:05] [Client thread/WARN] [net.minecraft.client.renderer.texture.TextureMap]: Texture srparasites:textures/particle/gore/flesh_adapted1.png with size 8x8 will have visual artifacts at mip level 4, it can only support level 3. Please report to the mod author that the texture should be some multiple of 16x16.
[20:12:05] [Client thread/WARN] [net.minecraft.client.renderer.texture.TextureMap]: Texture srparasites:textures/gui/potion_spotted.png with size 18x18 will have visual artifacts at mip level 4, it can only support level 1. Please report to the mod author that the texture should be some multiple of 16x16.
[20:12:05] [Client thread/WARN] [net.minecraft.client.renderer.texture.TextureMap]: Texture srparasites:textures/gui/potion_link.png with size 18x18 will have visual artifacts at mip level 4, it can only support level 1. Please report to the mod author that the texture should be some multiple of 16x16.
[20:12:05] [Client thread/WARN] [net.minecraft.client.renderer.texture.TextureMap]: Texture srparasites:textures/gui/potion_adapted.png with size 18x18 will have visual artifacts at mip level 4, it can only support level 1. Please report to the mod author that the texture should be some multiple of 16x16.
[20:12:06] [Client thread/WARN] [net.minecraft.client.renderer.texture.TextureMap]: Texture srparasites:textures/gui/potion_pure.png with size 18x18 will have visual artifacts at mip level 4, it can only support level 1. Please report to the mod author that the texture should be some multiple of 16x16.
[20:12:06] [Client thread/WARN] [net.minecraft.client.renderer.texture.TextureMap]: Texture srparasites:textures/gui/potion_nexus.png with size 18x18 will have visual artifacts at mip level 4, it can only support level 1. Please report to the mod author that the texture should be some multiple of 16x16.
[20:12:07] [Client thread/WARN] [net.minecraft.client.renderer.texture.TextureMap]: Texture srparasites:textures/particle/wind/wind10.png with size 8x8 will have visual artifacts at mip level 4, it can only support level 3. Please report to the mod author that the texture should be some multiple of 16x16.
[20:12:07] [Client thread/WARN] [net.minecraft.client.renderer.texture.TextureMap]: Texture srparasites:textures/particle/wind/wind11.png with size 8x8 will have visual artifacts at mip level 4, it can only support level 3. Please report to the mod author that the texture should be some multiple of 16x16.
[20:12:07] [Client thread/WARN] [net.minecraft.client.renderer.texture.TextureMap]: Texture srparasites:textures/particle/wind/wind12.png with size 8x8 will have visual artifacts at mip level 4, it can only support level 3. Please report to the mod author that the texture should be some multiple of 16x16.
[20:12:07] [Client thread/WARN] [net.minecraft.client.renderer.texture.TextureMap]: Texture srparasites:textures/particle/wind/wind13.png with size 8x8 will have visual artifacts at mip level 4, it can only support level 3. Please report to the mod author that the texture should be some multiple of 16x16.
[20:12:07] [Client thread/WARN] [net.minecraft.client.renderer.texture.TextureMap]: Texture srparasites:textures/gui/potion_vomit.png with size 18x18 will have visual artifacts at mip level 4, it can only support level 1. Please report to the mod author that the texture should be some multiple of 16x16.
[20:12:07] [Client thread/WARN] [net.minecraft.client.renderer.texture.TextureMap]: Texture srparasites:textures/particle/gore/flesh_assimilated1.png with size 8x8 will have visual artifacts at mip level 4, it can only support level 3. Please report to the mod author that the texture should be some multiple of 16x16.
[20:12:07] [Client thread/WARN] [net.minecraft.client.renderer.texture.TextureMap]: Texture srparasites:textures/particle/gore/flesh_assimilated2.png with size 8x8 will have visual artifacts at mip level 4, it can only support level 3. Please report to the mod author that the texture should be some multiple of 16x16.
[20:12:07] [Client thread/WARN] [net.minecraft.client.renderer.texture.TextureMap]: Texture srparasites:textures/particle/gore/flesh_assimilated3.png with size 8x8 will have visual artifacts at mip level 4, it can only support level 3. Please report to the mod author that the texture should be some multiple of 16x16.
[20:12:07] [Client thread/WARN] [net.minecraft.client.renderer.texture.TextureMap]: Texture srparasites:textures/particle/gore/flesh_primitive1.png with size 8x8 will have visual artifacts at mip level 4, it can only support level 3. Please report to the mod author that the texture should be some multiple of 16x16.
[20:12:07] [Client thread/WARN] [net.minecraft.client.renderer.texture.TextureMap]: Texture srparasites:textures/particle/gore/flesh_primitive2.png with size 8x8 will have visual artifacts at mip level 4, it can only support level 3. Please report to the mod author that the texture should be some multiple of 16x16.
[20:12:07] [Client thread/WARN] [net.minecraft.client.renderer.texture.TextureMap]: Texture srparasites:textures/particle/gore/flesh_primitive3.png with size 8x8 will have visual artifacts at mip level 4, it can only support level 3. Please report to the mod author that the texture should be some multiple of 16x16.
[20:12:07] [Client thread/WARN] [net.minecraft.client.renderer.texture.TextureMap]: Texture srparasites:textures/particle/pure1.png with size 8x8 will have visual artifacts at mip level 4, it can only support level 3. Please report to the mod author that the texture should be some multiple of 16x16.
[20:12:07] [Client thread/WARN] [net.minecraft.client.renderer.texture.TextureMap]: Texture srparasites:textures/particle/pure2.png with size 8x8 will have visual artifacts at mip level 4, it can only support level 3. Please report to the mod author that the texture should be some multiple of 16x16.
[20:12:08] [Client thread/WARN] [net.minecraft.client.renderer.texture.TextureMap]: Texture srparasites:textures/gui/potion_repel.png with size 18x18 will have visual artifacts at mip level 4, it can only support level 1. Please report to the mod author that the texture should be some multiple of 16x16.
[20:12:08] [Client thread/WARN] [net.minecraft.client.renderer.texture.TextureMap]: Texture srparasites:textures/particle/rage1.png with size 8x8 will have visual artifacts at mip level 4, it can only support level 3. Please report to the mod author that the texture should be some multiple of 16x16.
[20:12:08] [Client thread/WARN] [net.minecraft.client.renderer.texture.TextureMap]: Texture srparasites:textures/particle/rage2.png with size 8x8 will have visual artifacts at mip level 4, it can only support level 3. Please report to the mod author that the texture should be some multiple of 16x16.
[20:12:08] [Client thread/WARN] [net.minecraft.client.renderer.texture.TextureMap]: Texture srparasites:textures/particle/rage3.png with size 8x8 will have visual artifacts at mip level 4, it can only support level 3. Please report to the mod author that the texture should be some multiple of 16x16.
[20:12:10] [Client thread/WARN] [net.minecraft.client.renderer.texture.TextureMap]: Texture srparasites:textures/particle/spore/spore_white2.png with size 4x4 will have visual artifacts at mip level 4, it can only support level 2. Please report to the mod author that the texture should be some multiple of 16x16.
[20:12:10] [Client thread/WARN] [net.minecraft.client.renderer.texture.TextureMap]: Texture srparasites:textures/particle/spore/spore_white1.png with size 4x4 will have visual artifacts at mip level 4, it can only support level 2. Please report to the mod author that the texture should be some multiple of 16x16.
[20:12:10] [Client thread/WARN] [net.minecraft.client.renderer.texture.TextureMap]: Texture srparasites:textures/particle/spore/spore_white4.png with size 4x4 will have visual artifacts at mip level 4, it can only support level 2. Please report to the mod author that the texture should be some multiple of 16x16.
[20:12:10] [Client thread/WARN] [net.minecraft.client.renderer.texture.TextureMap]: Texture srparasites:textures/particle/spore/spore_white3.png with size 4x4 will have visual artifacts at mip level 4, it can only support level 2. Please report to the mod author that the texture should be some multiple of 16x16.
[20:12:10] [Client thread/WARN] [net.minecraft.client.renderer.texture.TextureMap]: Texture srparasites:textures/particle/blood_land.png with size 8x8 will have visual artifacts at mip level 4, it can only support level 3. Please report to the mod author that the texture should be some multiple of 16x16.
[20:12:11] [Client thread/WARN] [net.minecraft.client.renderer.texture.TextureMap]: Texture srparasites:textures/gui/potion_primitive.png with size 18x18 will have visual artifacts at mip level 4, it can only support level 1. Please report to the mod author that the texture should be some multiple of 16x16.
[20:12:11] [Client thread/WARN] [net.minecraft.client.renderer.texture.TextureMap]: Texture srparasites:textures/gui/potion_dod_smoke_trail.png with size 18x18 will have visual artifacts at mip level 4, it can only support level 1. Please report to the mod author that the texture should be some multiple of 16x16.
[20:12:12] [Client thread/INFO] [net.minecraft.client.renderer.texture.TextureMap]: Created: 1024x512 textures-atlas
[20:12:18] [Client thread/INFO] [FML]: Applying holder lookups
[20:12:18] [Client thread/INFO] [FML]: Holder lookups applied
[20:12:18] [Client thread/INFO] [STDOUT]: [com.dhanantry.scapeandrunparasites.advancements.DispatcherStage4DetectedAdvancement:register:28]: [SRP][Qlip] listener registered
[20:12:18] [Client thread/INFO] [STDOUT]: [com.dhanantry.scapeandrunparasites.bestiary.net.BestiaryNetwork:register:40]: [SRP][BESTIARY][NET] Registered packets on channel 'srp_bestiary'
[20:12:18] [Client thread/INFO] [FML]: Injecting itemstacks
[20:12:18] [Client thread/INFO] [FML]: Itemstack injection complete
[20:12:19] [Client thread/INFO] [STDOUT]: [com.dhanantry.scapeandrunparasites.bestiary.SRPBestiaryRegistry:log:135]: [Bestiary] Loaded 119 entries. Scales: 0
[20:12:19] [Client thread/INFO] [srparasites]: [MOD COMPATIBILITY] 0 of 2 modules activated
[20:12:19] [Client thread/INFO] [FML]: Forge Mod Loader has successfully loaded 7 mods
[20:12:19] [Client thread/WARN] [net.minecraft.client.settings.GameSettings]: Skipping bad option: lastServer:
[20:12:20] [Client thread/INFO] [com.mojang.text2speech.NarratorWindows]: Narrator library for x64 successfully loaded
[20:12:20] [Client thread/ERROR] [FML.TEXTURE_ERRORS]: +=+=+=+=+=+=+=+=+=+=+=+=+=+=+=+=+=+=+=+=+=+=+=+=+=
[20:12:20] [Client thread/ERROR] [FML.TEXTURE_ERRORS]: The following texture errors were found.
[20:12:20] [Client thread/ERROR] [FML.TEXTURE_ERRORS]: ==================================================
[20:12:20] [Client thread/ERROR] [FML.TEXTURE_ERRORS]:   DOMAIN srparasites
[20:12:20] [Client thread/ERROR] [FML.TEXTURE_ERRORS]: --------------------------------------------------
[20:12:20] [Client thread/ERROR] [FML.TEXTURE_ERRORS]:   domain srparasites is missing 1 texture
[20:12:20] [Client thread/ERROR] [FML.TEXTURE_ERRORS]:     domain srparasites has 2 locations:
[20:12:20] [Client thread/ERROR] [FML.TEXTURE_ERRORS]:       mod srparasites resources at .\mods\SRParasites-1.10.9.jar
[20:12:20] [Client thread/ERROR] [FML.TEXTURE_ERRORS]:       resource pack at path .\resourcepacks\Alternate Weapon Textures
[20:12:20] [Client thread/ERROR] [FML.TEXTURE_ERRORS]: -------------------------
[20:12:20] [Client thread/ERROR] [FML.TEXTURE_ERRORS]:     The missing resources for domain srparasites are:
[20:12:20] [Client thread/ERROR] [FML.TEXTURE_ERRORS]:       textures/particle/fog.png
[20:12:20] [Client thread/ERROR] [FML.TEXTURE_ERRORS]: -------------------------
[20:12:20] [Client thread/ERROR] [FML.TEXTURE_ERRORS]:     No other errors exist for domain srparasites
[20:12:20] [Client thread/ERROR] [FML.TEXTURE_ERRORS]: ==================================================
[20:12:20] [Client thread/ERROR] [FML.TEXTURE_ERRORS]: +=+=+=+=+=+=+=+=+=+=+=+=+=+=+=+=+=+=+=+=+=+=+=+=+=
[20:12:20] [Realms Notification Availability checker #1/INFO] [com.mojang.realmsclient.client.RealmsClient]: Could not authorize you against Realms server: java.lang.RuntimeException: Failed to parse into SignedJWT: Forge
[20:12:20] [Client thread/INFO] [srparasites]: Chat GUI swapped to com.dhanantry.scapeandrunparasites.client.gui.DistortedGuiNewChat
[20:12:20] [Client thread/INFO] [srparasites]: Found subtitle field: overlaySubtitle type=net.minecraft.client.gui.GuiSubtitleOverlay old=net.minecraft.client.gui.GuiSubtitleOverlay
[20:12:20] [Client thread/INFO] [srparasites]: Subtitle overlay swapped to com.dhanantry.scapeandrunparasites.client.gui.DistortedGuiSubtitleOverlay
[20:12:26] [Server thread/INFO] [net.minecraft.server.integrated.IntegratedServer]: Starting integrated minecraft server version 1.12.2
[20:12:26] [Server thread/INFO] [net.minecraft.server.integrated.IntegratedServer]: Generating keypair
[20:12:26] [Server thread/INFO] [FML]: Injecting existing registry data into this server instance
[20:12:27] [Server thread/INFO] [FML]: Applying holder lookups
[20:12:27] [Server thread/INFO] [FML]: Holder lookups applied
[20:12:28] [Server thread/INFO] [FML]: Loading dimension 0 (New World) (net.minecraft.server.integrated.IntegratedServer@4f02b6db)
[20:12:29] [Server thread/INFO] [net.minecraft.advancements.AdvancementList]: Loaded 531 advancements
[20:12:30] [Server thread/INFO] [FML]: Loading dimension -1 (New World) (net.minecraft.server.integrated.IntegratedServer@4f02b6db)
[20:12:30] [Server thread/INFO] [FML]: Loading dimension 1 (New World) (net.minecraft.server.integrated.IntegratedServer@4f02b6db)
[20:12:30] [Server thread/INFO] [net.minecraft.server.MinecraftServer]: Preparing start region for level 0
[20:12:31] [Server thread/INFO] [FML]: Unloading dimension -1
[20:12:31] [Server thread/INFO] [FML]: Unloading dimension 1
[20:12:31] [Server thread/INFO] [net.minecraft.server.integrated.IntegratedServer]: Changing view distance to 12, from 10
[20:12:34] [Netty Local Client IO #0/INFO] [FML]: Server protocol version 2
[20:12:34] [Netty Server IO #1/INFO] [FML]: Client protocol version 2
[20:12:34] [Netty Server IO #1/INFO] [FML]: Client attempting to join with 7 mods : minecraft@1.12.2,FML@8.0.99.99,forge@14.23.5.2860,srparasites@1.10.9,neat@1.4-17,srpwarriorsarmaments@1.0,mcp@9.42
[20:12:34] [Netty Local Client IO #0/INFO] [FML]: [Netty Local Client IO #0] Client side modded connection established
[20:12:34] [Server thread/INFO] [FML]: [Server thread] Server side modded connection established
[20:12:34] [Server thread/INFO] [net.minecraft.server.management.PlayerList]: Player718[local:E:6ccb686a] logged in with entity id 196 at (21.900203773412432, 4.0, 13.438430513394255)
[20:12:34] [Server thread/INFO] [net.minecraft.server.MinecraftServer]: Player718 joined the game
[20:12:36] [Server thread/INFO] [net.minecraft.server.integrated.IntegratedServer]: Saving and pausing game...
[20:12:36] [Server thread/INFO] [net.minecraft.server.MinecraftServer]: Saving chunks for level 'New World'/overworld
[20:12:36] [Client thread/INFO] [net.minecraft.advancements.AdvancementList]: Loaded 8 advancements
[20:12:40] [Server thread/INFO] [STDOUT]: [com.sweeblyn.srpwarriorsarmaments.items.ItemBlazesteelCleaver:hitEntity:50]: dealing 0 damage
[20:12:40] [Server thread/INFO] [STDOUT]: [com.sweeblyn.srpwarriorsarmaments.items.ItemBlazesteelCleaver:hitEntity:50]: dealing 0 damage
[20:12:40] [Server thread/INFO] [STDOUT]: [com.sweeblyn.srpwarriorsarmaments.items.ItemBlazesteelCleaver:hitEntity:50]: dealing 0 damage
[20:12:40] [Client thread/INFO] [net.minecraft.advancements.AdvancementList]: Loaded 17 advancements
[20:12:48] [Server thread/INFO] [net.minecraft.server.integrated.IntegratedServer]: Saving and pausing game...
[20:12:48] [Server thread/INFO] [net.minecraft.server.MinecraftServer]: Saving chunks for level 'New World'/overworld
[20:13:06] [Server thread/INFO] [net.minecraft.server.MinecraftServer]: [Player718: Given §6Consecration (ID 65) * 1 to Player718 for 99999 seconds]
[20:13:06] [Server thread/INFO] [net.minecraft.server.MinecraftServer]: [Player718: Given §6Consecration (ID 65) * 1 to Assimilated Human for 99999 seconds]
[20:13:06] [Server thread/INFO] [net.minecraft.server.MinecraftServer]: [Player718: Given §6Consecration (ID 65) * 1 to Assimilated Human for 99999 seconds]
[20:13:06] [Server thread/INFO] [net.minecraft.server.MinecraftServer]: [Player718: Given §6Consecration (ID 65) * 1 to Walking Head for 99999 seconds]
[20:13:06] [Server thread/INFO] [net.minecraft.server.MinecraftServer]: [Player718: Given §6Consecration (ID 65) * 1 to Walking Head for 99999 seconds]
[20:13:06] [Server thread/INFO] [net.minecraft.server.MinecraftServer]: [Player718: Given §6Consecration (ID 65) * 1 to Walking Head for 99999 seconds]
[20:13:06] [Client thread/INFO] [net.minecraft.client.gui.GuiNewChat]: [CHAT] Given §6Consecration (ID 65) * 1 to Player718 for 99999 seconds
[20:13:06] [Client thread/INFO] [net.minecraft.client.gui.GuiNewChat]: [CHAT] Entity 'b6d442d1-1a90-472e-8e8a-eb7194f52830' cannot be found
[20:13:06] [Client thread/INFO] [net.minecraft.client.gui.GuiNewChat]: [CHAT] Entity '08b89c23-1622-42a3-b2c2-3cb28bf5d324' cannot be found
[20:13:06] [Client thread/INFO] [net.minecraft.client.gui.GuiNewChat]: [CHAT] Entity 'b5028623-fe48-4012-a33f-4fe8b2f1ca1b' cannot be found
[20:13:06] [Client thread/INFO] [net.minecraft.client.gui.GuiNewChat]: [CHAT] Given §6Consecration (ID 65) * 1 to Assimilated Human for 99999 seconds
[20:13:06] [Client thread/INFO] [net.minecraft.client.gui.GuiNewChat]: [CHAT] Given §6Consecration (ID 65) * 1 to Assimilated Human for 99999 seconds
[20:13:06] [Client thread/INFO] [net.minecraft.client.gui.GuiNewChat]: [CHAT] Entity '7cc52068-b298-4317-b4bb-221cba24857e' cannot be found
[20:13:06] [Client thread/INFO] [net.minecraft.client.gui.GuiNewChat]: [CHAT] Entity 'e6cbe95f-481d-4a18-a889-811ea3ac938a' cannot be found
[20:13:06] [Client thread/INFO] [net.minecraft.client.gui.GuiNewChat]: [CHAT] Entity '40d2c39e-cd44-490b-b104-fa8b0af532da' cannot be found
[20:13:06] [Client thread/INFO] [net.minecraft.client.gui.GuiNewChat]: [CHAT] Entity '99b9c51f-79e4-4d84-acda-21152d93e31d' cannot be found
[20:13:06] [Client thread/INFO] [net.minecraft.client.gui.GuiNewChat]: [CHAT] Entity 'a8511366-5dad-45bd-9381-f7fc7da8cfc7' cannot be found
[20:13:06] [Client thread/INFO] [net.minecraft.client.gui.GuiNewChat]: [CHAT] Given §6Consecration (ID 65) * 1 to Walking Head for 99999 seconds
[20:13:06] [Client thread/INFO] [net.minecraft.client.gui.GuiNewChat]: [CHAT] Given §6Consecration (ID 65) * 1 to Walking Head for 99999 seconds
[20:13:06] [Client thread/INFO] [net.minecraft.client.gui.GuiNewChat]: [CHAT] Entity '52a4dc81-b465-43ba-a686-90adf51b446c' cannot be found
[20:13:06] [Client thread/INFO] [net.minecraft.client.gui.GuiNewChat]: [CHAT] Entity 'b102928d-9720-4b97-815c-2c77612bdf2b' cannot be found
[20:13:06] [Client thread/INFO] [net.minecraft.client.gui.GuiNewChat]: [CHAT] Entity 'd425b4a6-f1d7-4f7e-ad39-89b70fcbdd14' cannot be found
[20:13:06] [Client thread/INFO] [net.minecraft.client.gui.GuiNewChat]: [CHAT] Entity '8e1fc63a-0c8b-4334-8764-743f09f44c1b' cannot be found
[20:13:06] [Client thread/INFO] [net.minecraft.client.gui.GuiNewChat]: [CHAT] Entity '26b9cb57-db25-466f-ad04-94830e54bc8b' cannot be found
[20:13:06] [Client thread/INFO] [net.minecraft.client.gui.GuiNewChat]: [CHAT] Entity 'f08c8eaf-abca-4781-a85d-281054d4713d' cannot be found
[20:13:06] [Client thread/INFO] [net.minecraft.client.gui.GuiNewChat]: [CHAT] Entity '4e8c6bbf-b4cd-4ddc-81cf-69f41d0aad20' cannot be found
[20:13:06] [Client thread/INFO] [net.minecraft.client.gui.GuiNewChat]: [CHAT] Entity '0bc36c9a-d538-461b-acae-b804153ed0b9' cannot be found
[20:13:06] [Client thread/INFO] [net.minecraft.client.gui.GuiNewChat]: [CHAT] Entity '2032127a-52c9-4418-8804-47e82901d50a' cannot be found
[20:13:06] [Client thread/INFO] [net.minecraft.client.gui.GuiNewChat]: [CHAT] Entity 'a46be666-489f-4bb2-92fe-9675874f1779' cannot be found
[20:13:06] [Client thread/INFO] [net.minecraft.client.gui.GuiNewChat]: [CHAT] Entity '512127ab-3088-47a4-a77d-715d51314394' cannot be found
[20:13:06] [Client thread/INFO] [net.minecraft.client.gui.GuiNewChat]: [CHAT] Entity '72c4c8f8-9628-49f4-a8fa-26675f0a4705' cannot be found
[20:13:06] [Client thread/INFO] [net.minecraft.client.gui.GuiNewChat]: [CHAT] Entity 'c260169f-8fe6-4727-96fc-8d6d77097756' cannot be found
[20:13:06] [Client thread/INFO] [net.minecraft.client.gui.GuiNewChat]: [CHAT] Entity '5e552eda-cb3f-46b8-88e7-c4588f4fbb70' cannot be found
[20:13:06] [Client thread/INFO] [net.minecraft.client.gui.GuiNewChat]: [CHAT] Entity 'af8c95a8-6f0b-449e-aaaf-86e139939ed3' cannot be found
[20:13:06] [Client thread/INFO] [net.minecraft.client.gui.GuiNewChat]: [CHAT] Entity '7f5fdf64-0418-485d-946f-793922d43055' cannot be found
[20:13:06] [Client thread/INFO] [net.minecraft.client.gui.GuiNewChat]: [CHAT] Entity '92c862b4-ec56-4188-9746-7df5f2738c4f' cannot be found
[20:13:06] [Client thread/INFO] [net.minecraft.client.gui.GuiNewChat]: [CHAT] Entity '2ef17090-6615-4204-b8c4-e3be8343a0e2' cannot be found
[20:13:06] [Client thread/INFO] [net.minecraft.client.gui.GuiNewChat]: [CHAT] Entity 'e3b72d62-2c38-4170-b192-2a5fcc929f1b' cannot be found
[20:13:06] [Client thread/INFO] [net.minecraft.client.gui.GuiNewChat]: [CHAT] Entity 'fd3cd40b-35ed-4ad3-b9bc-e2f6ed61c647' cannot be found
[20:13:06] [Client thread/INFO] [net.minecraft.client.gui.GuiNewChat]: [CHAT] Entity 'abfe0f90-4b49-4096-aa70-f9d26bc45a3e' cannot be found
[20:13:06] [Client thread/INFO] [net.minecraft.client.gui.GuiNewChat]: [CHAT] Entity '5cdc5b5f-432d-4b8c-83fd-86bdeebcc811' cannot be found
[20:13:06] [Client thread/INFO] [net.minecraft.client.gui.GuiNewChat]: [CHAT] Entity '7bdeaeba-2eb7-4c43-9a1c-f9905f001ce5' cannot be found
[20:13:06] [Client thread/INFO] [net.minecraft.client.gui.GuiNewChat]: [CHAT] Entity 'd8d6257e-862e-43b8-a352-f8729348db38' cannot be found
[20:13:06] [Client thread/INFO] [net.minecraft.client.gui.GuiNewChat]: [CHAT] Entity 'b00e867a-39d0-4839-ae62-468e5def3d6a' cannot be found
[20:13:06] [Client thread/INFO] [net.minecraft.client.gui.GuiNewChat]: [CHAT] Entity '0c9a6d49-ab30-4140-b5e6-926e2c1d2238' cannot be found
[20:13:06] [Client thread/INFO] [net.minecraft.client.gui.GuiNewChat]: [CHAT] Entity '61b5a89f-d790-4bf9-9ec3-f551b52b29d0' cannot be found
[20:13:06] [Client thread/INFO] [net.minecraft.client.gui.GuiNewChat]: [CHAT] Entity '5afc7fe6-fa67-42a6-8311-f63d6b10fd58' cannot be found
[20:13:06] [Client thread/INFO] [net.minecraft.client.gui.GuiNewChat]: [CHAT] Entity '7241b9f7-4d26-4d7f-9514-f3868effd438' cannot be found
[20:13:06] [Client thread/INFO] [net.minecraft.client.gui.GuiNewChat]: [CHAT] Entity '766bd2ed-37cf-475e-985d-5f9342720543' cannot be found
[20:13:06] [Client thread/INFO] [net.minecraft.client.gui.GuiNewChat]: [CHAT] Entity 'dbfaa412-ed11-4ef5-b098-e42ca5c7662e' cannot be found
[20:13:06] [Client thread/INFO] [net.minecraft.client.gui.GuiNewChat]: [CHAT] Entity '5e63c506-4d50-450e-9e56-4f46ac9172e5' cannot be found
[20:13:06] [Client thread/INFO] [net.minecraft.client.gui.GuiNewChat]: [CHAT] Entity '6c9a4047-646a-4b49-8305-df7a730bb9f7' cannot be found
[20:13:06] [Client thread/INFO] [net.minecraft.client.gui.GuiNewChat]: [CHAT] Entity 'e91d05fe-f777-4da9-b1ec-db8aab280ea1' cannot be found
[20:13:06] [Client thread/INFO] [net.minecraft.client.gui.GuiNewChat]: [CHAT] Entity 'bac83840-d5e2-4afd-82dd-35471f30a88a' cannot be found
[20:13:06] [Client thread/INFO] [net.minecraft.client.gui.GuiNewChat]: [CHAT] Entity 'c2f8e330-3e0e-4ae9-b11d-60f07a925f70' cannot be found
[20:13:06] [Client thread/INFO] [net.minecraft.client.gui.GuiNewChat]: [CHAT] Entity '49e8048d-70fa-475b-968a-fa9a3af7e40e' cannot be found
[20:13:06] [Client thread/INFO] [net.minecraft.client.gui.GuiNewChat]: [CHAT] Entity 'ccbd4496-9e95-4b6e-9bc5-7f479187a57e' cannot be found
[20:13:06] [Client thread/INFO] [net.minecraft.client.gui.GuiNewChat]: [CHAT] Entity '3510f34c-26aa-47aa-a2b6-9720fec98a29' cannot be found
[20:13:06] [Client thread/INFO] [net.minecraft.client.gui.GuiNewChat]: [CHAT] Entity '28def519-393e-47b6-849b-9f0883c266eb' cannot be found
[20:13:06] [Client thread/INFO] [net.minecraft.client.gui.GuiNewChat]: [CHAT] Entity '29e67b54-d681-4235-8711-cabaa7310376' cannot be found
[20:13:06] [Client thread/INFO] [net.minecraft.client.gui.GuiNewChat]: [CHAT] Entity 'acf58bb9-f20e-49f4-aee8-695382eabf8f' cannot be found
[20:13:06] [Client thread/INFO] [net.minecraft.client.gui.GuiNewChat]: [CHAT] Entity '4c3261cd-45ef-4c70-a602-a760b53efeb6' cannot be found
[20:13:06] [Client thread/INFO] [net.minecraft.client.gui.GuiNewChat]: [CHAT] Entity '7e53f0b3-e504-4128-974c-d38552ad1d9c' cannot be found
[20:13:06] [Client thread/INFO] [net.minecraft.client.gui.GuiNewChat]: [CHAT] Entity 'e58c7d09-79ed-4ef1-8544-e740916503e5' cannot be found
[20:13:06] [Client thread/INFO] [net.minecraft.client.gui.GuiNewChat]: [CHAT] Entity 'cbf35ff7-7ba6-4058-84d1-65a7c0fb7c9f' cannot be found
[20:13:06] [Client thread/INFO] [net.minecraft.client.gui.GuiNewChat]: [CHAT] Entity '11b2775d-c55d-4f17-b26a-402707812d12' cannot be found
[20:13:06] [Client thread/INFO] [net.minecraft.client.gui.GuiNewChat]: [CHAT] Entity '32f302a6-49b1-4c56-9bea-52e5fcd01a9c' cannot be found
[20:13:06] [Client thread/INFO] [net.minecraft.client.gui.GuiNewChat]: [CHAT] Entity '536c8f49-3ea4-4183-83e2-8e4d51c0118b' cannot be found
[20:13:06] [Client thread/INFO] [net.minecraft.client.gui.GuiNewChat]: [CHAT] Entity '4eadc0c0-0512-4ed9-b053-9dddebe3f794' cannot be found
[20:13:06] [Client thread/INFO] [net.minecraft.client.gui.GuiNewChat]: [CHAT] Entity 'f5019659-fe7a-4f0c-a8fa-c18458bfa9ee' cannot be found
[20:13:06] [Client thread/INFO] [net.minecraft.client.gui.GuiNewChat]: [CHAT] Entity '1b1d2fbf-bae8-4ee9-9e57-37954ca3f333' cannot be found
[20:13:06] [Client thread/INFO] [net.minecraft.client.gui.GuiNewChat]: [CHAT] Entity 'edd24d27-7fa2-470f-880c-5828c81d9172' cannot be found
[20:13:06] [Client thread/INFO] [net.minecraft.client.gui.GuiNewChat]: [CHAT] Entity '419e8f1f-9792-4595-aac0-85ca08fe1cbd' cannot be found
[20:13:06] [Client thread/INFO] [net.minecraft.client.gui.GuiNewChat]: [CHAT] Entity '6d7713b5-aac6-4b0e-be69-2e01b409c707' cannot be found
[20:13:06] [Client thread/INFO] [net.minecraft.client.gui.GuiNewChat]: [CHAT] Entity 'c0bb24f0-9345-4a46-ba8e-d2791a449d01' cannot be found
[20:13:06] [Client thread/INFO] [net.minecraft.client.gui.GuiNewChat]: [CHAT] Entity 'a8692dc2-1ef9-4ef2-beb7-5e3b10f0abef' cannot be found
[20:13:06] [Client thread/INFO] [net.minecraft.client.gui.GuiNewChat]: [CHAT] Entity '8b1d2ba2-e163-4674-8eae-82e0bc64efad' cannot be found
[20:13:06] [Client thread/INFO] [net.minecraft.client.gui.GuiNewChat]: [CHAT] Entity '1e9ad1ca-0b57-460b-a277-4b02742ab2ac' cannot be found
[20:13:06] [Client thread/INFO] [net.minecraft.client.gui.GuiNewChat]: [CHAT] Entity '35fac7d3-b1a9-4cc7-a3cb-e7c6b5f32bbd' cannot be found
[20:13:06] [Client thread/INFO] [net.minecraft.client.gui.GuiNewChat]: [CHAT] Entity '7b97ab07-8628-44ff-a945-31c8baac985c' cannot be found
[20:13:06] [Client thread/INFO] [net.minecraft.client.gui.GuiNewChat]: [CHAT] Entity '958ed3ec-e045-45ba-96a0-cdac3cb2e76f' cannot be found
[20:13:06] [Client thread/INFO] [net.minecraft.client.gui.GuiNewChat]: [CHAT] Entity '90aa0caf-b303-4215-860e-efea94ff99a1' cannot be found
[20:13:06] [Client thread/INFO] [net.minecraft.client.gui.GuiNewChat]: [CHAT] Entity 'c0c6183a-9abf-4d8f-8cfd-c281b9a37f9a' cannot be found
[20:13:06] [Client thread/INFO] [net.minecraft.client.gui.GuiNewChat]: [CHAT] Entity '0daae23d-fec9-4391-b2c6-75fc53fb32ad' cannot be found
[20:13:06] [Client thread/INFO] [net.minecraft.client.gui.GuiNewChat]: [CHAT] Entity '5cbae3c0-6294-4f2f-9976-b932b9cc2fbe' cannot be found
[20:13:06] [Client thread/INFO] [net.minecraft.client.gui.GuiNewChat]: [CHAT] Entity 'ab658899-4edb-4556-81be-b4a4b6302d85' cannot be found
[20:13:06] [Client thread/INFO] [net.minecraft.client.gui.GuiNewChat]: [CHAT] Entity '13d257e7-9f78-48cd-955d-eca89b5f303e' cannot be found
[20:13:06] [Client thread/INFO] [net.minecraft.client.gui.GuiNewChat]: [CHAT] Entity '7c25fb93-6192-4a2d-831d-9f1da584958c' cannot be found
[20:13:06] [Client thread/INFO] [net.minecraft.client.gui.GuiNewChat]: [CHAT] Entity 'f1459024-ee5f-4da9-9b5e-9b27e46fc78f' cannot be found
[20:13:06] [Client thread/INFO] [net.minecraft.client.gui.GuiNewChat]: [CHAT] Entity 'd0578657-721d-4d0c-82e0-ad64e900377f' cannot be found
[20:13:06] [Client thread/INFO] [net.minecraft.client.gui.GuiNewChat]: [CHAT] Entity '7fd789de-f303-4888-9d06-36d4139ec42f' cannot be found
[20:13:06] [Client thread/INFO] [net.minecraft.client.gui.GuiNewChat]: [CHAT] Entity '5752b725-6984-4c4b-a8c4-ea1df5d5d88b' cannot be found
[20:13:06] [Client thread/INFO] [net.minecraft.client.gui.GuiNewChat]: [CHAT] Given §6Consecration (ID 65) * 1 to Walking Head for 99999 seconds
[20:13:06] [Client thread/INFO] [net.minecraft.client.gui.GuiNewChat]: [CHAT] Entity '66f33292-42e8-4148-b025-4b6575a294b7' cannot be found
[20:13:06] [Client thread/INFO] [net.minecraft.client.gui.GuiNewChat]: [CHAT] Entity '0073b678-5482-4405-b132-9cd05b1a0af4' cannot be found
[20:13:06] [Client thread/INFO] [net.minecraft.client.gui.GuiNewChat]: [CHAT] Entity '614597be-6625-499c-a0b3-47891ca0478b' cannot be found
[20:13:06] [Client thread/INFO] [net.minecraft.client.gui.GuiNewChat]: [CHAT] Entity 'db07c651-8642-4d2e-883e-9e319e7ceb94' cannot be found
[20:13:06] [Client thread/INFO] [net.minecraft.client.gui.GuiNewChat]: [CHAT] Entity '19ddd542-0a5f-4331-aa69-7da62f5193bc' cannot be found
[20:13:06] [Client thread/INFO] [net.minecraft.client.gui.GuiNewChat]: [CHAT] Entity 'dc43468b-d679-4102-8734-70fe1f769b1e' cannot be found
[20:13:06] [Client thread/INFO] [net.minecraft.client.gui.GuiNewChat]: [CHAT] Entity 'a589ccea-2470-4272-8488-49861a96eb2d' cannot be found
[20:13:06] [Client thread/INFO] [net.minecraft.client.gui.GuiNewChat]: [CHAT] Entity 'e5d321c9-4efd-4f69-ab18-5d44a392a538' cannot be found
[20:13:06] [Client thread/INFO] [net.minecraft.client.gui.GuiNewChat]: [CHAT] Entity '71b310b2-5575-47ee-9f02-fdcbab7fa233' cannot be found
[20:13:06] [Client thread/INFO] [net.minecraft.client.gui.GuiNewChat]: [CHAT] Entity '22b7da71-fe61-469e-b2e5-a134fc59fe99' cannot be found
[20:13:06] [Client thread/INFO] [net.minecraft.client.gui.GuiNewChat]: [CHAT] Entity 'fb5b8369-d128-4c88-b6df-a75e9a9e404c' cannot be found
[20:13:06] [Client thread/INFO] [net.minecraft.client.gui.GuiNewChat]: [CHAT] Entity '233e6f66-e897-4d31-9b3f-a7241b5f3f45' cannot be found
[20:13:06] [Client thread/INFO] [net.minecraft.client.gui.GuiNewChat]: [CHAT] Entity 'e0d8637d-e760-4101-ace3-f4b275425a44' cannot be found
[20:13:06] [Client thread/INFO] [net.minecraft.client.gui.GuiNewChat]: [CHAT] Entity '63e85b6d-dad7-4e12-8918-6aad600fb31f' cannot be found
[20:13:06] [Client thread/INFO] [net.minecraft.client.gui.GuiNewChat]: [CHAT] Entity '35ef2f4e-275b-40d1-bfe8-0d41370e64aa' cannot be found
[20:13:06] [Client thread/INFO] [net.minecraft.client.gui.GuiNewChat]: [CHAT] Entity '1359e9c2-f4ed-4340-a316-6f58638bb6e8' cannot be found
[20:13:06] [Client thread/INFO] [net.minecraft.client.gui.GuiNewChat]: [CHAT] Entity 'f268c950-f9d9-4a95-aa3f-dfb7eee7d8a6' cannot be found
[20:13:06] [Client thread/INFO] [net.minecraft.client.gui.GuiNewChat]: [CHAT] Entity '7ca591fe-4bfb-4e45-a2b7-a851b1906acf' cannot be found
[20:13:06] [Client thread/INFO] [net.minecraft.client.gui.GuiNewChat]: [CHAT] Entity 'bb058f50-ad72-4231-a5e1-03f10e0cb946' cannot be found
[20:13:06] [Client thread/INFO] [net.minecraft.client.gui.GuiNewChat]: [CHAT] Entity 'e71cd131-9c65-4d50-96f7-cca4bd01e3e5' cannot be found
[20:13:06] [Client thread/INFO] [net.minecraft.client.gui.GuiNewChat]: [CHAT] Entity 'a5db9a2f-c1ab-40e1-8000-7689adcfdd19' cannot be found
[20:13:06] [Client thread/INFO] [net.minecraft.client.gui.GuiNewChat]: [CHAT] Entity '1f3b48e5-1292-44aa-b740-ee366a2aab93' cannot be found
[20:13:06] [Client thread/INFO] [net.minecraft.client.gui.GuiNewChat]: [CHAT] Entity '1732b493-df2c-49e8-9b84-e0c2ba1bc3d1' cannot be found
[20:13:06] [Client thread/INFO] [net.minecraft.client.gui.GuiNewChat]: [CHAT] Entity 'ad6103d8-521f-4c4c-86ee-bfac24685d32' cannot be found
[20:13:06] [Client thread/INFO] [net.minecraft.client.gui.GuiNewChat]: [CHAT] Entity '1af2220c-cdfb-478d-a5df-2a01e4521853' cannot be found
[20:13:06] [Client thread/INFO] [net.minecraft.client.gui.GuiNewChat]: [CHAT] Entity '883d6dc7-5f86-4fb1-a5c1-da83fa274376' cannot be found
[20:13:06] [Client thread/INFO] [net.minecraft.client.gui.GuiNewChat]: [CHAT] Entity 'efe17369-2026-41f1-b160-e189feb40c20' cannot be found
[20:13:06] [Client thread/INFO] [net.minecraft.client.gui.GuiNewChat]: [CHAT] Entity 'a946bce9-8c3f-4513-9d01-386bd50766ec' cannot be found
[20:13:06] [Client thread/INFO] [net.minecraft.client.gui.GuiNewChat]: [CHAT] Entity 'a5d36471-3f8f-4eb8-84f9-0aa0e8fabea2' cannot be found
[20:13:06] [Client thread/INFO] [net.minecraft.client.gui.GuiNewChat]: [CHAT] Entity 'e7238c83-aa8b-4307-9d16-d201d171f823' cannot be found
[20:13:06] [Client thread/INFO] [net.minecraft.client.gui.GuiNewChat]: [CHAT] Entity 'dafad801-72e5-4961-ba94-4202c53b375a' cannot be found
[20:13:06] [Client thread/INFO] [net.minecraft.client.gui.GuiNewChat]: [CHAT] Entity '8280822d-4b1e-4bd8-aa4e-381ba682a2e6' cannot be found
[20:13:06] [Client thread/INFO] [net.minecraft.client.gui.GuiNewChat]: [CHAT] Entity '66257679-8201-4afd-abd9-c169e0c1aaa6' cannot be found
[20:13:06] [Client thread/INFO] [net.minecraft.client.gui.GuiNewChat]: [CHAT] Entity 'a8f66929-f386-4a19-9d86-d85abca2e2f7' cannot be found
[20:13:06] [Client thread/INFO] [net.minecraft.client.gui.GuiNewChat]: [CHAT] Entity 'bbb63660-a7d2-428d-8143-126e8a3cde13' cannot be found
[20:13:06] [Client thread/INFO] [net.minecraft.client.gui.GuiNewChat]: [CHAT] Entity '5eca5458-1197-4fa7-b89f-5fa99ab74edb' cannot be found
[20:13:06] [Client thread/INFO] [net.minecraft.client.gui.GuiNewChat]: [CHAT] Entity 'de0e5e65-e740-4f0e-938d-e98c81881e88' cannot be found
[20:13:06] [Client thread/INFO] [net.minecraft.client.gui.GuiNewChat]: [CHAT] Entity '65e86c87-10d0-40a0-b23c-cb394afd560a' cannot be found
[20:13:06] [Client thread/INFO] [net.minecraft.client.gui.GuiNewChat]: [CHAT] Entity 'de5a39fa-3a73-4ced-90e4-6e27de16be7f' cannot be found
[20:13:06] [Client thread/INFO] [net.minecraft.client.gui.GuiNewChat]: [CHAT] Entity 'c999df0d-7fe7-4e5c-854f-9205d8230ab6' cannot be found
[20:13:06] [Client thread/INFO] [net.minecraft.client.gui.GuiNewChat]: [CHAT] Entity '51237ebb-c71b-41b9-87e1-b020b6737eac' cannot be found
[20:13:06] [Client thread/INFO] [net.minecraft.client.gui.GuiNewChat]: [CHAT] Entity '2a59eb81-e9b8-4789-9def-cb42ef862d4d' cannot be found
[20:13:06] [Client thread/INFO] [net.minecraft.client.gui.GuiNewChat]: [CHAT] Entity '964ae58a-a147-4be0-80ce-9668e0746cfa' cannot be found
[20:13:06] [Client thread/INFO] [net.minecraft.client.gui.GuiNewChat]: [CHAT] Entity 'd013499d-d53a-4631-aed3-ebda2b76c2f2' cannot be found
[20:13:06] [Client thread/INFO] [net.minecraft.client.gui.GuiNewChat]: [CHAT] Entity 'be03c117-c88c-4709-af53-b347f06aeb04' cannot be found
[20:13:06] [Client thread/INFO] [net.minecraft.client.gui.GuiNewChat]: [CHAT] Entity '1d30a991-8ef6-406a-a9fc-c1ad8bad666b' cannot be found
[20:13:06] [Client thread/INFO] [net.minecraft.client.gui.GuiNewChat]: [CHAT] Entity 'd2f1aa6d-efbc-45e3-a2f0-a9ab3a9167c4' cannot be found
[20:13:06] [Client thread/INFO] [net.minecraft.client.gui.GuiNewChat]: [CHAT] Entity '56259ca5-5215-45bd-b011-d207fc807b6a' cannot be found
[20:13:06] [Client thread/INFO] [net.minecraft.client.gui.GuiNewChat]: [CHAT] Entity '81625d7b-1495-4227-9c2d-06001246ac0a' cannot be found
[20:13:06] [Client thread/INFO] [net.minecraft.client.gui.GuiNewChat]: [CHAT] Entity '67eaa0ce-3e4c-4b41-bc77-3e00e4d9f020' cannot be found
[20:13:06] [Client thread/INFO] [net.minecraft.client.gui.GuiNewChat]: [CHAT] Entity '0165a190-5d03-4e95-bfed-7079485ed3b7' cannot be found
[20:13:06] [Client thread/INFO] [net.minecraft.client.gui.GuiNewChat]: [CHAT] Entity '7f97b0c5-b897-4a8a-b1c3-c4ad36e7a4c4' cannot be found
[20:13:06] [Client thread/INFO] [net.minecraft.client.gui.GuiNewChat]: [CHAT] Entity 'a08f6549-f47c-40b1-a72d-09fea3da5b4e' cannot be found
[20:13:06] [Client thread/INFO] [net.minecraft.client.gui.GuiNewChat]: [CHAT] Entity 'a1b81cae-b15d-477b-a056-90593147f05a' cannot be found
[20:13:06] [Client thread/INFO] [net.minecraft.client.gui.GuiNewChat]: [CHAT] Entity '5f4d5353-3d1e-49a2-a2f6-c084e2598efe' cannot be found
[20:13:06] [Client thread/INFO] [net.minecraft.client.gui.GuiNewChat]: [CHAT] Entity 'b6637cbb-3468-499b-ae9b-61445ba0f6ed' cannot be found
[20:13:06] [Client thread/INFO] [net.minecraft.client.gui.GuiNewChat]: [CHAT] Entity 'cd0e9009-798f-472f-8819-7d912d7d4bab' cannot be found
[20:13:06] [Client thread/INFO] [net.minecraft.client.gui.GuiNewChat]: [CHAT] Entity 'c64600c8-bac2-4b10-afeb-171fcac6f89b' cannot be found
[20:13:06] [Client thread/INFO] [net.minecraft.client.gui.GuiNewChat]: [CHAT] Entity '13491f11-80d1-46ee-b083-84f1a423ab54' cannot be found
[20:13:06] [Client thread/INFO] [net.minecraft.client.gui.GuiNewChat]: [CHAT] Entity '9332148c-9774-479c-9a54-0394a4e2d419' cannot be found
[20:13:06] [Client thread/INFO] [net.minecraft.client.gui.GuiNewChat]: [CHAT] Entity '2ec56a49-95d5-4637-9d97-0ee319d806b1' cannot be found
[20:13:06] [Client thread/INFO] [net.minecraft.client.gui.GuiNewChat]: [CHAT] Entity '2e870bf9-1bc7-4c83-93a7-8a9fee217fff' cannot be found
[20:13:06] [Client thread/INFO] [net.minecraft.client.gui.GuiNewChat]: [CHAT] Entity '8aeb6d53-b55e-430f-966a-24ae30b6dad4' cannot be found
[20:13:06] [Client thread/INFO] [net.minecraft.client.gui.GuiNewChat]: [CHAT] Entity '366d5ed1-b216-47a9-832a-23aa678d1817' cannot be found
[20:13:06] [Client thread/INFO] [net.minecraft.client.gui.GuiNewChat]: [CHAT] Entity '8a2a1d1d-3819-481e-af25-4365953af8f7' cannot be found
[20:13:06] [Client thread/INFO] [net.minecraft.client.gui.GuiNewChat]: [CHAT] Entity '356412d7-63ac-4f9c-a101-dcd58543ed43' cannot be found
[20:13:06] [Client thread/INFO] [net.minecraft.client.gui.GuiNewChat]: [CHAT] Entity 'f689748f-83ea-4782-bc27-339b36a565b6' cannot be found
[20:13:06] [Client thread/INFO] [net.minecraft.client.gui.GuiNewChat]: [CHAT] Entity '44fd5aed-05c3-452a-a49d-6ee825dc9930' cannot be found
[20:13:06] [Client thread/INFO] [net.minecraft.client.gui.GuiNewChat]: [CHAT] Entity '2fca117d-7eb6-44c6-bd2d-95973d27f3b5' cannot be found
[20:13:06] [Client thread/INFO] [net.minecraft.client.gui.GuiNewChat]: [CHAT] Entity '520992b3-491a-42c7-8e70-cb9b9c71b4fb' cannot be found
[20:13:06] [Client thread/INFO] [net.minecraft.client.gui.GuiNewChat]: [CHAT] Entity 'a2e459d6-44be-4fc5-8fd3-d5e8051ca12b' cannot be found
[20:13:06] [Client thread/INFO] [net.minecraft.client.gui.GuiNewChat]: [CHAT] Entity '275fc33b-ef09-41ba-9d37-e316cad3fbff' cannot be found
[20:13:06] [Client thread/INFO] [net.minecraft.client.gui.GuiNewChat]: [CHAT] Entity 'ac75c443-ba0e-4a95-b0ba-5034e9a03368' cannot be found
[20:13:06] [Client thread/INFO] [net.minecraft.client.gui.GuiNewChat]: [CHAT] Entity 'd7f4694f-0b3e-497f-854e-6b4c574111f8' cannot be found
[20:13:06] [Client thread/INFO] [net.minecraft.client.gui.GuiNewChat]: [CHAT] Entity '573b620c-48a7-43ed-89ca-fe24635b447b' cannot be found
[20:13:06] [Client thread/INFO] [net.minecraft.client.gui.GuiNewChat]: [CHAT] Entity 'c5715350-a6c9-4162-90d7-ec438a0e9c56' cannot be found
[20:13:06] [Client thread/INFO] [net.minecraft.client.gui.GuiNewChat]: [CHAT] Entity '9ab634cd-470e-4551-bcd9-e21338b9ec62' cannot be found
[20:13:06] [Client thread/INFO] [net.minecraft.client.gui.GuiNewChat]: [CHAT] Entity 'b71ee46b-6ab4-472a-b6db-d76d552a18dc' cannot be found
[20:13:06] [Client thread/INFO] [net.minecraft.client.gui.GuiNewChat]: [CHAT] Entity 'd1b9ded1-5d95-4122-8dc5-65f8f89739ee' cannot be found
[20:13:06] [Client thread/INFO] [net.minecraft.client.gui.GuiNewChat]: [CHAT] Entity 'af84a2d3-7bba-485f-9ecb-bbfba07fdcbe' cannot be found
[20:13:06] [Client thread/INFO] [net.minecraft.client.gui.GuiNewChat]: [CHAT] Entity '70a43593-9bb3-492a-b909-1fe0316398f0' cannot be found
[20:13:06] [Client thread/INFO] [net.minecraft.client.gui.GuiNewChat]: [CHAT] Entity '4f46ef91-f747-4a80-8e30-3c5c8f8b5fe0' cannot be found
[20:13:06] [Client thread/INFO] [net.minecraft.client.gui.GuiNewChat]: [CHAT] Entity '0f4a821c-9904-4329-9c4a-0328cd6e2607' cannot be found
[20:13:06] [Client thread/INFO] [net.minecraft.client.gui.GuiNewChat]: [CHAT] Entity '4465aa0f-cfa7-454a-b901-0a065662c0c1' cannot be found
[20:13:06] [Client thread/INFO] [net.minecraft.client.gui.GuiNewChat]: [CHAT] Entity 'a4693dea-e9bd-4e0b-b6d1-ae84a2e24a5c' cannot be found
[20:13:06] [Client thread/INFO] [net.minecraft.client.gui.GuiNewChat]: [CHAT] Entity '1a118e41-1f7f-4ad9-95ab-d7b454dbd46e' cannot be found
[20:13:06] [Client thread/INFO] [net.minecraft.client.gui.GuiNewChat]: [CHAT] Entity 'a18438d9-fc19-4607-ba11-ce4d56f91b0c' cannot be found
[20:13:06] [Client thread/INFO] [net.minecraft.client.gui.GuiNewChat]: [CHAT] Entity 'd25ed56b-92f4-4e12-9689-2dc540fdf5a9' cannot be found
[20:13:06] [Client thread/INFO] [net.minecraft.client.gui.GuiNewChat]: [CHAT] Entity '9b4ac61f-ca2a-4b86-84b1-30c96c0ff551' cannot be found
[20:13:06] [Client thread/INFO] [net.minecraft.client.gui.GuiNewChat]: [CHAT] Entity 'bb96efdd-bf67-4d9c-8960-3aef43be5bf2' cannot be found
[20:13:06] [Client thread/INFO] [net.minecraft.client.gui.GuiNewChat]: [CHAT] Entity '98a49f9a-c73b-4ef1-b4d1-14d75bda1888' cannot be found
[20:13:06] [Client thread/INFO] [net.minecraft.client.gui.GuiNewChat]: [CHAT] Entity '45297829-c137-48b8-b8f9-89476e66c174' cannot be found
[20:13:06] [Client thread/INFO] [net.minecraft.client.gui.GuiNewChat]: [CHAT] Entity '201bbeb3-c4a9-468e-ac61-3e08adf6f450' cannot be found
[20:13:06] [Client thread/INFO] [net.minecraft.client.gui.GuiNewChat]: [CHAT] Entity 'a04cc8d8-982f-4868-9503-b8c302b9fe05' cannot be found
[20:13:06] [Client thread/INFO] [net.minecraft.client.gui.GuiNewChat]: [CHAT] Entity '2f5d620b-4b98-4d7b-81d6-ee54485d8885' cannot be found
[20:13:06] [Client thread/INFO] [net.minecraft.client.gui.GuiNewChat]: [CHAT] Entity '5c8e5cc5-a8be-4750-8f51-bfeac7bb5476' cannot be found
[20:13:06] [Client thread/INFO] [net.minecraft.client.gui.GuiNewChat]: [CHAT] Entity '00002ce5-7ad1-4b41-959e-4cc48adb7122' cannot be found
[20:13:06] [Client thread/INFO] [net.minecraft.client.gui.GuiNewChat]: [CHAT] Entity '73483741-5b24-4da5-a906-8cfc948e294e' cannot be found
[20:13:06] [Client thread/INFO] [net.minecraft.client.gui.GuiNewChat]: [CHAT] Entity 'd402962e-9fac-4931-82b7-d7bab8bc95fc' cannot be found
[20:13:06] [Client thread/INFO] [net.minecraft.client.gui.GuiNewChat]: [CHAT] Entity '6b77535b-58a8-42f9-a349-5d1c66e84940' cannot be found
[20:13:06] [Client thread/INFO] [net.minecraft.client.gui.GuiNewChat]: [CHAT] Entity 'fecf18ef-7523-4cfd-8d61-63f5e858401c' cannot be found
[20:13:06] [Client thread/INFO] [net.minecraft.client.gui.GuiNewChat]: [CHAT] Entity '06236712-b416-4f83-b108-cf5d54dd8938' cannot be found
[20:13:06] [Client thread/INFO] [net.minecraft.client.gui.GuiNewChat]: [CHAT] Entity '0bc081a8-97b0-469c-a966-a58ec95ab4a2' cannot be found
[20:13:06] [Client thread/INFO] [net.minecraft.client.gui.GuiNewChat]: [CHAT] Entity 'b735bb27-299e-41b6-a72d-8bef173f385e' cannot be found
[20:13:06] [Client thread/INFO] [net.minecraft.client.gui.GuiNewChat]: [CHAT] Entity 'b7c96879-3210-41c0-aabe-8aba5b563817' cannot be found
[20:13:06] [Client thread/INFO] [net.minecraft.client.gui.GuiNewChat]: [CHAT] Entity '4e4e176d-16f7-4c15-901d-eb94e12ee0a1' cannot be found
[20:13:06] [Client thread/INFO] [net.minecraft.client.gui.GuiNewChat]: [CHAT] Entity '3d68fb4e-efab-4961-92ba-c167bbb49667' cannot be found
[20:13:06] [Client thread/INFO] [net.minecraft.client.gui.GuiNewChat]: [CHAT] Entity 'cb0c45c5-017b-4510-ac01-f1697557a856' cannot be found
[20:13:06] [Client thread/INFO] [net.minecraft.client.gui.GuiNewChat]: [CHAT] Entity 'be514a1a-2ef3-4228-bedb-cd11e1db7eee' cannot be found
[20:13:06] [Client thread/INFO] [net.minecraft.client.gui.GuiNewChat]: [CHAT] Entity 'e99c1917-6b6e-4f49-b2cc-ba48142ffa3f' cannot be found
[20:13:08] [Server thread/INFO] [STDOUT]: [com.sweeblyn.srpwarriorsarmaments.items.ItemBlazesteelCleaver:hitEntity:50]: dealing 3 damage
[20:13:08] [Server thread/INFO] [STDOUT]: [com.sweeblyn.srpwarriorsarmaments.items.ItemBlazesteelCleaver:hitEntity:50]: dealing 3 damage
[20:13:08] [Server thread/INFO] [STDOUT]: [com.sweeblyn.srpwarriorsarmaments.items.ItemBlazesteelCleaver:hitEntity:50]: dealing 3 damage
[20:14:36] [Server thread/INFO] [net.minecraft.server.MinecraftServer]: [Player718: Given §6Consecration (ID 65) * 9 to Player718 for 99999 seconds]
[20:14:36] [Server thread/INFO] [net.minecraft.server.MinecraftServer]: [Player718: Given §6Consecration (ID 65) * 9 to Adapted Longarms for 99999 seconds]
[20:14:36] [Server thread/INFO] [net.minecraft.server.MinecraftServer]: [Player718: Given §6Consecration (ID 65) * 9 to Assimilated Human for 99999 seconds]
[20:14:36] [Server thread/INFO] [net.minecraft.server.MinecraftServer]: [Player718: Given §6Consecration (ID 65) * 9 to Walking Head for 99999 seconds]
[20:14:36] [Server thread/INFO] [net.minecraft.server.MinecraftServer]: [Player718: Given §6Consecration (ID 65) * 9 to Walking Head for 99999 seconds]
[20:14:36] [Server thread/INFO] [net.minecraft.server.MinecraftServer]: [Player718: Given §6Consecration (ID 65) * 9 to Walking Head for 99999 seconds]
[20:14:36] [Client thread/INFO] [net.minecraft.client.gui.GuiNewChat]: [CHAT] Given §6Consecration (ID 65) * 9 to Player718 for 99999 seconds
[20:14:36] [Client thread/INFO] [net.minecraft.client.gui.GuiNewChat]: [CHAT] Entity '7cc52068-b298-4317-b4bb-221cba24857e' cannot be found
[20:14:36] [Client thread/INFO] [net.minecraft.client.gui.GuiNewChat]: [CHAT] Entity 'b6d442d1-1a90-472e-8e8a-eb7194f52830' cannot be found
[20:14:36] [Client thread/INFO] [net.minecraft.client.gui.GuiNewChat]: [CHAT] Entity 'e6cbe95f-481d-4a18-a889-811ea3ac938a' cannot be found
[20:14:36] [Client thread/INFO] [net.minecraft.client.gui.GuiNewChat]: [CHAT] Given §6Consecration (ID 65) * 9 to Adapted Longarms for 99999 seconds
[20:14:36] [Client thread/INFO] [net.minecraft.client.gui.GuiNewChat]: [CHAT] Entity 'b5028623-fe48-4012-a33f-4fe8b2f1ca1b' cannot be found
[20:14:36] [Client thread/INFO] [net.minecraft.client.gui.GuiNewChat]: [CHAT] Entity '25aed6d1-e40b-4b7f-a96a-dd0e30fe272a' cannot be found
[20:14:36] [Client thread/INFO] [net.minecraft.client.gui.GuiNewChat]: [CHAT] Entity '812ce822-e326-4e5a-ba98-e4ea08180097' cannot be found
[20:14:36] [Client thread/INFO] [net.minecraft.client.gui.GuiNewChat]: [CHAT] Given §6Consecration (ID 65) * 9 to Assimilated Human for 99999 seconds
[20:14:36] [Client thread/INFO] [net.minecraft.client.gui.GuiNewChat]: [CHAT] Entity '305cabca-a67d-4f1d-ab10-f899478de0ac' cannot be found
[20:14:36] [Client thread/INFO] [net.minecraft.client.gui.GuiNewChat]: [CHAT] Entity '40d2c39e-cd44-490b-b104-fa8b0af532da' cannot be found
[20:14:36] [Client thread/INFO] [net.minecraft.client.gui.GuiNewChat]: [CHAT] Given §6Consecration (ID 65) * 9 to Walking Head for 99999 seconds
[20:14:36] [Client thread/INFO] [net.minecraft.client.gui.GuiNewChat]: [CHAT] Entity '99b9c51f-79e4-4d84-acda-21152d93e31d' cannot be found
[20:14:36] [Client thread/INFO] [net.minecraft.client.gui.GuiNewChat]: [CHAT] Entity 'a8511366-5dad-45bd-9381-f7fc7da8cfc7' cannot be found
[20:14:36] [Client thread/INFO] [net.minecraft.client.gui.GuiNewChat]: [CHAT] Entity '52a4dc81-b465-43ba-a686-90adf51b446c' cannot be found
[20:14:36] [Client thread/INFO] [net.minecraft.client.gui.GuiNewChat]: [CHAT] Given §6Consecration (ID 65) * 9 to Walking Head for 99999 seconds
[20:14:36] [Client thread/INFO] [net.minecraft.client.gui.GuiNewChat]: [CHAT] Entity 'b102928d-9720-4b97-815c-2c77612bdf2b' cannot be found
[20:14:36] [Client thread/INFO] [net.minecraft.client.gui.GuiNewChat]: [CHAT] Entity 'd425b4a6-f1d7-4f7e-ad39-89b70fcbdd14' cannot be found
[20:14:36] [Client thread/INFO] [net.minecraft.client.gui.GuiNewChat]: [CHAT] Entity '8e1fc63a-0c8b-4334-8764-743f09f44c1b' cannot be found
[20:14:36] [Client thread/INFO] [net.minecraft.client.gui.GuiNewChat]: [CHAT] Entity '4e8c6bbf-b4cd-4ddc-81cf-69f41d0aad20' cannot be found
[20:14:36] [Client thread/INFO] [net.minecraft.client.gui.GuiNewChat]: [CHAT] Entity '512127ab-3088-47a4-a77d-715d51314394' cannot be found
[20:14:36] [Client thread/INFO] [net.minecraft.client.gui.GuiNewChat]: [CHAT] Entity 'f08c8eaf-abca-4781-a85d-281054d4713d' cannot be found
[20:14:36] [Client thread/INFO] [net.minecraft.client.gui.GuiNewChat]: [CHAT] Entity 'a46be666-489f-4bb2-92fe-9675874f1779' cannot be found
[20:14:36] [Client thread/INFO] [net.minecraft.client.gui.GuiNewChat]: [CHAT] Entity 'c260169f-8fe6-4727-96fc-8d6d77097756' cannot be found
[20:14:36] [Client thread/INFO] [net.minecraft.client.gui.GuiNewChat]: [CHAT] Entity '0bc36c9a-d538-461b-acae-b804153ed0b9' cannot be found
[20:14:36] [Client thread/INFO] [net.minecraft.client.gui.GuiNewChat]: [CHAT] Entity '5e552eda-cb3f-46b8-88e7-c4588f4fbb70' cannot be found
[20:14:36] [Client thread/INFO] [net.minecraft.client.gui.GuiNewChat]: [CHAT] Entity '7f5fdf64-0418-485d-946f-793922d43055' cannot be found
[20:14:36] [Client thread/INFO] [net.minecraft.client.gui.GuiNewChat]: [CHAT] Entity '2032127a-52c9-4418-8804-47e82901d50a' cannot be found
[20:14:36] [Client thread/INFO] [net.minecraft.client.gui.GuiNewChat]: [CHAT] Entity '72c4c8f8-9628-49f4-a8fa-26675f0a4705' cannot be found
[20:14:36] [Client thread/INFO] [net.minecraft.client.gui.GuiNewChat]: [CHAT] Entity 'abfe0f90-4b49-4096-aa70-f9d26bc45a3e' cannot be found
[20:14:36] [Client thread/INFO] [net.minecraft.client.gui.GuiNewChat]: [CHAT] Entity '61b5a89f-d790-4bf9-9ec3-f551b52b29d0' cannot be found
[20:14:36] [Client thread/INFO] [net.minecraft.client.gui.GuiNewChat]: [CHAT] Entity '7241b9f7-4d26-4d7f-9514-f3868effd438' cannot be found
[20:14:36] [Client thread/INFO] [net.minecraft.client.gui.GuiNewChat]: [CHAT] Entity 'af8c95a8-6f0b-449e-aaaf-86e139939ed3' cannot be found
[20:14:36] [Client thread/INFO] [net.minecraft.client.gui.GuiNewChat]: [CHAT] Entity 'bac83840-d5e2-4afd-82dd-35471f30a88a' cannot be found
[20:14:36] [Client thread/INFO] [net.minecraft.client.gui.GuiNewChat]: [CHAT] Entity '7bdeaeba-2eb7-4c43-9a1c-f9905f001ce5' cannot be found
[20:14:36] [Client thread/INFO] [net.minecraft.client.gui.GuiNewChat]: [CHAT] Entity '0c9a6d49-ab30-4140-b5e6-926e2c1d2238' cannot be found
[20:14:36] [Client thread/INFO] [net.minecraft.client.gui.GuiNewChat]: [CHAT] Entity '92c862b4-ec56-4188-9746-7df5f2738c4f' cannot be found
[20:14:36] [Client thread/INFO] [net.minecraft.client.gui.GuiNewChat]: [CHAT] Entity '3510f34c-26aa-47aa-a2b6-9720fec98a29' cannot be found
[20:14:36] [Client thread/INFO] [net.minecraft.client.gui.GuiNewChat]: [CHAT] Entity '5cdc5b5f-432d-4b8c-83fd-86bdeebcc811' cannot be found
[20:14:36] [Client thread/INFO] [net.minecraft.client.gui.GuiNewChat]: [CHAT] Entity '29e67b54-d681-4235-8711-cabaa7310376' cannot be found
[20:14:36] [Client thread/INFO] [net.minecraft.client.gui.GuiNewChat]: [CHAT] Entity '2ef17090-6615-4204-b8c4-e3be8343a0e2' cannot be found
[20:14:36] [Client thread/INFO] [net.minecraft.client.gui.GuiNewChat]: [CHAT] Entity '4c3261cd-45ef-4c70-a602-a760b53efeb6' cannot be found
[20:14:36] [Client thread/INFO] [net.minecraft.client.gui.GuiNewChat]: [CHAT] Entity 'e3b72d62-2c38-4170-b192-2a5fcc929f1b' cannot be found
[20:14:36] [Client thread/INFO] [net.minecraft.client.gui.GuiNewChat]: [CHAT] Entity 'e91d05fe-f777-4da9-b1ec-db8aab280ea1' cannot be found
[20:14:36] [Client thread/INFO] [net.minecraft.client.gui.GuiNewChat]: [CHAT] Entity 'c2f8e330-3e0e-4ae9-b11d-60f07a925f70' cannot be found
[20:14:36] [Client thread/INFO] [net.minecraft.client.gui.GuiNewChat]: [CHAT] Entity 'fd3cd40b-35ed-4ad3-b9bc-e2f6ed61c647' cannot be found
[20:14:36] [Client thread/INFO] [net.minecraft.client.gui.GuiNewChat]: [CHAT] Entity 'dbfaa412-ed11-4ef5-b098-e42ca5c7662e' cannot be found
[20:14:36] [Client thread/INFO] [net.minecraft.client.gui.GuiNewChat]: [CHAT] Entity '4eadc0c0-0512-4ed9-b053-9dddebe3f794' cannot be found
[20:14:36] [Client thread/INFO] [net.minecraft.client.gui.GuiNewChat]: [CHAT] Entity '11b2775d-c55d-4f17-b26a-402707812d12' cannot be found
[20:14:36] [Client thread/INFO] [net.minecraft.client.gui.GuiNewChat]: [CHAT] Entity '1b1d2fbf-bae8-4ee9-9e57-37954ca3f333' cannot be found
[20:14:36] [Client thread/INFO] [net.minecraft.client.gui.GuiNewChat]: [CHAT] Entity 'd8d6257e-862e-43b8-a352-f8729348db38' cannot be found
[20:14:36] [Client thread/INFO] [net.minecraft.client.gui.GuiNewChat]: [CHAT] Entity '6c9a4047-646a-4b49-8305-df7a730bb9f7' cannot be found
[20:14:36] [Client thread/INFO] [net.minecraft.client.gui.GuiNewChat]: [CHAT] Entity '536c8f49-3ea4-4183-83e2-8e4d51c0118b' cannot be found
[20:14:36] [Client thread/INFO] [net.minecraft.client.gui.GuiNewChat]: [CHAT] Entity '6d7713b5-aac6-4b0e-be69-2e01b409c707' cannot be found
[20:14:36] [Client thread/INFO] [net.minecraft.client.gui.GuiNewChat]: [CHAT] Entity '766bd2ed-37cf-475e-985d-5f9342720543' cannot be found
[20:14:36] [Client thread/INFO] [net.minecraft.client.gui.GuiNewChat]: [CHAT] Entity 'b00e867a-39d0-4839-ae62-468e5def3d6a' cannot be found
[20:14:36] [Client thread/INFO] [net.minecraft.client.gui.GuiNewChat]: [CHAT] Entity 'c0bb24f0-9345-4a46-ba8e-d2791a449d01' cannot be found
[20:14:36] [Client thread/INFO] [net.minecraft.client.gui.GuiNewChat]: [CHAT] Entity '7e53f0b3-e504-4128-974c-d38552ad1d9c' cannot be found
[20:14:36] [Client thread/INFO] [net.minecraft.client.gui.GuiNewChat]: [CHAT] Entity '5afc7fe6-fa67-42a6-8311-f63d6b10fd58' cannot be found
[20:14:36] [Client thread/INFO] [net.minecraft.client.gui.GuiNewChat]: [CHAT] Entity '32f302a6-49b1-4c56-9bea-52e5fcd01a9c' cannot be found
[20:14:36] [Client thread/INFO] [net.minecraft.client.gui.GuiNewChat]: [CHAT] Entity '419e8f1f-9792-4595-aac0-85ca08fe1cbd' cannot be found
[20:14:36] [Client thread/INFO] [net.minecraft.client.gui.GuiNewChat]: [CHAT] Entity 'acf58bb9-f20e-49f4-aee8-695382eabf8f' cannot be found
[20:14:36] [Client thread/INFO] [net.minecraft.client.gui.GuiNewChat]: [CHAT] Entity '5e63c506-4d50-450e-9e56-4f46ac9172e5' cannot be found
[20:14:36] [Client thread/INFO] [net.minecraft.client.gui.GuiNewChat]: [CHAT] Entity '5752b725-6984-4c4b-a8c4-ea1df5d5d88b' cannot be found
[20:14:36] [Client thread/INFO] [net.minecraft.client.gui.GuiNewChat]: [CHAT] Entity '49e8048d-70fa-475b-968a-fa9a3af7e40e' cannot be found
[20:14:36] [Client thread/INFO] [net.minecraft.client.gui.GuiNewChat]: [CHAT] Entity '28def519-393e-47b6-849b-9f0883c266eb' cannot be found
[20:14:36] [Client thread/INFO] [net.minecraft.client.gui.GuiNewChat]: [CHAT] Entity '958ed3ec-e045-45ba-96a0-cdac3cb2e76f' cannot be found
[20:14:36] [Client thread/INFO] [net.minecraft.client.gui.GuiNewChat]: [CHAT] Entity '0daae23d-fec9-4391-b2c6-75fc53fb32ad' cannot be found
[20:14:36] [Client thread/INFO] [net.minecraft.client.gui.GuiNewChat]: [CHAT] Entity '90aa0caf-b303-4215-860e-efea94ff99a1' cannot be found
[20:14:36] [Client thread/INFO] [net.minecraft.client.gui.GuiNewChat]: [CHAT] Entity 'ccbd4496-9e95-4b6e-9bc5-7f479187a57e' cannot be found
[20:14:36] [Client thread/INFO] [net.minecraft.client.gui.GuiNewChat]: [CHAT] Entity 'cbf35ff7-7ba6-4058-84d1-65a7c0fb7c9f' cannot be found
[20:14:36] [Client thread/INFO] [net.minecraft.client.gui.GuiNewChat]: [CHAT] Entity 'e58c7d09-79ed-4ef1-8544-e740916503e5' cannot be found
[20:14:36] [Client thread/INFO] [net.minecraft.client.gui.GuiNewChat]: [CHAT] Entity 'f5019659-fe7a-4f0c-a8fa-c18458bfa9ee' cannot be found
[20:14:36] [Client thread/INFO] [net.minecraft.client.gui.GuiNewChat]: [CHAT] Given §6Consecration (ID 65) * 9 to Walking Head for 99999 seconds
[20:14:36] [Client thread/INFO] [net.minecraft.client.gui.GuiNewChat]: [CHAT] Entity '13d257e7-9f78-48cd-955d-eca89b5f303e' cannot be found
[20:14:36] [Client thread/INFO] [net.minecraft.client.gui.GuiNewChat]: [CHAT] Entity '5cbae3c0-6294-4f2f-9976-b932b9cc2fbe' cannot be found
[20:14:36] [Client thread/INFO] [net.minecraft.client.gui.GuiNewChat]: [CHAT] Entity 'edd24d27-7fa2-470f-880c-5828c81d9172' cannot be found
[20:14:36] [Client thread/INFO] [net.minecraft.client.gui.GuiNewChat]: [CHAT] Entity 'a8692dc2-1ef9-4ef2-beb7-5e3b10f0abef' cannot be found
[20:14:36] [Client thread/INFO] [net.minecraft.client.gui.GuiNewChat]: [CHAT] Entity '66f33292-42e8-4148-b025-4b6575a294b7' cannot be found
[20:14:36] [Client thread/INFO] [net.minecraft.client.gui.GuiNewChat]: [CHAT] Entity '7b97ab07-8628-44ff-a945-31c8baac985c' cannot be found
[20:14:36] [Client thread/INFO] [net.minecraft.client.gui.GuiNewChat]: [CHAT] Entity '35fac7d3-b1a9-4cc7-a3cb-e7c6b5f32bbd' cannot be found
[20:14:36] [Client thread/INFO] [net.minecraft.client.gui.GuiNewChat]: [CHAT] Entity '8b1d2ba2-e163-4674-8eae-82e0bc64efad' cannot be found
[20:14:36] [Client thread/INFO] [net.minecraft.client.gui.GuiNewChat]: [CHAT] Entity '1e9ad1ca-0b57-460b-a277-4b02742ab2ac' cannot be found
[20:14:36] [Client thread/INFO] [net.minecraft.client.gui.GuiNewChat]: [CHAT] Entity '7c25fb93-6192-4a2d-831d-9f1da584958c' cannot be found
[20:14:36] [Client thread/INFO] [net.minecraft.client.gui.GuiNewChat]: [CHAT] Entity 'c0c6183a-9abf-4d8f-8cfd-c281b9a37f9a' cannot be found
[20:14:36] [Client thread/INFO] [net.minecraft.client.gui.GuiNewChat]: [CHAT] Entity '7fd789de-f303-4888-9d06-36d4139ec42f' cannot be found
[20:14:36] [Client thread/INFO] [net.minecraft.client.gui.GuiNewChat]: [CHAT] Entity 'ab658899-4edb-4556-81be-b4a4b6302d85' cannot be found
[20:14:36] [Client thread/INFO] [net.minecraft.client.gui.GuiNewChat]: [CHAT] Entity '19ddd542-0a5f-4331-aa69-7da62f5193bc' cannot be found
[20:14:36] [Client thread/INFO] [net.minecraft.client.gui.GuiNewChat]: [CHAT] Entity 'f1459024-ee5f-4da9-9b5e-9b27e46fc78f' cannot be found
[20:14:36] [Client thread/INFO] [net.minecraft.client.gui.GuiNewChat]: [CHAT] Entity '614597be-6625-499c-a0b3-47891ca0478b' cannot be found
[20:14:36] [Client thread/INFO] [net.minecraft.client.gui.GuiNewChat]: [CHAT] Entity 'd0578657-721d-4d0c-82e0-ad64e900377f' cannot be found
[20:14:36] [Client thread/INFO] [net.minecraft.client.gui.GuiNewChat]: [CHAT] Entity '0073b678-5482-4405-b132-9cd05b1a0af4' cannot be found
[20:14:36] [Client thread/INFO] [net.minecraft.client.gui.GuiNewChat]: [CHAT] Entity 'e5d321c9-4efd-4f69-ab18-5d44a392a538' cannot be found
[20:14:36] [Client thread/INFO] [net.minecraft.client.gui.GuiNewChat]: [CHAT] Entity 'db07c651-8642-4d2e-883e-9e319e7ceb94' cannot be found
[20:14:36] [Client thread/INFO] [net.minecraft.client.gui.GuiNewChat]: [CHAT] Entity '22b7da71-fe61-469e-b2e5-a134fc59fe99' cannot be found
[20:14:36] [Client thread/INFO] [net.minecraft.client.gui.GuiNewChat]: [CHAT] Entity '71b310b2-5575-47ee-9f02-fdcbab7fa233' cannot be found
[20:14:36] [Client thread/INFO] [net.minecraft.client.gui.GuiNewChat]: [CHAT] Entity 'dc43468b-d679-4102-8734-70fe1f769b1e' cannot be found
[20:14:36] [Client thread/INFO] [net.minecraft.client.gui.GuiNewChat]: [CHAT] Entity 'a589ccea-2470-4272-8488-49861a96eb2d' cannot be found
[20:14:36] [Client thread/INFO] [net.minecraft.client.gui.GuiNewChat]: [CHAT] Entity '63e85b6d-dad7-4e12-8918-6aad600fb31f' cannot be found
[20:14:36] [Client thread/INFO] [net.minecraft.client.gui.GuiNewChat]: [CHAT] Entity 'e0d8637d-e760-4101-ace3-f4b275425a44' cannot be found
[20:14:36] [Client thread/INFO] [net.minecraft.client.gui.GuiNewChat]: [CHAT] Entity '233e6f66-e897-4d31-9b3f-a7241b5f3f45' cannot be found
[20:14:36] [Client thread/INFO] [net.minecraft.client.gui.GuiNewChat]: [CHAT] Entity 'f268c950-f9d9-4a95-aa3f-dfb7eee7d8a6' cannot be found
[20:14:36] [Client thread/INFO] [net.minecraft.client.gui.GuiNewChat]: [CHAT] Entity 'fb5b8369-d128-4c88-b6df-a75e9a9e404c' cannot be found
[20:14:36] [Client thread/INFO] [net.minecraft.client.gui.GuiNewChat]: [CHAT] Entity '35ef2f4e-275b-40d1-bfe8-0d41370e64aa' cannot be found
[20:14:36] [Client thread/INFO] [net.minecraft.client.gui.GuiNewChat]: [CHAT] Entity '7ca591fe-4bfb-4e45-a2b7-a851b1906acf' cannot be found
[20:14:36] [Client thread/INFO] [net.minecraft.client.gui.GuiNewChat]: [CHAT] Entity '1359e9c2-f4ed-4340-a316-6f58638bb6e8' cannot be found
[20:14:36] [Client thread/INFO] [net.minecraft.client.gui.GuiNewChat]: [CHAT] Entity 'e71cd131-9c65-4d50-96f7-cca4bd01e3e5' cannot be found
[20:14:36] [Client thread/INFO] [net.minecraft.client.gui.GuiNewChat]: [CHAT] Entity 'bb058f50-ad72-4231-a5e1-03f10e0cb946' cannot be found
[20:14:36] [Client thread/INFO] [net.minecraft.client.gui.GuiNewChat]: [CHAT] Entity 'a5db9a2f-c1ab-40e1-8000-7689adcfdd19' cannot be found
[20:14:36] [Client thread/INFO] [net.minecraft.client.gui.GuiNewChat]: [CHAT] Entity '1af2220c-cdfb-478d-a5df-2a01e4521853' cannot be found
[20:14:36] [Client thread/INFO] [net.minecraft.client.gui.GuiNewChat]: [CHAT] Entity 'efe17369-2026-41f1-b160-e189feb40c20' cannot be found
[20:14:36] [Client thread/INFO] [net.minecraft.client.gui.GuiNewChat]: [CHAT] Entity '883d6dc7-5f86-4fb1-a5c1-da83fa274376' cannot be found
[20:14:36] [Client thread/INFO] [net.minecraft.client.gui.GuiNewChat]: [CHAT] Entity 'ad6103d8-521f-4c4c-86ee-bfac24685d32' cannot be found
[20:14:36] [Client thread/INFO] [net.minecraft.client.gui.GuiNewChat]: [CHAT] Entity '1f3b48e5-1292-44aa-b740-ee366a2aab93' cannot be found
[20:14:36] [Client thread/INFO] [net.minecraft.client.gui.GuiNewChat]: [CHAT] Entity '1732b493-df2c-49e8-9b84-e0c2ba1bc3d1' cannot be found
[20:14:36] [Client thread/INFO] [net.minecraft.client.gui.GuiNewChat]: [CHAT] Entity 'a946bce9-8c3f-4513-9d01-386bd50766ec' cannot be found
[20:14:36] [Client thread/INFO] [net.minecraft.client.gui.GuiNewChat]: [CHAT] Entity 'dafad801-72e5-4961-ba94-4202c53b375a' cannot be found
[20:14:36] [Client thread/INFO] [net.minecraft.client.gui.GuiNewChat]: [CHAT] Entity 'e7238c83-aa8b-4307-9d16-d201d171f823' cannot be found
[20:14:36] [Client thread/INFO] [net.minecraft.client.gui.GuiNewChat]: [CHAT] Entity 'a5d36471-3f8f-4eb8-84f9-0aa0e8fabea2' cannot be found
[20:14:36] [Client thread/INFO] [net.minecraft.client.gui.GuiNewChat]: [CHAT] Entity 'a08f6549-f47c-40b1-a72d-09fea3da5b4e' cannot be found
[20:14:36] [Client thread/INFO] [net.minecraft.client.gui.GuiNewChat]: [CHAT] Entity '8280822d-4b1e-4bd8-aa4e-381ba682a2e6' cannot be found
[20:14:36] [Client thread/INFO] [net.minecraft.client.gui.GuiNewChat]: [CHAT] Entity 'a8f66929-f386-4a19-9d86-d85abca2e2f7' cannot be found
[20:14:36] [Client thread/INFO] [net.minecraft.client.gui.GuiNewChat]: [CHAT] Entity '66257679-8201-4afd-abd9-c169e0c1aaa6' cannot be found
[20:14:36] [Client thread/INFO] [net.minecraft.client.gui.GuiNewChat]: [CHAT] Entity '5eca5458-1197-4fa7-b89f-5fa99ab74edb' cannot be found
[20:14:36] [Client thread/INFO] [net.minecraft.client.gui.GuiNewChat]: [CHAT] Entity 'bbb63660-a7d2-428d-8143-126e8a3cde13' cannot be found
[20:14:36] [Client thread/INFO] [net.minecraft.client.gui.GuiNewChat]: [CHAT] Entity '65e86c87-10d0-40a0-b23c-cb394afd560a' cannot be found
[20:14:36] [Client thread/INFO] [net.minecraft.client.gui.GuiNewChat]: [CHAT] Entity 'de0e5e65-e740-4f0e-938d-e98c81881e88' cannot be found
[20:14:36] [Client thread/INFO] [net.minecraft.client.gui.GuiNewChat]: [CHAT] Entity 'de5a39fa-3a73-4ced-90e4-6e27de16be7f' cannot be found
[20:14:36] [Client thread/INFO] [net.minecraft.client.gui.GuiNewChat]: [CHAT] Entity '51237ebb-c71b-41b9-87e1-b020b6737eac' cannot be found
[20:14:36] [Client thread/INFO] [net.minecraft.client.gui.GuiNewChat]: [CHAT] Entity 'c999df0d-7fe7-4e5c-854f-9205d8230ab6' cannot be found
[20:14:36] [Client thread/INFO] [net.minecraft.client.gui.GuiNewChat]: [CHAT] Entity '2a59eb81-e9b8-4789-9def-cb42ef862d4d' cannot be found
[20:14:36] [Client thread/INFO] [net.minecraft.client.gui.GuiNewChat]: [CHAT] Entity '964ae58a-a147-4be0-80ce-9668e0746cfa' cannot be found
[20:14:36] [Client thread/INFO] [net.minecraft.client.gui.GuiNewChat]: [CHAT] Entity 'd013499d-d53a-4631-aed3-ebda2b76c2f2' cannot be found
[20:14:36] [Client thread/INFO] [net.minecraft.client.gui.GuiNewChat]: [CHAT] Entity 'be03c117-c88c-4709-af53-b347f06aeb04' cannot be found
[20:14:36] [Client thread/INFO] [net.minecraft.client.gui.GuiNewChat]: [CHAT] Entity '1d30a991-8ef6-406a-a9fc-c1ad8bad666b' cannot be found
[20:14:36] [Client thread/INFO] [net.minecraft.client.gui.GuiNewChat]: [CHAT] Entity '81625d7b-1495-4227-9c2d-06001246ac0a' cannot be found
[20:14:36] [Client thread/INFO] [net.minecraft.client.gui.GuiNewChat]: [CHAT] Entity 'd2f1aa6d-efbc-45e3-a2f0-a9ab3a9167c4' cannot be found
[20:14:36] [Client thread/INFO] [net.minecraft.client.gui.GuiNewChat]: [CHAT] Entity '56259ca5-5215-45bd-b011-d207fc807b6a' cannot be found
[20:14:36] [Client thread/INFO] [net.minecraft.client.gui.GuiNewChat]: [CHAT] Entity '0165a190-5d03-4e95-bfed-7079485ed3b7' cannot be found
[20:14:36] [Client thread/INFO] [net.minecraft.client.gui.GuiNewChat]: [CHAT] Entity '67eaa0ce-3e4c-4b41-bc77-3e00e4d9f020' cannot be found
[20:14:36] [Client thread/INFO] [net.minecraft.client.gui.GuiNewChat]: [CHAT] Entity '7f97b0c5-b897-4a8a-b1c3-c4ad36e7a4c4' cannot be found
[20:14:36] [Client thread/INFO] [net.minecraft.client.gui.GuiNewChat]: [CHAT] Entity '5f4d5353-3d1e-49a2-a2f6-c084e2598efe' cannot be found
[20:14:36] [Client thread/INFO] [net.minecraft.client.gui.GuiNewChat]: [CHAT] Entity 'a1b81cae-b15d-477b-a056-90593147f05a' cannot be found
[20:14:36] [Client thread/INFO] [net.minecraft.client.gui.GuiNewChat]: [CHAT] Entity 'b6637cbb-3468-499b-ae9b-61445ba0f6ed' cannot be found
[20:14:36] [Client thread/INFO] [net.minecraft.client.gui.GuiNewChat]: [CHAT] Entity 'cd0e9009-798f-472f-8819-7d912d7d4bab' cannot be found
[20:14:36] [Client thread/INFO] [net.minecraft.client.gui.GuiNewChat]: [CHAT] Entity 'c64600c8-bac2-4b10-afeb-171fcac6f89b' cannot be found
[20:14:36] [Client thread/INFO] [net.minecraft.client.gui.GuiNewChat]: [CHAT] Entity '13491f11-80d1-46ee-b083-84f1a423ab54' cannot be found
[20:14:36] [Client thread/INFO] [net.minecraft.client.gui.GuiNewChat]: [CHAT] Entity '9332148c-9774-479c-9a54-0394a4e2d419' cannot be found
[20:14:36] [Client thread/INFO] [net.minecraft.client.gui.GuiNewChat]: [CHAT] Entity '2e870bf9-1bc7-4c83-93a7-8a9fee217fff' cannot be found
[20:14:36] [Client thread/INFO] [net.minecraft.client.gui.GuiNewChat]: [CHAT] Entity '2ec56a49-95d5-4637-9d97-0ee319d806b1' cannot be found
[20:14:36] [Client thread/INFO] [net.minecraft.client.gui.GuiNewChat]: [CHAT] Entity '366d5ed1-b216-47a9-832a-23aa678d1817' cannot be found
[20:14:36] [Client thread/INFO] [net.minecraft.client.gui.GuiNewChat]: [CHAT] Entity '8aeb6d53-b55e-430f-966a-24ae30b6dad4' cannot be found
[20:14:36] [Client thread/INFO] [net.minecraft.client.gui.GuiNewChat]: [CHAT] Entity '8a2a1d1d-3819-481e-af25-4365953af8f7' cannot be found
[20:14:36] [Client thread/INFO] [net.minecraft.client.gui.GuiNewChat]: [CHAT] Entity '356412d7-63ac-4f9c-a101-dcd58543ed43' cannot be found
[20:14:36] [Client thread/INFO] [net.minecraft.client.gui.GuiNewChat]: [CHAT] Entity 'f689748f-83ea-4782-bc27-339b36a565b6' cannot be found
[20:14:36] [Client thread/INFO] [net.minecraft.client.gui.GuiNewChat]: [CHAT] Entity '44fd5aed-05c3-452a-a49d-6ee825dc9930' cannot be found
[20:14:36] [Client thread/INFO] [net.minecraft.client.gui.GuiNewChat]: [CHAT] Entity '2fca117d-7eb6-44c6-bd2d-95973d27f3b5' cannot be found
[20:14:36] [Client thread/INFO] [net.minecraft.client.gui.GuiNewChat]: [CHAT] Entity '520992b3-491a-42c7-8e70-cb9b9c71b4fb' cannot be found
[20:14:36] [Client thread/INFO] [net.minecraft.client.gui.GuiNewChat]: [CHAT] Entity 'a2e459d6-44be-4fc5-8fd3-d5e8051ca12b' cannot be found
[20:14:36] [Client thread/INFO] [net.minecraft.client.gui.GuiNewChat]: [CHAT] Entity '275fc33b-ef09-41ba-9d37-e316cad3fbff' cannot be found
[20:14:36] [Client thread/INFO] [net.minecraft.client.gui.GuiNewChat]: [CHAT] Entity 'ac75c443-ba0e-4a95-b0ba-5034e9a03368' cannot be found
[20:14:36] [Client thread/INFO] [net.minecraft.client.gui.GuiNewChat]: [CHAT] Entity '573b620c-48a7-43ed-89ca-fe24635b447b' cannot be found
[20:14:36] [Client thread/INFO] [net.minecraft.client.gui.GuiNewChat]: [CHAT] Entity 'd7f4694f-0b3e-497f-854e-6b4c574111f8' cannot be found
[20:14:36] [Client thread/INFO] [net.minecraft.client.gui.GuiNewChat]: [CHAT] Entity 'c5715350-a6c9-4162-90d7-ec438a0e9c56' cannot be found
[20:14:36] [Client thread/INFO] [net.minecraft.client.gui.GuiNewChat]: [CHAT] Entity '9ab634cd-470e-4551-bcd9-e21338b9ec62' cannot be found
[20:14:36] [Client thread/INFO] [net.minecraft.client.gui.GuiNewChat]: [CHAT] Entity 'b71ee46b-6ab4-472a-b6db-d76d552a18dc' cannot be found
[20:14:36] [Client thread/INFO] [net.minecraft.client.gui.GuiNewChat]: [CHAT] Entity '70a43593-9bb3-492a-b909-1fe0316398f0' cannot be found
[20:14:36] [Client thread/INFO] [net.minecraft.client.gui.GuiNewChat]: [CHAT] Entity 'd1b9ded1-5d95-4122-8dc5-65f8f89739ee' cannot be found
[20:14:36] [Client thread/INFO] [net.minecraft.client.gui.GuiNewChat]: [CHAT] Entity 'af84a2d3-7bba-485f-9ecb-bbfba07fdcbe' cannot be found
[20:14:36] [Client thread/INFO] [net.minecraft.client.gui.GuiNewChat]: [CHAT] Entity '4f46ef91-f747-4a80-8e30-3c5c8f8b5fe0' cannot be found
[20:14:36] [Client thread/INFO] [net.minecraft.client.gui.GuiNewChat]: [CHAT] Entity '0f4a821c-9904-4329-9c4a-0328cd6e2607' cannot be found
[20:14:36] [Client thread/INFO] [net.minecraft.client.gui.GuiNewChat]: [CHAT] Entity '4465aa0f-cfa7-454a-b901-0a065662c0c1' cannot be found
[20:14:36] [Client thread/INFO] [net.minecraft.client.gui.GuiNewChat]: [CHAT] Entity '1a118e41-1f7f-4ad9-95ab-d7b454dbd46e' cannot be found
[20:14:36] [Client thread/INFO] [net.minecraft.client.gui.GuiNewChat]: [CHAT] Entity 'a18438d9-fc19-4607-ba11-ce4d56f91b0c' cannot be found
[20:14:36] [Client thread/INFO] [net.minecraft.client.gui.GuiNewChat]: [CHAT] Entity 'a4693dea-e9bd-4e0b-b6d1-ae84a2e24a5c' cannot be found
[20:14:36] [Client thread/INFO] [net.minecraft.client.gui.GuiNewChat]: [CHAT] Entity 'd25ed56b-92f4-4e12-9689-2dc540fdf5a9' cannot be found
[20:14:36] [Client thread/INFO] [net.minecraft.client.gui.GuiNewChat]: [CHAT] Entity '9b4ac61f-ca2a-4b86-84b1-30c96c0ff551' cannot be found
[20:14:36] [Client thread/INFO] [net.minecraft.client.gui.GuiNewChat]: [CHAT] Entity '45297829-c137-48b8-b8f9-89476e66c174' cannot be found
[20:14:36] [Client thread/INFO] [net.minecraft.client.gui.GuiNewChat]: [CHAT] Entity 'bb96efdd-bf67-4d9c-8960-3aef43be5bf2' cannot be found
[20:14:36] [Client thread/INFO] [net.minecraft.client.gui.GuiNewChat]: [CHAT] Entity '98a49f9a-c73b-4ef1-b4d1-14d75bda1888' cannot be found
[20:14:36] [Client thread/INFO] [net.minecraft.client.gui.GuiNewChat]: [CHAT] Entity '201bbeb3-c4a9-468e-ac61-3e08adf6f450' cannot be found
[20:14:36] [Client thread/INFO] [net.minecraft.client.gui.GuiNewChat]: [CHAT] Entity 'a04cc8d8-982f-4868-9503-b8c302b9fe05' cannot be found
[20:14:36] [Client thread/INFO] [net.minecraft.client.gui.GuiNewChat]: [CHAT] Entity '2f5d620b-4b98-4d7b-81d6-ee54485d8885' cannot be found
[20:14:36] [Client thread/INFO] [net.minecraft.client.gui.GuiNewChat]: [CHAT] Entity '5c8e5cc5-a8be-4750-8f51-bfeac7bb5476' cannot be found
[20:14:36] [Client thread/INFO] [net.minecraft.client.gui.GuiNewChat]: [CHAT] Entity '00002ce5-7ad1-4b41-959e-4cc48adb7122' cannot be found
[20:14:36] [Client thread/INFO] [net.minecraft.client.gui.GuiNewChat]: [CHAT] Entity '73483741-5b24-4da5-a906-8cfc948e294e' cannot be found
[20:14:36] [Client thread/INFO] [net.minecraft.client.gui.GuiNewChat]: [CHAT] Entity 'd402962e-9fac-4931-82b7-d7bab8bc95fc' cannot be found
[20:14:36] [Client thread/INFO] [net.minecraft.client.gui.GuiNewChat]: [CHAT] Entity '6b77535b-58a8-42f9-a349-5d1c66e84940' cannot be found
[20:14:36] [Client thread/INFO] [net.minecraft.client.gui.GuiNewChat]: [CHAT] Entity 'fecf18ef-7523-4cfd-8d61-63f5e858401c' cannot be found
[20:14:36] [Client thread/INFO] [net.minecraft.client.gui.GuiNewChat]: [CHAT] Entity '06236712-b416-4f83-b108-cf5d54dd8938' cannot be found
[20:14:36] [Client thread/INFO] [net.minecraft.client.gui.GuiNewChat]: [CHAT] Entity '0bc081a8-97b0-469c-a966-a58ec95ab4a2' cannot be found
[20:14:36] [Client thread/INFO] [net.minecraft.client.gui.GuiNewChat]: [CHAT] Entity 'b735bb27-299e-41b6-a72d-8bef173f385e' cannot be found
[20:14:36] [Client thread/INFO] [net.minecraft.client.gui.GuiNewChat]: [CHAT] Entity 'b7c96879-3210-41c0-aabe-8aba5b563817' cannot be found
[20:14:36] [Client thread/INFO] [net.minecraft.client.gui.GuiNewChat]: [CHAT] Entity '4e4e176d-16f7-4c15-901d-eb94e12ee0a1' cannot be found
[20:14:36] [Client thread/INFO] [net.minecraft.client.gui.GuiNewChat]: [CHAT] Entity '3d68fb4e-efab-4961-92ba-c167bbb49667' cannot be found
[20:14:36] [Client thread/INFO] [net.minecraft.client.gui.GuiNewChat]: [CHAT] Entity 'cb0c45c5-017b-4510-ac01-f1697557a856' cannot be found
[20:14:36] [Client thread/INFO] [net.minecraft.client.gui.GuiNewChat]: [CHAT] Entity 'be514a1a-2ef3-4228-bedb-cd11e1db7eee' cannot be found
[20:14:36] [Client thread/INFO] [net.minecraft.client.gui.GuiNewChat]: [CHAT] Entity 'e99c1917-6b6e-4f49-b2cc-ba48142ffa3f' cannot be found
[20:14:38] [Client thread/INFO] [net.minecraft.advancements.AdvancementList]: Loaded 18 advancements
[20:14:39] [Server thread/INFO] [STDOUT]: [com.sweeblyn.srpwarriorsarmaments.items.ItemBlazesteelCleaver:hitEntity:50]: dealing 27 damage
[20:14:39] [Server thread/INFO] [STDOUT]: [com.sweeblyn.srpwarriorsarmaments.items.ItemBlazesteelCleaver:hitEntity:50]: dealing 27 damage
[20:14:39] [Server thread/INFO] [STDOUT]: [com.sweeblyn.srpwarriorsarmaments.items.ItemBlazesteelCleaver:hitEntity:50]: dealing 27 damage
[20:14:40] [Server thread/INFO] [net.minecraft.server.integrated.IntegratedServer]: Saving and pausing game...
[20:14:40] [Server thread/INFO] [net.minecraft.server.MinecraftServer]: Saving chunks for level 'New World'/overworld
[20:14:55] [Server thread/INFO] [STDOUT]: [com.sweeblyn.srpwarriorsarmaments.items.ItemBlazesteelCleaver:hitEntity:50]: dealing 3 damage
[20:14:55] [Server thread/INFO] [STDOUT]: [com.sweeblyn.srpwarriorsarmaments.items.ItemBlazesteelCleaver:hitEntity:50]: dealing 3 damage
[20:14:55] [Server thread/INFO] [STDOUT]: [com.sweeblyn.srpwarriorsarmaments.items.ItemBlazesteelCleaver:hitEntity:50]: dealing 3 damage
[20:14:57] [Server thread/INFO] [STDOUT]: [com.sweeblyn.srpwarriorsarmaments.items.ItemBlazesteelCleaver:hitEntity:50]: dealing 0 damage
[20:14:57] [Server thread/INFO] [STDOUT]: [com.sweeblyn.srpwarriorsarmaments.items.ItemBlazesteelCleaver:hitEntity:50]: dealing 0 damage
[20:14:57] [Server thread/INFO] [STDOUT]: [com.sweeblyn.srpwarriorsarmaments.items.ItemBlazesteelCleaver:hitEntity:50]: dealing 0 damage
[20:15:05] [Server thread/INFO] [STDOUT]: [com.sweeblyn.srpwarriorsarmaments.items.ItemBlazesteelCleaver:hitEntity:50]: dealing 12 damage
[20:15:05] [Server thread/INFO] [STDOUT]: [com.sweeblyn.srpwarriorsarmaments.items.ItemBlazesteelCleaver:hitEntity:50]: dealing 12 damage
[20:15:05] [Server thread/INFO] [STDOUT]: [com.sweeblyn.srpwarriorsarmaments.items.ItemBlazesteelCleaver:hitEntity:50]: dealing 12 damage
[20:15:10] [Server thread/INFO] [STDOUT]: [com.sweeblyn.srpwarriorsarmaments.items.ItemBlazesteelCleaver:hitEntity:50]: dealing 3 damage
[20:15:10] [Server thread/INFO] [STDOUT]: [com.sweeblyn.srpwarriorsarmaments.items.ItemBlazesteelCleaver:hitEntity:50]: dealing 3 damage
[20:15:10] [Server thread/INFO] [STDOUT]: [com.sweeblyn.srpwarriorsarmaments.items.ItemBlazesteelCleaver:hitEntity:50]: dealing 3 damage
[20:15:11] [Server thread/INFO] [STDOUT]: [com.sweeblyn.srpwarriorsarmaments.items.ItemBlazesteelCleaver:hitEntity:50]: dealing 6 damage
[20:15:11] [Server thread/INFO] [STDOUT]: [com.sweeblyn.srpwarriorsarmaments.items.ItemBlazesteelCleaver:hitEntity:50]: dealing 6 damage
[20:15:11] [Server thread/INFO] [STDOUT]: [com.sweeblyn.srpwarriorsarmaments.items.ItemBlazesteelCleaver:hitEntity:50]: dealing 6 damage
[20:15:14] [Server thread/INFO] [STDOUT]: [com.sweeblyn.srpwarriorsarmaments.items.ItemBlazesteelCleaver:hitEntity:50]: dealing 27 damage
[20:15:14] [Server thread/INFO] [STDOUT]: [com.sweeblyn.srpwarriorsarmaments.items.ItemBlazesteelCleaver:hitEntity:50]: dealing 27 damage
[20:15:14] [Server thread/INFO] [STDOUT]: [com.sweeblyn.srpwarriorsarmaments.items.ItemBlazesteelCleaver:hitEntity:50]: dealing 27 damage
[20:15:16] [Server thread/INFO] [STDOUT]: [com.sweeblyn.srpwarriorsarmaments.items.ItemBlazesteelCleaver:hitEntity:50]: dealing 27 damage
[20:15:16] [Server thread/INFO] [STDOUT]: [com.sweeblyn.srpwarriorsarmaments.items.ItemBlazesteelCleaver:hitEntity:50]: dealing 27 damage
[20:15:16] [Server thread/INFO] [STDOUT]: [com.sweeblyn.srpwarriorsarmaments.items.ItemBlazesteelCleaver:hitEntity:50]: dealing 27 damage
[20:15:16] [Server thread/INFO] [net.minecraft.server.MinecraftServer]: [@: Killed Scent]
[20:15:16] [Client thread/INFO] [net.minecraft.client.gui.GuiNewChat]: [CHAT] [@: Killed Scent]
[20:15:17] [Server thread/INFO] [STDOUT]: [com.sweeblyn.srpwarriorsarmaments.items.ItemBlazesteelCleaver:hitEntity:50]: dealing 27 damage
[20:15:17] [Server thread/INFO] [STDOUT]: [com.sweeblyn.srpwarriorsarmaments.items.ItemBlazesteelCleaver:hitEntity:50]: dealing 27 damage
[20:15:17] [Server thread/INFO] [STDOUT]: [com.sweeblyn.srpwarriorsarmaments.items.ItemBlazesteelCleaver:hitEntity:50]: dealing 27 damage
[20:15:17] [Server thread/INFO] [net.minecraft.server.MinecraftServer]: [@: Killed Scent]
[20:15:17] [Client thread/INFO] [net.minecraft.client.gui.GuiNewChat]: [CHAT] [@: Killed Scent]
[20:15:18] [Server thread/INFO] [STDOUT]: [com.sweeblyn.srpwarriorsarmaments.items.ItemBlazesteelCleaver:hitEntity:50]: dealing 27 damage
[20:15:18] [Server thread/INFO] [STDOUT]: [com.sweeblyn.srpwarriorsarmaments.items.ItemBlazesteelCleaver:hitEntity:50]: dealing 27 damage
[20:15:18] [Server thread/INFO] [STDOUT]: [com.sweeblyn.srpwarriorsarmaments.items.ItemBlazesteelCleaver:hitEntity:50]: dealing 27 damage
[20:15:18] [Server thread/INFO] [net.minecraft.server.MinecraftServer]: [@: Killed Scent]
[20:15:18] [Client thread/INFO] [net.minecraft.client.gui.GuiNewChat]: [CHAT] [@: Killed Scent]
[20:15:23] [Server thread/INFO] [net.minecraft.server.integrated.IntegratedServer]: Saving and pausing game...
[20:15:23] [Server thread/INFO] [net.minecraft.server.MinecraftServer]: Saving chunks for level 'New World'/overworld
[20:15:26] [Server thread/INFO] [STDOUT]: [com.sweeblyn.srpwarriorsarmaments.items.ItemBlazesteelCleaver:hitEntity:50]: dealing 0 damage
[20:15:26] [Server thread/INFO] [STDOUT]: [com.sweeblyn.srpwarriorsarmaments.items.ItemBlazesteelCleaver:hitEntity:50]: dealing 0 damage
[20:15:26] [Server thread/INFO] [STDOUT]: [com.sweeblyn.srpwarriorsarmaments.items.ItemBlazesteelCleaver:hitEntity:50]: dealing 0 damage
[20:15:26] [Server thread/INFO] [net.minecraft.server.MinecraftServer]: [@: Killed Beckon Stage I]
[20:15:26] [Server thread/INFO] [net.minecraft.server.MinecraftServer]: [@: Killed Scent]
[20:15:26] [Client thread/INFO] [net.minecraft.client.gui.GuiNewChat]: [CHAT] [@: Killed Beckon Stage I]
[20:15:26] [Client thread/INFO] [net.minecraft.client.gui.GuiNewChat]: [CHAT] [@: Killed Scent]
[20:15:42] [Server thread/INFO] [STDOUT]: [com.sweeblyn.srpwarriorsarmaments.items.ItemBlazesteelCleaver:hitEntity:50]: dealing 6 damage
[20:15:42] [Server thread/INFO] [STDOUT]: [com.sweeblyn.srpwarriorsarmaments.items.ItemBlazesteelCleaver:hitEntity:50]: dealing 6 damage
[20:15:42] [Server thread/INFO] [STDOUT]: [com.sweeblyn.srpwarriorsarmaments.items.ItemBlazesteelCleaver:hitEntity:50]: dealing 6 damage
[20:15:44] [Server thread/INFO] [STDOUT]: [com.sweeblyn.srpwarriorsarmaments.items.ItemBlazesteelCleaver:hitEntity:50]: dealing 0 damage
[20:15:44] [Server thread/INFO] [STDOUT]: [com.sweeblyn.srpwarriorsarmaments.items.ItemBlazesteelCleaver:hitEntity:50]: dealing 0 damage
[20:15:44] [Server thread/INFO] [STDOUT]: [com.sweeblyn.srpwarriorsarmaments.items.ItemBlazesteelCleaver:hitEntity:50]: dealing 0 damage
[20:15:45] [Server thread/INFO] [STDOUT]: [com.sweeblyn.srpwarriorsarmaments.items.ItemBlazesteelCleaver:hitEntity:50]: dealing 0 damage
[20:15:45] [Server thread/INFO] [STDOUT]: [com.sweeblyn.srpwarriorsarmaments.items.ItemBlazesteelCleaver:hitEntity:50]: dealing 0 damage
[20:15:45] [Server thread/INFO] [STDOUT]: [com.sweeblyn.srpwarriorsarmaments.items.ItemBlazesteelCleaver:hitEntity:50]: dealing 0 damage
[20:15:47] [Server thread/INFO] [STDOUT]: [com.sweeblyn.srpwarriorsarmaments.items.ItemBlazesteelCleaver:hitEntity:50]: dealing 0 damage
[20:15:47] [Server thread/INFO] [STDOUT]: [com.sweeblyn.srpwarriorsarmaments.items.ItemBlazesteelCleaver:hitEntity:50]: dealing 0 damage
[20:15:47] [Server thread/INFO] [STDOUT]: [com.sweeblyn.srpwarriorsarmaments.items.ItemBlazesteelCleaver:hitEntity:50]: dealing 0 damage
[20:15:53] [Server thread/INFO] [STDOUT]: [com.sweeblyn.srpwarriorsarmaments.items.ItemBlazesteelCleaver:hitEntity:50]: dealing 18 damage
[20:15:53] [Server thread/INFO] [STDOUT]: [com.sweeblyn.srpwarriorsarmaments.items.ItemBlazesteelCleaver:hitEntity:50]: dealing 18 damage
[20:15:53] [Server thread/INFO] [STDOUT]: [com.sweeblyn.srpwarriorsarmaments.items.ItemBlazesteelCleaver:hitEntity:50]: dealing 18 damage
[20:16:01] [Server thread/INFO] [STDOUT]: [com.sweeblyn.srpwarriorsarmaments.items.ItemBlazesteelCleaver:hitEntity:50]: dealing 15 damage
[20:16:01] [Server thread/INFO] [STDOUT]: [com.sweeblyn.srpwarriorsarmaments.items.ItemBlazesteelCleaver:hitEntity:50]: dealing 15 damage
[20:16:01] [Server thread/INFO] [STDOUT]: [com.sweeblyn.srpwarriorsarmaments.items.ItemBlazesteelCleaver:hitEntity:50]: dealing 15 damage
[20:16:02] [Server thread/INFO] [STDOUT]: [com.sweeblyn.srpwarriorsarmaments.items.ItemBlazesteelCleaver:hitEntity:50]: dealing 18 damage
[20:16:02] [Server thread/INFO] [STDOUT]: [com.sweeblyn.srpwarriorsarmaments.items.ItemBlazesteelCleaver:hitEntity:50]: dealing 18 damage
[20:16:02] [Server thread/INFO] [STDOUT]: [com.sweeblyn.srpwarriorsarmaments.items.ItemBlazesteelCleaver:hitEntity:50]: dealing 18 damage
[20:16:03] [Server thread/INFO] [STDOUT]: [com.sweeblyn.srpwarriorsarmaments.items.ItemBlazesteelCleaver:hitEntity:50]: dealing 21 damage
[20:16:03] [Server thread/INFO] [STDOUT]: [com.sweeblyn.srpwarriorsarmaments.items.ItemBlazesteelCleaver:hitEntity:50]: dealing 21 damage
[20:16:03] [Server thread/INFO] [net.minecraft.server.MinecraftServer]: Player718 has made the advancement [Uprooter]
[20:16:03] [Server thread/INFO] [STDOUT]: [com.sweeblyn.srpwarriorsarmaments.items.ItemBlazesteelCleaver:hitEntity:50]: dealing 21 damage
[20:16:03] [Client thread/INFO] [net.minecraft.client.gui.GuiNewChat]: [CHAT] Player718 has made the advancement [Uprooter]
[20:16:04] [Client thread/INFO] [net.minecraft.advancements.AdvancementList]: Loaded 21 advancements
[20:18:22] [Server thread/INFO] [STDOUT]: [com.sweeblyn.srpwarriorsarmaments.items.ItemBlazesteelCleaver:hitEntity:50]: dealing 0 damage
[20:18:22] [Server thread/INFO] [STDOUT]: [com.sweeblyn.srpwarriorsarmaments.items.ItemBlazesteelCleaver:hitEntity:50]: dealing 0 damage
[20:18:22] [Server thread/INFO] [STDOUT]: [com.sweeblyn.srpwarriorsarmaments.items.ItemBlazesteelCleaver:hitEntity:50]: dealing 0 damage
[20:18:22] [Server thread/INFO] [net.minecraft.server.MinecraftServer]: [@: Killed Scent]
[20:18:22] [Client thread/INFO] [net.minecraft.client.gui.GuiNewChat]: [CHAT] [@: Killed Scent]
[20:18:31] [Server thread/INFO] [STDOUT]: [com.sweeblyn.srpwarriorsarmaments.items.ItemBlazesteelCleaver:hitEntity:50]: dealing 9 damage
[20:18:31] [Server thread/INFO] [STDOUT]: [com.sweeblyn.srpwarriorsarmaments.items.ItemBlazesteelCleaver:hitEntity:50]: dealing 9 damage
[20:18:31] [Server thread/INFO] [STDOUT]: [com.sweeblyn.srpwarriorsarmaments.items.ItemBlazesteelCleaver:hitEntity:50]: dealing 9 damage
[20:19:09] [Server thread/INFO] [STDOUT]: [com.sweeblyn.srpwarriorsarmaments.items.ItemBlazesteelCleaver:hitEntity:50]: dealing 0 damage
[20:19:09] [Server thread/INFO] [STDOUT]: [com.sweeblyn.srpwarriorsarmaments.items.ItemBlazesteelCleaver:hitEntity:50]: dealing 0 damage
[20:19:09] [Server thread/INFO] [STDOUT]: [com.sweeblyn.srpwarriorsarmaments.items.ItemBlazesteelCleaver:hitEntity:50]: dealing 0 damage
[20:19:10] [Server thread/INFO] [STDOUT]: [com.sweeblyn.srpwarriorsarmaments.items.ItemBlazesteelCleaver:hitEntity:50]: dealing 3 damage
[20:19:10] [Server thread/INFO] [STDOUT]: [com.sweeblyn.srpwarriorsarmaments.items.ItemBlazesteelCleaver:hitEntity:50]: dealing 3 damage
[20:19:10] [Server thread/INFO] [STDOUT]: [com.sweeblyn.srpwarriorsarmaments.items.ItemBlazesteelCleaver:hitEntity:50]: dealing 3 damage
[20:19:11] [Server thread/INFO] [STDOUT]: [com.sweeblyn.srpwarriorsarmaments.items.ItemBlazesteelCleaver:hitEntity:50]: dealing 6 damage
[20:19:11] [Server thread/INFO] [STDOUT]: [com.sweeblyn.srpwarriorsarmaments.items.ItemBlazesteelCleaver:hitEntity:50]: dealing 6 damage
[20:19:11] [Server thread/INFO] [STDOUT]: [com.sweeblyn.srpwarriorsarmaments.items.ItemBlazesteelCleaver:hitEntity:50]: dealing 6 damage
[20:19:11] [Server thread/INFO] [net.minecraft.server.MinecraftServer]: [@: Killed Scent]
[20:19:11] [Client thread/INFO] [net.minecraft.client.gui.GuiNewChat]: [CHAT] [@: Killed Scent]
[20:19:20] [Server thread/INFO] [STDOUT]: [com.sweeblyn.srpwarriorsarmaments.items.ItemBlazesteelCleaver:hitEntity:50]: dealing 6 damage
[20:19:20] [Server thread/INFO] [STDOUT]: [com.sweeblyn.srpwarriorsarmaments.items.ItemBlazesteelCleaver:hitEntity:50]: dealing 6 damage
[20:19:20] [Server thread/INFO] [STDOUT]: [com.sweeblyn.srpwarriorsarmaments.items.ItemBlazesteelCleaver:hitEntity:50]: dealing 6 damage
[20:20:20] [Server thread/INFO] [STDOUT]: [com.sweeblyn.srpwarriorsarmaments.items.ItemBlazesteelCleaver:hitEntity:50]: dealing 12 damage
[20:20:20] [Server thread/INFO] [STDOUT]: [com.sweeblyn.srpwarriorsarmaments.items.ItemBlazesteelCleaver:hitEntity:50]: dealing 12 damage
[20:20:20] [Server thread/INFO] [STDOUT]: [com.sweeblyn.srpwarriorsarmaments.items.ItemBlazesteelCleaver:hitEntity:50]: dealing 12 damage
[20:20:27] [Server thread/INFO] [STDOUT]: [com.sweeblyn.srpwarriorsarmaments.items.ItemBlazesteelCleaver:hitEntity:50]: dealing 12 damage
[20:20:27] [Server thread/INFO] [STDOUT]: [com.sweeblyn.srpwarriorsarmaments.items.ItemBlazesteelCleaver:hitEntity:50]: dealing 12 damage
[20:20:27] [Server thread/INFO] [STDOUT]: [com.sweeblyn.srpwarriorsarmaments.items.ItemBlazesteelCleaver:hitEntity:50]: dealing 12 damage
[20:20:28] [Server thread/INFO] [net.minecraft.server.MinecraftServer]: [@: Killed Scent]
[20:20:28] [Client thread/INFO] [net.minecraft.client.gui.GuiNewChat]: [CHAT] [@: Killed Scent]
[20:23:28] [Server thread/INFO] [net.minecraft.server.MinecraftServer]: [@: Killed Scent]
[20:23:28] [Client thread/INFO] [net.minecraft.client.gui.GuiNewChat]: [CHAT] [@: Killed Scent]
[20:23:35] [Server thread/INFO] [STDOUT]: [com.sweeblyn.srpwarriorsarmaments.items.ItemBlazesteelCleaver:hitEntity:50]: dealing 6 damage
[20:23:35] [Server thread/INFO] [STDOUT]: [com.sweeblyn.srpwarriorsarmaments.items.ItemBlazesteelCleaver:hitEntity:50]: dealing 6 damage
[20:23:35] [Server thread/INFO] [STDOUT]: [com.sweeblyn.srpwarriorsarmaments.items.ItemBlazesteelCleaver:hitEntity:50]: dealing 6 damage
[20:23:35] [Server thread/INFO] [net.minecraft.server.MinecraftServer]: [@: Killed Scent]
[20:23:35] [Client thread/INFO] [net.minecraft.client.gui.GuiNewChat]: [CHAT] [@: Killed Scent]
[20:23:39] [Server thread/INFO] [STDOUT]: [com.sweeblyn.srpwarriorsarmaments.items.ItemBlazesteelCleaver:hitEntity:50]: dealing 3 damage
[20:23:39] [Server thread/INFO] [STDOUT]: [com.sweeblyn.srpwarriorsarmaments.items.ItemBlazesteelCleaver:hitEntity:50]: dealing 3 damage
[20:23:39] [Server thread/INFO] [STDOUT]: [com.sweeblyn.srpwarriorsarmaments.items.ItemBlazesteelCleaver:hitEntity:50]: dealing 3 damage
[20:23:43] [Server thread/INFO] [STDOUT]: [com.sweeblyn.srpwarriorsarmaments.items.ItemBlazesteelCleaver:hitEntity:50]: dealing 0 damage
[20:23:43] [Server thread/INFO] [STDOUT]: [com.sweeblyn.srpwarriorsarmaments.items.ItemBlazesteelCleaver:hitEntity:50]: dealing 0 damage
[20:23:43] [Server thread/INFO] [STDOUT]: [com.sweeblyn.srpwarriorsarmaments.items.ItemBlazesteelCleaver:hitEntity:50]: dealing 0 damage
[20:23:44] [Server thread/INFO] [STDOUT]: [com.sweeblyn.srpwarriorsarmaments.items.ItemBlazesteelCleaver:hitEntity:50]: dealing 3 damage
[20:23:44] [Server thread/INFO] [STDOUT]: [com.sweeblyn.srpwarriorsarmaments.items.ItemBlazesteelCleaver:hitEntity:50]: dealing 3 damage
[20:23:44] [Server thread/INFO] [STDOUT]: [com.sweeblyn.srpwarriorsarmaments.items.ItemBlazesteelCleaver:hitEntity:50]: dealing 3 damage
[20:23:45] [Server thread/INFO] [STDOUT]: [com.sweeblyn.srpwarriorsarmaments.items.ItemBlazesteelCleaver:hitEntity:50]: dealing 6 damage
[20:23:45] [Server thread/INFO] [STDOUT]: [com.sweeblyn.srpwarriorsarmaments.items.ItemBlazesteelCleaver:hitEntity:50]: dealing 6 damage
[20:23:45] [Server thread/INFO] [STDOUT]: [com.sweeblyn.srpwarriorsarmaments.items.ItemBlazesteelCleaver:hitEntity:50]: dealing 6 damage
[20:23:45] [Server thread/INFO] [net.minecraft.server.MinecraftServer]: [@: Killed Scent]
[20:23:45] [Client thread/INFO] [net.minecraft.client.gui.GuiNewChat]: [CHAT] [@: Killed Scent]
[20:23:48] [Server thread/INFO] [STDOUT]: [com.sweeblyn.srpwarriorsarmaments.items.ItemBlazesteelCleaver:hitEntity:50]: dealing 0 damage
[20:23:48] [Server thread/INFO] [STDOUT]: [com.sweeblyn.srpwarriorsarmaments.items.ItemBlazesteelCleaver:hitEntity:50]: dealing 0 damage
[20:23:48] [Server thread/INFO] [STDOUT]: [com.sweeblyn.srpwarriorsarmaments.items.ItemBlazesteelCleaver:hitEntity:50]: dealing 0 damage
[20:23:49] [Server thread/INFO] [STDOUT]: [com.sweeblyn.srpwarriorsarmaments.items.ItemBlazesteelCleaver:hitEntity:50]: dealing 3 damage
[20:23:49] [Server thread/INFO] [STDOUT]: [com.sweeblyn.srpwarriorsarmaments.items.ItemBlazesteelCleaver:hitEntity:50]: dealing 3 damage
[20:23:49] [Server thread/INFO] [STDOUT]: [com.sweeblyn.srpwarriorsarmaments.items.ItemBlazesteelCleaver:hitEntity:50]: dealing 3 damage
[20:23:52] [Server thread/INFO] [STDOUT]: [com.sweeblyn.srpwarriorsarmaments.items.ItemBlazesteelCleaver:hitEntity:50]: dealing 0 damage
[20:23:52] [Server thread/INFO] [STDOUT]: [com.sweeblyn.srpwarriorsarmaments.items.ItemBlazesteelCleaver:hitEntity:50]: dealing 0 damage
[20:23:52] [Server thread/INFO] [STDOUT]: [com.sweeblyn.srpwarriorsarmaments.items.ItemBlazesteelCleaver:hitEntity:50]: dealing 0 damage
[20:23:53] [Server thread/INFO] [STDOUT]: [com.sweeblyn.srpwarriorsarmaments.items.ItemBlazesteelCleaver:hitEntity:50]: dealing 3 damage
[20:23:53] [Server thread/INFO] [STDOUT]: [com.sweeblyn.srpwarriorsarmaments.items.ItemBlazesteelCleaver:hitEntity:50]: dealing 3 damage
[20:23:53] [Server thread/INFO] [STDOUT]: [com.sweeblyn.srpwarriorsarmaments.items.ItemBlazesteelCleaver:hitEntity:50]: dealing 3 damage
[20:23:54] [Server thread/INFO] [STDOUT]: [com.sweeblyn.srpwarriorsarmaments.items.ItemBlazesteelCleaver:hitEntity:50]: dealing 6 damage
[20:23:54] [Server thread/INFO] [STDOUT]: [com.sweeblyn.srpwarriorsarmaments.items.ItemBlazesteelCleaver:hitEntity:50]: dealing 6 damage
[20:23:54] [Server thread/INFO] [STDOUT]: [com.sweeblyn.srpwarriorsarmaments.items.ItemBlazesteelCleaver:hitEntity:50]: dealing 6 damage
[20:23:54] [Server thread/INFO] [net.minecraft.server.MinecraftServer]: [@: Killed Scent]
[20:23:54] [Client thread/INFO] [net.minecraft.client.gui.GuiNewChat]: [CHAT] [@: Killed Scent]
[20:25:38] [Server thread/INFO] [STDOUT]: [com.sweeblyn.srpwarriorsarmaments.items.ItemBlazesteelCleaver:hitEntity:50]: dealing 0 damage
[20:25:38] [Server thread/INFO] [STDOUT]: [com.sweeblyn.srpwarriorsarmaments.items.ItemBlazesteelCleaver:hitEntity:50]: dealing 0 damage
[20:25:38] [Server thread/INFO] [STDOUT]: [com.sweeblyn.srpwarriorsarmaments.items.ItemBlazesteelCleaver:hitEntity:50]: dealing 0 damage
[20:25:39] [Server thread/INFO] [STDOUT]: [com.sweeblyn.srpwarriorsarmaments.items.ItemBlazesteelCleaver:hitEntity:50]: dealing 3 damage
[20:25:39] [Server thread/INFO] [STDOUT]: [com.sweeblyn.srpwarriorsarmaments.items.ItemBlazesteelCleaver:hitEntity:50]: dealing 3 damage
[20:25:39] [Server thread/INFO] [STDOUT]: [com.sweeblyn.srpwarriorsarmaments.items.ItemBlazesteelCleaver:hitEntity:50]: dealing 3 damage
[20:25:49] [Server thread/INFO] [STDOUT]: [com.sweeblyn.srpwarriorsarmaments.items.ItemBlazesteelCleaver:hitEntity:50]: dealing 0 damage
[20:25:49] [Server thread/INFO] [STDOUT]: [com.sweeblyn.srpwarriorsarmaments.items.ItemBlazesteelCleaver:hitEntity:50]: dealing 0 damage
[20:25:49] [Server thread/INFO] [STDOUT]: [com.sweeblyn.srpwarriorsarmaments.items.ItemBlazesteelCleaver:hitEntity:50]: dealing 0 damage
[20:25:50] [Server thread/INFO] [STDOUT]: [com.sweeblyn.srpwarriorsarmaments.items.ItemBlazesteelCleaver:hitEntity:50]: dealing 3 damage
[20:25:50] [Server thread/INFO] [STDOUT]: [com.sweeblyn.srpwarriorsarmaments.items.ItemBlazesteelCleaver:hitEntity:50]: dealing 3 damage
[20:25:50] [Server thread/INFO] [STDOUT]: [com.sweeblyn.srpwarriorsarmaments.items.ItemBlazesteelCleaver:hitEntity:50]: dealing 3 damage
[20:25:54] [Server thread/INFO] [STDOUT]: [com.sweeblyn.srpwarriorsarmaments.items.ItemBlazesteelCleaver:hitEntity:50]: dealing 0 damage
[20:25:54] [Server thread/INFO] [STDOUT]: [com.sweeblyn.srpwarriorsarmaments.items.ItemBlazesteelCleaver:hitEntity:50]: dealing 0 damage
[20:25:54] [Server thread/INFO] [STDOUT]: [com.sweeblyn.srpwarriorsarmaments.items.ItemBlazesteelCleaver:hitEntity:50]: dealing 0 damage
[20:25:56] [Server thread/INFO] [STDOUT]: [com.sweeblyn.srpwarriorsarmaments.items.ItemBlazesteelCleaver:hitEntity:50]: dealing 0 damage
[20:25:56] [Server thread/INFO] [STDOUT]: [com.sweeblyn.srpwarriorsarmaments.items.ItemBlazesteelCleaver:hitEntity:50]: dealing 0 damage
[20:25:56] [Server thread/INFO] [STDOUT]: [com.sweeblyn.srpwarriorsarmaments.items.ItemBlazesteelCleaver:hitEntity:50]: dealing 0 damage
[20:25:56] [Server thread/INFO] [net.minecraft.server.MinecraftServer]: [@: Killed Scent]
[20:25:56] [Client thread/INFO] [net.minecraft.client.gui.GuiNewChat]: [CHAT] [@: Killed Scent]
[20:26:01] [Server thread/INFO] [STDOUT]: [com.sweeblyn.srpwarriorsarmaments.items.ItemBlazesteelCleaver:hitEntity:50]: dealing 0 damage
[20:26:01] [Server thread/INFO] [STDOUT]: [com.sweeblyn.srpwarriorsarmaments.items.ItemBlazesteelCleaver:hitEntity:50]: dealing 0 damage
[20:26:01] [Server thread/INFO] [STDOUT]: [com.sweeblyn.srpwarriorsarmaments.items.ItemBlazesteelCleaver:hitEntity:50]: dealing 0 damage
[20:26:02] [Server thread/INFO] [STDOUT]: [com.sweeblyn.srpwarriorsarmaments.items.ItemBlazesteelCleaver:hitEntity:50]: dealing 3 damage
[20:26:02] [Server thread/INFO] [STDOUT]: [com.sweeblyn.srpwarriorsarmaments.items.ItemBlazesteelCleaver:hitEntity:50]: dealing 3 damage
[20:26:02] [Server thread/INFO] [STDOUT]: [com.sweeblyn.srpwarriorsarmaments.items.ItemBlazesteelCleaver:hitEntity:50]: dealing 3 damage
[20:26:05] [Server thread/INFO] [STDOUT]: [com.sweeblyn.srpwarriorsarmaments.items.ItemBlazesteelCleaver:hitEntity:50]: dealing 0 damage
[20:26:05] [Server thread/INFO] [STDOUT]: [com.sweeblyn.srpwarriorsarmaments.items.ItemBlazesteelCleaver:hitEntity:50]: dealing 0 damage
[20:26:05] [Server thread/INFO] [STDOUT]: [com.sweeblyn.srpwarriorsarmaments.items.ItemBlazesteelCleaver:hitEntity:50]: dealing 0 damage
[20:26:05] [Server thread/INFO] [STDOUT]: [com.sweeblyn.srpwarriorsarmaments.items.ItemBlazesteelCleaver:hitEntity:50]: dealing 0 damage
[20:26:05] [Server thread/INFO] [STDOUT]: [com.sweeblyn.srpwarriorsarmaments.items.ItemBlazesteelCleaver:hitEntity:50]: dealing 0 damage
[20:26:05] [Server thread/INFO] [STDOUT]: [com.sweeblyn.srpwarriorsarmaments.items.ItemBlazesteelCleaver:hitEntity:50]: dealing 0 damage
[20:26:05] [Server thread/INFO] [STDOUT]: [com.sweeblyn.srpwarriorsarmaments.items.ItemBlazesteelCleaver:hitEntity:50]: dealing 3 damage
[20:26:05] [Server thread/INFO] [STDOUT]: [com.sweeblyn.srpwarriorsarmaments.items.ItemBlazesteelCleaver:hitEntity:50]: dealing 3 damage
[20:26:05] [Server thread/INFO] [STDOUT]: [com.sweeblyn.srpwarriorsarmaments.items.ItemBlazesteelCleaver:hitEntity:50]: dealing 3 damage
[20:26:06] [Server thread/INFO] [STDOUT]: [com.sweeblyn.srpwarriorsarmaments.items.ItemBlazesteelCleaver:hitEntity:50]: dealing 0 damage
[20:26:06] [Server thread/INFO] [STDOUT]: [com.sweeblyn.srpwarriorsarmaments.items.ItemBlazesteelCleaver:hitEntity:50]: dealing 0 damage
[20:26:06] [Server thread/INFO] [STDOUT]: [com.sweeblyn.srpwarriorsarmaments.items.ItemBlazesteelCleaver:hitEntity:50]: dealing 0 damage
[20:26:06] [Server thread/INFO] [STDOUT]: [com.sweeblyn.srpwarriorsarmaments.items.ItemBlazesteelCleaver:hitEntity:50]: dealing 0 damage
[20:26:06] [Server thread/INFO] [STDOUT]: [com.sweeblyn.srpwarriorsarmaments.items.ItemBlazesteelCleaver:hitEntity:50]: dealing 0 damage
[20:26:06] [Server thread/INFO] [STDOUT]: [com.sweeblyn.srpwarriorsarmaments.items.ItemBlazesteelCleaver:hitEntity:50]: dealing 0 damage
[20:26:07] [Server thread/INFO] [STDOUT]: [com.sweeblyn.srpwarriorsarmaments.items.ItemBlazesteelCleaver:hitEntity:50]: dealing 0 damage
[20:26:07] [Server thread/INFO] [STDOUT]: [com.sweeblyn.srpwarriorsarmaments.items.ItemBlazesteelCleaver:hitEntity:50]: dealing 0 damage
[20:26:07] [Server thread/INFO] [STDOUT]: [com.sweeblyn.srpwarriorsarmaments.items.ItemBlazesteelCleaver:hitEntity:50]: dealing 0 damage
[20:26:07] [Server thread/INFO] [STDOUT]: [com.sweeblyn.srpwarriorsarmaments.items.ItemBlazesteelCleaver:hitEntity:50]: dealing 3 damage
[20:26:07] [Server thread/INFO] [STDOUT]: [com.sweeblyn.srpwarriorsarmaments.items.ItemBlazesteelCleaver:hitEntity:50]: dealing 3 damage
[20:26:07] [Server thread/INFO] [STDOUT]: [com.sweeblyn.srpwarriorsarmaments.items.ItemBlazesteelCleaver:hitEntity:50]: dealing 3 damage
[20:26:07] [Server thread/INFO] [STDOUT]: [com.sweeblyn.srpwarriorsarmaments.items.ItemBlazesteelCleaver:hitEntity:50]: dealing 6 damage
[20:26:07] [Server thread/INFO] [STDOUT]: [com.sweeblyn.srpwarriorsarmaments.items.ItemBlazesteelCleaver:hitEntity:50]: dealing 6 damage
[20:26:07] [Server thread/INFO] [STDOUT]: [com.sweeblyn.srpwarriorsarmaments.items.ItemBlazesteelCleaver:hitEntity:50]: dealing 6 damage
